snp,maf,r2
0,0.2342814371257485,0.996556891400568
9,0.054890219560878244,0.783227427893316
11,0.000499001996007984,6.815543511075229e-07
16,0.27844311377245506,0.9999780779154502
21,0.1664171656686627,0.995883683933468
30,0.000249500998003992,0.0
33,0.004491017964071856,0.9768605492313658
37,0.2055888223552894,0.997355844241119
39,0.000499001996007984,0.0
41,0.19860279441117765,0.9826090043791741
43,0.00124750499001996,0.9999999409876601
47,0.1724051896207585,0.9999740083615007
48,0.000499001996007984,0.0
50,0.280439121756487,0.9973522050028012
60,0.25673652694610777,0.984676293854792
63,0.000499001996007984,0.0
66,0.26347305389221554,0.9991479648538146
71,0.001996007984031936,0.0
82,0.000249500998003992,0.0
83,0.000499001996007984,0.0
84,0.003243512974051896,0.9819201264155983
96,0.003992015968063872,0.03199238605153491
102,0.2719560878243513,0.9987248861924057
111,0.00998003992015968,0.1343411136568805
112,0.0027445109780439123,0.0
119,0.45933133732534925,0.9814202249899434
120,0.14870259481037923,0.9871492323080495
122,0.000249500998003992,0.0
124,0.45059880239520955,0.9873570719176507
133,0.34830339321357284,0.9907524935153503
135,0.14845309381237526,0.9977080639521394
139,0.11726546906187625,0.9995609970631073
140,0.11726546906187625,0.9995609974806631
149,0.000998003992015968,0.7428723184873027
152,0.14520958083832336,0.9878696482460229
157,0.16392215568862276,0.9881550007990579
158,0.008483033932135729,0.14436468579760114
161,0.005988023952095809,0.429326725997545
163,0.11077844311377245,0.9750886087940156
164,0.000249500998003992,9.049151158831568e-05
168,0.17140718562874252,0.9999564848589719
169,0.006736526946107785,0.056593066735264146
174,0.46132734530938124,0.9903341966254244
175,0.005988023952095809,0.04113454851546082
176,0.17115768463073852,0.9754908632563601
181,0.16841317365269462,0.9999995971216401
182,0.11452095808383234,0.9825861042250977
188,0.4510978043912176,0.983821084364619
191,0.00124750499001996,0.0
193,0.13697604790419163,0.9954008238214244
195,0.12150698602794412,0.9842188239039702
197,0.17165668662674652,0.9751901000345476
200,0.11676646706586827,0.990921081001384
202,0.014221556886227544,0.9999996731347528
204,0.1936127744510978,0.9599573233751442
207,0.0007485029940119761,0.12324573239195745
214,0.000499001996007984,0.0
215,0.2662175648702595,0.12608319388455339
219,0.0007485029940119761,0.0
223,0.000249500998003992,0.0
224,0.21082834331337325,0.9451508543425838
226,0.000249500998003992,0.0
235,0.2025948103792415,0.9999999255414747
237,0.000499001996007984,0.0
239,0.47430139720558884,0.965641276382999
242,0.19011976047904192,0.9591753658185408
244,0.24700598802395213,0.9977260811232589
248,0.000249500998003992,0.0
250,0.07634730538922156,0.9729287543309255
251,0.000249500998003992,0.0
252,0.0531437125748503,0.9994730496877001
255,0.00249500998003992,0.0
258,0.3018962075848304,0.999997130163929
260,0.20409181636726548,0.9842332311272667
270,0.05289421157684631,0.9999999984210957
276,0.000249500998003992,0.0
279,0.0014970059880239522,1.3133110411650208e-05
280,0.2584830339321357,0.9375094986671446
285,0.08857285429141716,0.9999848586855509
287,0.06511976047904192,0.9773552760239037
294,0.000249500998003992,0.0
295,0.000249500998003992,0.0
296,0.001746506986027944,0.0
297,0.001746506986027944,0.1898649195421087
300,0.000499001996007984,0.0
301,0.2969061876247505,0.004325023766058815
302,0.000249500998003992,0.0
305,0.000998003992015968,0.0
306,0.000499001996007984,0.0
309,0.000249500998003992,0.0
318,0.000499001996007984,0.0
330,0.2250499001996008,0.9785807634652286
332,0.20484031936127745,0.9888462525552453
336,0.020958083832335328,0.49085050157700494
340,0.000499001996007984,0.0
342,0.08408183632734531,0.9515783234553811
343,0.06387225548902195,0.998712470813426
347,0.005738522954091816,0.6791521218786389
356,0.0014970059880239522,0.0
357,0.000249500998003992,0.0
358,0.3083832335329342,0.9999949726182361
362,0.000499001996007984,0.0
364,0.000249500998003992,0.0
374,0.03318363273453094,0.7335995455238609
377,0.001996007984031936,0.9999999821541562
379,0.001996007984031936,0.1896189962247178
380,0.10029940119760479,0.9078845174324647
383,0.002245508982035928,0.15338045655739707
384,0.00124750499001996,0.0
387,0.2090818363273453,0.9999998069494258
392,0.04915169660678643,0.9999121361840534
393,0.24700598802395213,0.9999999790824173
398,0.048652694610778445,0.9999999918239446
399,0.0007485029940119761,0.0
408,0.30988023952095806,0.9877765639355658
409,0.3380738522954092,0.9139991951983965
412,0.3924650698602794,0.9989351210293913
416,0.09605788423153692,0.9999713518003557
422,0.3061377245508982,0.9946420609344978
423,0.07060878243512975,0.9494223167244339
425,0.09481037924151696,0.9564790231103412
436,0.000499001996007984,0.0
441,0.3051397205588822,0.9876786763734966
447,0.015469061876247504,0.8420742164752583
449,0.2118263473053892,0.857644247973109
450,0.061377245508982034,0.5889075230499108
453,0.0054890219560878245,0.49799025246326273
455,0.000998003992015968,0.0
459,0.000249500998003992,0.0
460,0.001996007984031936,4.01964350581786e-06
462,0.0007485029940119761,0.0
463,0.000249500998003992,0.0
465,0.0027445109780439123,0.99999998478524
475,0.26172654690618763,0.9899516816332677
476,0.0007485029940119761,0.0
477,0.3156187624750499,0.9692795426327039
479,0.2647205588822355,0.9973423148702183
480,0.000249500998003992,0.0
481,0.000249500998003992,0.0
484,0.2801896207584831,0.9240553525323961
490,0.3143712574850299,0.9999978365822412
496,0.000249500998003992,0.0
497,0.0014970059880239522,0.0
498,0.25823353293413176,0.994589682187739
511,0.3532934131736527,0.9988230460894577
512,0.2654690618762475,0.9999997204082662
513,0.11177644710578842,0.637650584073498
517,0.00124750499001996,0.0
523,0.280189620758483,0.9999999953591925
524,0.27969061876247503,0.9984913606311454
528,0.26322355289421157,0.999999598089973
535,0.0007485029940119761,0.0
537,0.000249500998003992,4.4248077014118065e-06
538,0.002245508982035928,0.0
541,0.281187624750499,0.999999999987464
546,0.038672654690618764,0.9997941393970236
556,0.027694610778443114,0.6021763420732841
558,0.000249500998003992,0.0
561,0.006736526946107785,0.9999967697000617
564,0.36601796407185627,0.6838055426234609
566,0.000499001996007984,0.0
571,0.20209580838323354,0.9439833182849416
572,0.000249500998003992,0.0
576,0.4555888223552894,0.9602401545638378
580,0.14271457085828343,0.9711856183631777
585,0.2647205588822355,0.9999998540663881
588,0.03842315369261477,0.9998370496907979
592,0.09580838323353294,0.9377313124128528
601,0.003992015968063872,5.579900945910207e-06
604,0.35429141716566864,0.9696503782153119
606,0.4433632734530938,0.9897798465883347
607,0.001996007984031936,0.0
612,0.0007485029940119761,0.0
613,0.029191616766467067,0.9993617581247908
615,0.344311377245509,0.9999995227812054
618,0.07260479041916168,0.9028303574436354
619,0.4216566866267465,0.9845258589037673
620,0.0029940119760479044,0.7040594325184626
621,0.4316367265469062,0.991679078306939
631,0.002245508982035928,0.060628878966883806
632,0.0007485029940119761,0.9999999754278034
641,0.20059880239520958,0.9545532484349935
646,0.07410179640718563,0.9698937899542561
649,0.3804890219560878,0.9958392233535399
657,0.000249500998003992,0.0
658,0.0007485029940119761,0.0
659,0.1694111776447106,0.9808766683413471
660,0.000249500998003992,0.0
662,0.001996007984031936,0.3224357015616896
665,0.003992015968063872,0.16496925109086463
672,0.001996007984031936,0.0
679,0.0007485029940119761,0.0
680,0.000249500998003992,0.0
684,0.002245508982035928,0.0
685,0.008233532934131737,0.5242388521475364
686,0.002245508982035928,0.6622500349971325
688,0.004491017964071856,0.48239439840970993
692,0.02220558882235529,0.6294619933684108
696,0.030439121756487025,0.8283698078714961
700,0.011726546906187624,0.9997659850851306
702,0.11926147704590818,0.8505628005378891
703,0.000499001996007984,0.0
710,0.000249500998003992,0.0
711,0.06087824351297405,0.9999999949629987
713,0.03218562874251497,0.3635386172461098
718,0.4216566866267465,0.9999819128626984
724,0.0968063872255489,0.8737000269002758
730,0.16042914171656686,0.8893701809617873
732,0.000249500998003992,0.0
745,0.4865269461077844,0.9756187926578218
759,0.0037425149700598802,0.6641476728522159
761,0.000249500998003992,0.00019625994282954431
762,0.4922654690618763,0.9385167375799657
764,0.003992015968063872,0.748489421291339
776,0.4940119760479042,0.9999999117465539
780,0.312874251497006,0.9999995632789981
785,0.4940119760479042,0.9999999819667497
786,0.004491017964071856,0.9253710453100522
788,0.01746506986027944,0.9930024635524479
791,0.4940119760479042,0.9999999812906774
796,0.49925149700598803,0.9993742032196914
804,0.14620758483033933,0.9999999988030148
810,0.14620758483033933,0.9999788715391019
811,0.23927145708582834,0.935164597589345
815,0.000499001996007984,0.0
818,0.021956087824351298,0.18927860721291123
819,0.000249500998003992,0.0
820,0.43687624750499,0.9999997695900349
823,0.3096307385229541,0.9999993590157793
824,0.000249500998003992,0.0
836,0.000249500998003992,0.0
838,0.0029940119760479044,0.00028810876482659716
843,0.000499001996007984,0.5178499661895167
846,0.000249500998003992,0.0
852,0.18887225548902195,0.9857243941615017
855,0.000249500998003992,0.0
864,0.0007485029940119761,0.0
867,0.015469061876247504,0.9942439393768054
871,0.0027445109780439123,0.9999831556190595
873,0.16392215568862276,0.9857556750581346
874,0.035179640718562874,0.789622693984679
875,0.08383233532934131,0.875179710259618
878,0.0029940119760479044,0.7073459432940784
880,0.000249500998003992,0.0
883,0.29191616766467066,0.9818697245244723
903,0.000249500998003992,0.0
907,0.003992015968063872,0.0
908,0.000249500998003992,0.0
909,0.10853293413173648,0.9575013752240952
920,0.000249500998003992,0.0
925,0.000249500998003992,0.0
929,0.000249500998003992,0.0
930,0.006487025948103792,0.43250093231333636
935,0.000249500998003992,0.0
936,0.000249500998003992,0.0
937,0.000249500998003992,1.913045673967948e-05
938,0.00124750499001996,0.9999997442555678
939,0.007984031936127744,0.0
942,0.000249500998003992,0.0
944,0.3058882235528942,0.9890591015485247
949,0.28817365269461076,0.990199282869414
950,0.02719560878243513,0.41901982708011337
951,0.000249500998003992,0.0
957,0.0007485029940119761,0.0
961,0.0029940119760479044,0.12072412317207969
967,0.006986027944111776,0.9993883211501989
968,0.000249500998003992,0.0
970,0.000249500998003992,0.0
973,0.000249500998003992,0.0
974,0.10404191616766467,0.31784677710985915
975,0.000249500998003992,0.0
980,0.000499001996007984,0.0
985,0.0783433133732535,0.9998232378437745
989,0.00124750499001996,0.0
991,0.000249500998003992,0.0
996,0.000499001996007984,0.0
999,0.000249500998003992,0.0
1000,0.008982035928143712,0.3896357932662199
1001,0.000499001996007984,0.0
1008,0.15244510978043913,0.9750321377204609
1009,0.16192614770459082,0.9762918193953649
1019,0.1372255489021956,0.994867046731418
1020,0.00499001996007984,0.11306615813484727
1025,0.13872255489021956,0.9992747821555875
1028,0.13947105788423153,0.9803803386199545
1029,0.001996007984031936,0.8363289868866917
1031,0.0656187624750499,0.9999699690223314
1032,0.13922155688622753,0.9965836756567282
1037,0.15494011976047903,0.9969175212229594
1038,0.000249500998003992,0.0
1039,0.0007485029940119761,0.0
1043,0.01472055888223553,0.9999999732791924
1045,0.000249500998003992,0.0
1048,0.0042415169660678645,0.2424252298673389
1049,0.000249500998003992,0.0
1051,0.008982035928143712,0.9933822854502928
1053,0.015968063872255488,0.9999998129211677
1054,0.000499001996007984,0.0
1058,0.000249500998003992,0.0
1059,0.000249500998003992,0.0
1060,0.2155688622754491,0.9575038109653853
1061,0.015718562874251496,0.8870540420563491
1070,0.02719560878243513,0.8981648422041996
1072,0.07659680638722555,0.9419373222754696
1075,0.004491017964071856,0.0
1081,0.0686127744510978,0.9898022153844727
1083,0.003992015968063872,0.46676721263425475
1088,0.05414171656686627,0.9999999695435702
1094,0.0042415169660678645,0.46422529891400616
1095,0.05389221556886228,0.9999999987001913
1107,0.025199600798403193,0.7904179227479371
1108,0.0007485029940119761,0.011612114240570093
1109,0.00124750499001996,0.0
1110,0.341566866267465,0.7540072732027833
1122,0.03967065868263473,0.9319218692149777
1124,0.04790419161676647,0.6656342949800315
1126,0.06911177644710578,0.5466180078292576
1127,0.000499001996007984,0.0
1128,0.041916167664670656,0.9359368114247065
1133,0.002245508982035928,0.003319658579036068
1141,0.005738522954091816,0.28623520347371906
1144,0.006487025948103792,0.9999999406458238
1145,0.2759481037924152,0.9997152893939939
1146,0.000499001996007984,0.0
1147,0.16766467065868262,0.9882106777387455
1149,0.11501996007984032,0.9988675688689538
1151,0.11526946107784432,0.9712238375477795
1154,0.03218562874251497,0.8220445169314188
1169,0.07160678642714571,0.8347299594188825
1173,0.05888223552894212,0.9496223368293459
1174,0.08932135728542914,0.9242235991632223
1179,0.000249500998003992,0.0
1180,0.08033932135728543,0.9255160803511018
1184,0.2717065868263473,0.9927788556859986
1185,0.3962075848303393,0.9999999371988676
1187,0.045409181636726546,0.7997875736039254
1189,0.02944111776447106,0.7324352906322253
1193,0.017714570858283433,0.9991241790301234
1201,0.3872255489021956,0.9999996293923005
1204,0.000249500998003992,0.0
1205,0.4094311377245509,0.9591222237475775
1211,0.3537924151696607,0.9907415287629715
1213,0.0007485029940119761,0.0
1219,0.011726546906187624,0.49550263658201527
1227,0.27569860279441116,0.9999971370489696
1240,0.18537924151696608,0.9868409436096088
1241,0.03493013972055888,0.8093915345800681
1242,0.004491017964071856,0.29434704834959474
1243,0.24525948103792417,0.9830401489420646
1245,0.000499001996007984,0.0
1246,0.2213073852295409,0.961626846183716
1248,0.0042415169660678645,0.021158013152035755
1251,0.0014970059880239522,0.0
1253,0.2345309381237525,0.9720696172266459
1255,0.17115768463073852,0.9997131349815301
1263,0.0007485029940119761,0.0
1266,0.16417165668662675,0.9820674679173662
1274,0.005988023952095809,0.5426183713899561
1282,0.1501996007984032,0.9996502183000648
1284,0.13298403193612773,0.9999432401810606
1285,0.05688622754491018,0.9631100752373298
1286,0.15144710578842316,0.9999893417594647
1289,0.03567864271457086,0.9453169748561607
1300,0.313872255489022,0.9897797153970859
1301,0.4625748502994012,0.9911507003925284
1303,0.47130738522954096,0.9991573698357645
1304,0.46107784431137727,0.9978883284211155
1305,0.000998003992015968,0.0
1307,0.05389221556886228,0.5752891437124606
1311,0.000499001996007984,0.0
1313,0.0014970059880239522,0.0
1314,0.000249500998003992,0.0
1315,0.45758483033932135,0.9759843499986434
1316,0.000499001996007984,0.0
1318,0.41467065868263475,0.9951939018766416
1324,0.000998003992015968,4.020387446480634e-06
1326,0.001746506986027944,1.7783018374375347e-05
1331,0.4001996007984032,0.935182004395492
1332,0.11327345309381237,0.933891611027954
1335,0.0007485029940119761,0.0
1337,0.000249500998003992,0.0
1344,0.0054890219560878245,0.16833156935698965
1346,0.0007485029940119761,0.0
1350,0.0042415169660678645,0.0
1356,0.0029940119760479044,0.0
1358,0.005738522954091816,0.3088893076343098
1360,0.000499001996007984,0.0
1361,0.39620758483033935,0.985201868934801
1364,0.000998003992015968,0.01707417939335994
1366,0.005738522954091816,0.1357782510511017
1367,0.000499001996007984,0.0
1368,0.4408682634730539,0.9999993384742535
1371,0.4139221556886228,0.9933194439262272
1373,0.04216566866267465,0.7719895270885685
1374,0.0007485029940119761,0.0
1376,0.000998003992015968,0.0
1386,0.1339820359281437,0.6999479477314998
1388,0.08607784431137724,0.9730733480704414
1397,0.2856786427145709,0.947807184921461
1398,0.000249500998003992,0.0
1402,0.004740518962075849,0.2992537905092045
1403,0.49201596806387227,0.9830602129276076
1409,0.00249500998003992,0.901692962409478
1412,0.008483033932135729,0.8741023092109136
1414,0.008483033932135729,0.8741022868893621
1416,0.003493013972055888,0.6625905093040932
1417,0.040169660678642714,0.7635970484480437
1425,0.35803393213572854,0.984522351277585
1430,0.41891217564870264,0.9928749242010365
1431,0.39945109780439125,0.9999733246269357
1436,0.000249500998003992,0.0
1437,0.49875249500998003,0.9993321793237158
1438,0.000499001996007984,0.0
1445,0.0007485029940119761,0.0
1448,0.405938123752495,0.9972665460225462
1449,0.000249500998003992,0.0
1452,0.11477045908183632,0.9997351169731653
1457,0.000249500998003992,0.9999994979755111
1458,0.00124750499001996,0.0
1459,0.1155189620758483,0.9815886440806916
1461,0.11501996007984032,0.9999978629563089
1474,0.01347305389221557,0.7823019208877695
1476,0.000249500998003992,9.499846986316395e-05
1485,0.48303393213572854,0.9994669659854145
1488,0.0037425149700598802,0.0
1494,0.000499001996007984,0.0
1495,0.001746506986027944,0.9999999611806537
1496,0.10079840319361277,0.9953834599670429
1502,0.22030938123752494,0.9999664636195172
1512,0.22005988023952097,0.9998979824791421
1516,0.000249500998003992,0.0
1517,0.022954091816367265,0.9991830066377125
1522,0.000249500998003992,0.0
1528,0.046906187624750496,0.9880269818104574
1533,0.03942115768463074,0.9501107119372505
1535,0.0014970059880239522,0.0
1537,0.0062375249500998,5.0801499951664505e-06
1540,0.000499001996007984,0.0
1541,0.0007485029940119761,0.0
1543,0.125249500998004,0.9475991623444808
1544,0.001996007984031936,0.0
1550,0.125499001996008,0.9951554282582259
1551,0.000998003992015968,0.010557730946022758
1553,0.07035928143712575,0.9612303606982888
1554,0.125249500998004,0.9951793888161774
1556,0.12375249500998003,0.9427728405369923
1559,0.000249500998003992,0.0
1564,0.0029940119760479044,0.0
1565,0.00124750499001996,0.0
1567,0.12300399201596807,0.9388129071989044
1570,0.011726546906187624,0.8094822730156759
1576,0.0007485029940119761,0.0
1579,0.02719560878243513,0.9999999889228239
1580,0.00499001996007984,0.9990124391329801
1583,0.023203592814371257,0.9999119821949219
1595,0.0007485029940119761,0.0
1611,0.040419161676646706,0.9999999981622949
1615,0.0027445109780439123,0.3272753018567133
1627,0.0037425149700598802,0.9982285456156224
1628,0.000249500998003992,0.0
1631,0.11177644710578842,0.99998631147628
1633,0.0027445109780439123,0.8455028367998548
1638,0.05089820359281437,0.9999999723694752
1639,0.0014970059880239522,0.0
1640,0.19635728542914171,0.992237113761138
1644,0.000998003992015968,5.510133609870437e-05
1646,0.009231536926147704,0.9051053496962851
1647,0.009231536926147704,0.9051054070401401
1650,0.44710578842315374,0.9898205003210652
1653,0.000249500998003992,0.0
1656,0.03243512974051896,0.9990548566449412
1657,0.33308383233532934,0.9903348103383754
1659,0.00124750499001996,0.0
1660,0.000499001996007984,0.0
1667,0.022954091816367265,0.9930163858452327
1671,0.040419161676646706,0.9999999981622936
1672,0.040419161676646706,0.999999998162296
1678,0.000499001996007984,0.0
1680,0.0007485029940119761,0.0
1686,0.001996007984031936,0.0
1687,0.20708582834331338,0.9999845728551756
1690,0.000998003992015968,0.0
1693,0.19510978043912175,0.9987187099984294
1697,0.008982035928143712,0.4084748424292145
1703,0.4458582834331337,0.9789945874161603
1705,0.000499001996007984,0.0
1706,0.001746506986027944,0.0
1710,0.002245508982035928,0.9999998056118103
1711,0.000499001996007984,2.752958566765707e-05
1712,0.000249500998003992,0.0
1717,0.000249500998003992,0.0
1722,0.0014970059880239522,0.9875669314160025
1725,0.14296407185628743,0.9994175827224099
1738,0.002245508982035928,0.0
1740,0.3088822355289421,0.9811381465898819
1745,0.14271457085828343,0.9999884272893482
1746,0.000249500998003992,0.0
1750,0.027445109780439122,0.9323284013606755
1751,0.14221556886227546,0.9821154922920232
1752,0.00124750499001996,0.0001325386256626236
1756,0.000499001996007984,3.778041352960968e-05
1759,0.000249500998003992,0.0
1764,0.18363273453093812,0.9013259774151593
1782,0.35703592814371254,0.9361552698530305
1784,0.42465069860279436,0.9296361943080291
1785,0.17614770459081835,0.8936408120327584
1789,0.005738522954091816,0.0
1793,0.000249500998003992,0.0
1796,0.4907684630738523,0.9969147549596595
1798,0.4815369261477046,0.996890103936014
1799,0.1317365269461078,0.9603806741359238
1802,0.03318363273453094,0.9999999999122364
1805,0.0029940119760479044,7.960390981604933e-06
1806,0.13922155688622753,0.9244107147288385
1807,0.03293413173652695,0.9999999875455594
1808,0.010978043912175649,0.999968201911397
1809,0.13872255489021956,0.9101599086729201
1812,0.06437125748502993,0.9351146714524995
1815,0.48403193612774453,0.998780833254434
1829,0.49001996007984033,0.9996803958985983
1833,0.00124750499001996,0.0
1836,0.13697604790419163,0.9733241128953162
1843,0.000249500998003992,0.0
1845,0.344061876247505,0.9862109859869983
1846,0.001746506986027944,0.20341645267926425
1851,0.000998003992015968,0.0
1855,0.001996007984031936,0.9999999577222818
1857,0.003493013972055888,0.9621746556127959
1858,0.0007485029940119761,0.0
1859,0.003493013972055888,0.5399016378103549
1862,0.13597804391217566,0.9391219212625428
1866,0.000249500998003992,0.0
1871,0.000249500998003992,0.0
1873,0.0054890219560878245,0.0
1877,0.3365768463073852,0.9815722826123849
1884,0.0029940119760479044,0.0
1885,0.0029940119760479044,0.3623407940053426
1887,0.0037425149700598802,0.9556714548445444
1891,0.000249500998003992,0.0
1895,0.000499001996007984,0.0
1897,0.1783932135728543,0.81011947204017
1898,0.0007485029940119761,0.0
1899,0.000499001996007984,0.0
1902,0.000499001996007984,0.4990006846890995
1903,0.01621756487025948,0.5725272357878605
1905,0.000249500998003992,0.0
1907,0.0007485029940119761,0.0
1911,0.04116766467065868,0.9999986602671644
1913,0.33308383233532934,0.9606530340781204
1915,0.001996007984031936,0.9999999999999123
1916,0.3236027944111776,0.9468706739305504
1920,0.06287425149700598,0.9992528434022534
1921,0.0029940119760479044,0.1498931833358138
1924,0.008483033932135729,0.6770119062878196
1927,0.0998003992015968,0.9871329616635012
1928,0.09830339321357286,0.9867709503481762
1933,0.31187624750499005,0.9956462653682369
1936,0.0007485029940119761,0.0
1938,0.000249500998003992,0.0
1939,0.33433133732534925,0.9590298571892478
1940,0.1404690618762475,0.9991971440624916
1941,0.2405189620758483,0.9990496963435946
1946,0.000998003992015968,0.0
1949,0.31786427145708585,0.9213056022612846
1950,0.03792415169660679,0.9166547797114365
1951,0.03792415169660679,0.871081743286727
1953,0.15568862275449102,0.9784986492352977
1968,0.04441117764471058,0.956344215332187
1974,0.29291417165668665,0.8535385793594898
1975,0.005239520958083832,0.34756328187321905
1980,0.00124750499001996,0.2484775397533243
1992,0.38023952095808383,0.9657253109756856
1996,0.006736526946107785,0.7585500730668138
1997,0.000499001996007984,0.00029389511274241617
2001,0.021706586826347306,0.33719951954030597
2005,0.001996007984031936,0.9670341610844269
2009,0.009481037924151697,0.0006484606150186288
2012,0.3108782435129741,0.994568994349867
2016,0.000249500998003992,0.0
2024,0.000499001996007984,0.0
2026,0.001746506986027944,0.9989423521121228
2027,0.0054890219560878245,0.4422217670343312
2031,0.38647704590818366,0.9900094298750255
2032,0.38248502994011974,0.9973034714068564
2034,0.000249500998003992,0.0
2039,0.03468063872255489,0.5559979651787593
2041,0.045409181636726546,0.2600514448625679
2044,0.000499001996007984,0.0
2045,0.00249500998003992,0.00027810226770983646
2047,0.1906187624750499,0.9999999602292191
2048,0.19136726546906188,0.9999996253791645
2050,0.19111776447105788,0.999999978149673
2053,0.0014970059880239522,0.0
2054,0.000249500998003992,0.0
2058,0.000499001996007984,0.0
2059,0.000249500998003992,0.0
2062,0.054890219560878244,0.9990990919830294
2065,0.156686626746507,0.9807229960359545
2067,0.000249500998003992,0.0
2068,0.002245508982035928,0.10015743806908983
2069,0.051646706586826345,0.989722159647513
2077,0.14570858283433133,0.9999999996478064
2082,0.000998003992015968,0.0
2087,0.39246506986027946,0.9999450787287849
2090,0.000249500998003992,0.0
2093,0.44461077844311375,0.9743449080618528
2101,0.000499001996007984,0.0
2103,0.33308383233532934,0.9158577612932701
2105,0.3512974051896207,0.99787698079669
2106,0.34930139720558884,0.992237425813825
2107,0.0014970059880239522,0.0
2110,0.18363273453093812,0.9999405199433407
2114,0.34930139720558884,0.9945941361957661
2115,0.07435129740518961,0.9999999748788483
2118,0.0007485029940119761,0.0
2123,0.000249500998003992,0.0
2126,0.4209081836327345,0.9915857257502907
2129,0.31037924151696605,0.9944667466313786
2130,0.13997005988023953,0.9999999752532319
2131,0.005738522954091816,0.03915041364136659
2132,0.13997005988023953,0.9821210644443182
2134,0.003493013972055888,0.0
2139,0.10454091816367266,0.9999999023139919
2143,0.31262475049900196,0.9999921348162973
2147,0.00124750499001996,0.0
2151,0.000249500998003992,0.0
2152,0.000249500998003992,0.0
2154,0.0344311377245509,0.99999998705955
2156,0.0344311377245509,0.9999999870595526
2159,0.39196606786427146,0.9999995799816465
2160,0.0074850299401197605,0.0017560090280917423
2165,0.310129740518962,0.999999992953754
2168,0.3106287425149701,0.9904970842940934
2169,0.3096307385229541,0.9999999929537915
2171,0.3924650698602794,0.9997601630868427
2176,0.013972055888223553,0.03060823093753172
2181,0.310129740518962,0.990429522815486
2182,0.31037924151696605,0.999999999977105
2183,0.31037924151696605,0.9999999999628759
2184,0.31037924151696605,0.9904667414741744
2185,0.31037924151696605,0.9999999999628684
2186,0.3108782435129741,0.9999999994569106
2193,0.468313373253493,0.9946907691456196
2206,0.3937125748502994,0.9999976509008595
2207,0.3196107784431138,0.9999999994180921
2209,0.3196107784431138,0.999999999418091
2210,0.3937125748502994,0.9999976509008386
2218,0.312125748502994,0.9999999951528178
2220,0.3912175648702595,0.9999428259064643
2221,0.3098802395209581,0.9999999952084162
2223,0.01122754491017964,0.3715003377314178
2224,0.3196107784431138,0.9999999994180895
2228,0.000499001996007984,7.579933987140813e-06
2234,0.3934630738522954,0.9914924390778123
2237,0.000249500998003992,1.2150263182617608e-05
2245,0.000249500998003992,0.0
2246,0.31886227544910184,0.9999920095823561
2252,0.000499001996007984,0.0
2255,0.000249500998003992,0.0
2261,0.012724550898203593,0.005219736867716304
2262,0.008233532934131737,0.5154798605247889
2265,0.000249500998003992,0.0
2267,0.0656187624750499,0.8643626934143678
2273,0.001996007984031936,0.19837510413368503
2274,0.000499001996007984,0.0
2277,0.001746506986027944,0.0
2278,0.000249500998003992,3.658538913013818e-05
2279,0.000499001996007984,0.0
2280,0.000249500998003992,0.0
2281,0.18113772455089822,0.9999909315942173
2287,0.16442115768463073,0.9999888318106097
2295,0.000499001996007984,0.0
2301,0.07959081836327345,0.9545962855173845
2305,0.020708582834331336,0.999881252707414
2311,0.20184630738522955,0.9817500122554421
2312,0.000249500998003992,0.0
2315,0.000249500998003992,0.0
2316,0.10778443113772455,0.9818262744190827
2319,0.00249500998003992,0.0
2331,0.21457085828343314,0.9661262271176924
2333,0.07085828343313373,0.9999592888504301
2336,0.12350299401197605,0.9995921781123863
2337,0.12300399201596807,0.9913741506019518
2340,0.009231536926147704,0.7283138146204086
2341,0.13922155688622753,0.9970593490911276
2353,0.006487025948103792,0.28579370865198145
2357,0.061626746506986026,0.9999969416337293
2362,0.04790419161676647,0.8385048878940081
2365,0.000249500998003992,0.0
2373,0.008982035928143712,0.24808623306855349
2376,0.06312375249500998,0.9769897080642376
2382,0.0718562874251497,0.538921832153172
2383,0.46956087824351295,0.9999769064679462
2385,0.45833333333333337,0.9999877261773629
2389,0.45808383233532934,0.9999879041851432
2400,0.46032934131736525,0.9839215758085001
2401,0.00124750499001996,3.209518982245178e-05
2402,0.026696606786427147,0.672552049232887
2410,0.000499001996007984,0.0
2413,0.000249500998003992,4.056716242231523e-06
2420,0.4291417165668663,0.9963376695837792
2429,0.45359281437125754,0.9999999961059318
2430,0.45384231536926145,0.9999999965285105
2431,0.01122754491017964,0.03789206252846767
2435,0.4533433133732535,0.9845801671484439
2437,0.07335329341317365,0.9666653012472566
2439,0.000998003992015968,0.0
2441,0.000249500998003992,0.0
2443,0.0014970059880239522,0.0
2447,0.469810379241517,0.985367173292881
2449,0.49950099800399206,0.9999634434570536
2451,0.006736526946107785,0.3591512030298091
2455,0.04116766467065868,0.931417722335298
2458,0.4720558882235529,0.9973050757011018
2466,0.000249500998003992,0.0
2472,0.41242514970059885,0.989547493877846
2477,0.49326347305389223,0.9808154286500202
2480,0.010479041916167664,0.9649777990265469
2481,0.4638223552894212,0.9880018322626417
2484,0.004491017964071856,0.4872190580926851
2485,0.003243512974051896,0.8644605345539702
2493,0.36926147704590817,0.5372087126266122
2497,0.027694610778443114,0.1512771568768235
2498,0.000249500998003992,0.0
2499,0.4723053892215569,0.9814383307986426
2504,0.000499001996007984,0.0
2508,0.4650698602794411,0.9814462008360245
2511,0.03817365269461078,0.2218893902308308
2516,0.41691616766467066,0.9872020646896817
2525,0.1157684630738523,0.9999903314933684
2535,0.07110778443113773,0.659793960254304
2545,0.27894211576846306,0.9908054354234026
2547,0.000249500998003992,0.0
2551,0.0007485029940119761,0.9996077105048098
2555,0.03343313373253493,0.9963187175766542
2557,0.020459081836327345,0.7673194246237703
2559,0.1342315369261477,0.9999999883889461
2561,0.14595808383233533,0.9480888567779779
2563,0.0007485029940119761,0.0
2564,0.1344810379241517,0.9999825197365803
2569,0.3333333333333333,0.9967328720876375
2574,0.03567864271457086,0.9999999653944444
2579,0.028193612774451097,0.8860313078536249
2580,0.14895209580838323,0.9999999524238946
2584,0.000499001996007984,0.00010558935287275396
2593,0.14945109780439123,0.9999530924000891
2594,0.4476047904191617,0.9933191108597015
2596,0.001996007984031936,0.9985448340615881
2605,0.000249500998003992,0.0
2606,0.000249500998003992,0.0
2619,0.000249500998003992,0.0
2622,0.00124750499001996,6.087704794256811e-05
2623,0.3625249500998004,0.8685204660630058
2631,0.3036427145708583,0.9999950802101262
2633,0.09505988023952096,0.9109142591215572
2634,0.000249500998003992,0.0
2642,0.18662674650698602,0.8843657512249083
2643,0.47879241516966065,0.999996609645566
2645,0.48677644710578843,0.9920364164037045
2649,0.09431137724550898,0.9988728983734788
2653,0.23902195608782434,0.9745036706277506
2654,0.11801397205588822,0.8223416635613513
2666,0.000998003992015968,0.00042131318619905713
2673,0.4249001996007984,0.99999999999359
2674,0.23952095808383234,0.9962582833040907
2676,0.18812375249500998,0.8694597945549476
2678,0.33358283433133734,0.9999669642906118
2683,0.003493013972055888,0.3701105842926733
2685,0.4231536926147704,0.9999999941022748
2692,0.3333333333333333,0.9999673463305252
2694,0.2435129740518962,0.9999999938593387
2695,0.3333333333333333,0.9999673463343006
2696,0.4231536926147704,0.9999999941022624
2699,0.4231536926147704,0.9999999941022688
2705,0.4236526946107785,0.9999999925028233
2707,0.4303892215568862,0.9580948356975637
2708,0.4241516966067864,0.9999995046569162
2714,0.3323353293413174,0.9999982471251115
2721,0.4226546906187625,0.9999999856408572
2722,0.33208582834331335,0.9999991367349808
2726,0.4229041916167665,0.9999999996847355
2738,0.0007485029940119761,0.0
2745,0.4231536926147704,0.9999999950358505
2749,0.23902195608782434,0.9998322733385598
2759,0.3345808383233533,0.9999999978193306
2767,0.4216566866267465,0.9999999978245735
2768,0.4271457085828343,0.9999999980630527
2772,0.33857285429141715,0.999999985857853
2773,0.23527944111776447,0.9999999228243365
2774,0.000249500998003992,0.0
2778,0.000249500998003992,0.0
2786,0.42539920159680644,0.9990473506415596
2788,0.0007485029940119761,0.0001207550623876479
2793,0.23527944111776447,0.9999999940233886
2796,0.23003992015968064,0.9999476437452179
2798,0.43088822355289425,0.9990479808531826
2799,0.21781437125748504,0.9999989343735974
2800,0.21781437125748504,0.9999989343738293
2803,0.23228542914171657,0.9999729856998423
2804,0.001996007984031936,0.0
2806,0.000998003992015968,0.0
2808,0.23253493013972057,0.999955461187608
2809,0.23203592814371257,0.9883747723028915
2814,0.001996007984031936,0.0
2817,0.25249500998003993,0.9996293154723325
2819,0.23278443113772454,0.999999999769382
2829,0.00249500998003992,0.0
2831,0.11152694610778444,0.7293492223358896
2836,0.000249500998003992,0.0
2839,0.002245508982035928,0.9998990304164563
2842,0.01347305389221557,0.02982007051383673
2844,0.07784431137724551,0.7203538602797261
2851,0.3824850299401198,0.9894275079960534
2852,0.05963073852295409,0.9999999714660295
2853,0.060129740518962076,0.9999999256028678
2855,0.000249500998003992,0.00972525162213929
2856,0.002245508982035928,0.0
2857,0.0029940119760479044,0.9973578203138924
2859,0.000249500998003992,0.0
2862,0.059880239520958084,0.9999998677495111
2869,0.11352295409181637,0.9571370870657753
2870,0.003243512974051896,0.01236600261296913
2871,0.1125249500998004,0.9571370397655704
2874,0.1279940119760479,0.9944973784676251
2878,0.0014970059880239522,0.0
2880,0.003992015968063872,0.0
2881,0.26372255489021956,0.5522287565890363
2882,0.000249500998003992,0.0
2888,0.23003992015968067,0.6914433189446441
2892,0.23952095808383234,0.9899916752505207
2895,0.03817365269461078,0.6893742550500547
2897,0.20758483033932135,0.9848077704289979
2901,0.2377744510978044,0.9886219367806031
2902,0.20958083832335328,0.9857756888086904
2905,0.2280439121756487,0.9773912692628709
2910,0.18562874251497008,0.920957342124289
2914,0.46506986027944114,0.9935121400654596
2917,0.0014970059880239522,0.0
2923,0.35129740518962077,0.7675671694421172
2926,0.18762475049900199,0.5942025251241143
2927,0.0249500998003992,0.561537794997344
2932,0.00249500998003992,0.9978467973865464
2933,0.18038922155688622,0.6539671952273315
2934,0.2986526946107785,0.9601960295870221
2938,0.004740518962075849,0.9685739680073716
2939,0.00499001996007984,0.19917547795729862
2944,0.09306387225548902,0.9960025763153497
2946,0.02594810379241517,0.6315053105143053
2947,0.000249500998003992,0.0
2949,0.12225548902195608,0.9932797435923436
2950,0.005988023952095809,0.9999999987629855
2956,0.4565868263473054,0.9999634702606579
2957,0.013972055888223553,0.6498984266321415
2958,0.03143712574850299,0.9999900662893835
2960,0.000249500998003992,0.0
2968,0.12325349301397205,0.9692481744834827
2969,0.00249500998003992,0.0
2971,0.018463073852295408,0.7228576826903467
2973,0.4263972055888223,0.9904677288540366
2975,0.1858782435129741,0.9985470864342039
2979,0.24276447105788423,0.999746920230985
2980,0.2642215568862275,0.9952245743387281
2985,0.27445109780439125,0.9899406557486056
2989,0.4503493013972056,0.8158813612425273
2990,0.25923153692614775,0.9960760956441003
2995,0.000249500998003992,0.0
2998,0.06487025948103792,0.9647584003811093
2999,0.0007485029940119761,0.0
3001,0.007235528942115769,0.9991546817562391
3006,0.46482035928143717,0.9999885168030106
3008,0.000249500998003992,0.0
3017,0.0014970059880239522,4.92309503173314e-05
3019,0.4283932135728543,0.999999853985118
3021,0.4283932135728543,0.9999998539851203
3022,0.42864271457085823,0.9999998153921589
3029,0.42789421157684626,0.9999999998208107
3034,0.42764471057884235,0.9999998453160885
3039,0.22355289421157684,0.9994470256368341
3045,0.4281437125748503,0.9999999999611064
3046,0.4283932135728543,0.9999999996598041
3051,0.008233532934131737,0.33049692761475735
3053,0.4283932135728543,0.9943337125927603
3058,0.42764471057884235,0.9999922878124158
3060,0.42789421157684626,0.9999999742812581
3064,0.4273952095808383,0.9999999149482699
3065,0.42764471057884235,0.9999999963649195
3074,0.42789421157684626,0.9999999998569211
3082,0.000249500998003992,0.0
3083,0.4281437125748503,0.9999999998507199
3085,0.025199600798403193,0.9999998412320322
3089,0.000499001996007984,0.0
3090,0.000249500998003992,3.960697180874788e-06
3094,0.4231536926147704,0.9999999388475038
3098,0.000998003992015968,0.0
3101,0.000499001996007984,0.0
3102,0.4231536926147704,0.9999999998256293
3103,0.000249500998003992,0.0
3106,0.0014970059880239522,0.0
3109,0.4316367265469062,0.9999998745731763
3112,0.000249500998003992,1.2936070269632811e-05
3115,0.007235528942115769,0.999154681864734
3118,0.38323353293413176,0.9794892070615617
3122,0.20484031936127745,0.9651325040223324
3125,0.0062375249500998,0.9997818914332843
3133,0.000249500998003992,0.0
3136,0.38972055888223556,0.9595521682174658
3137,0.19635728542914177,0.984319695403579
3141,0.05913173652694611,0.9991205290877396
3146,0.07035928143712575,0.9999999870329825
3150,0.07035928143712575,0.9999999870329852
3156,0.1923652694610778,0.9987332176869786
3161,0.000998003992015968,0.009423236188055233
3162,0.25823353293413176,0.9999615885636821
3168,0.17015968063872255,0.9999997220713506
3185,0.000499001996007984,0.0
3188,0.000249500998003992,0.00015716720194368781
3194,0.02869261477045908,0.9663699804832251
3195,0.0007485029940119761,0.0
3197,0.15144710578842316,0.978301228694581
3202,0.4336327345309381,0.9812578280584952
3207,0.0187125748502994,0.459207932254509
3209,0.3315868263473054,0.9813523046313376
3210,0.000499001996007984,0.0
3218,0.013972055888223553,0.46774461719475086
3219,0.02694610778443114,0.9505447663110049
3223,0.00124750499001996,0.0
3224,0.00124750499001996,0.1967863205881306
3225,0.0007485029940119761,0.0
3230,0.000249500998003992,0.0
3234,0.00124750499001996,0.442067039825195
3235,0.030189620758483034,0.2871929016677384
3237,0.00499001996007984,0.9999997734375277
3241,0.045409181636726546,0.25888148981503745
3244,0.004740518962075849,0.07962158931466348
3247,0.000249500998003992,0.0
3250,0.4341317365269461,0.9038242243185103
3251,0.0007485029940119761,0.0
3255,0.09131736526946108,0.9998940367942465
3260,0.0007485029940119761,0.0
3264,0.000998003992015968,0.0
3265,0.000249500998003992,0.0
3266,0.000499001996007984,0.0
3267,0.000499001996007984,0.0
3270,0.312125748502994,0.9613641028463614
3272,0.15568862275449102,0.9383974874815345
3278,0.39620758483033935,0.849134214301646
3279,0.029191616766467067,0.8292333184744772
3281,0.000499001996007984,0.0
3290,0.000998003992015968,0.0
3296,0.005738522954091816,0.6056660037334919
3297,0.000499001996007984,0.0
3300,0.20808383233532934,0.9999468137250064
3302,0.000499001996007984,0.0
3303,0.11926147704590818,0.9974653059197394
3304,0.03792415169660679,0.9358021086371288
3306,0.3937125748502994,0.9661458491553927
3308,0.0027445109780439123,0.0
3310,0.19510978043912175,0.9999988853959185
3311,0.22629740518962077,0.9732874281877897
3312,0.031187624750499,0.9998832198862838
3315,0.031686626746506984,0.9419761993974224
3317,0.008982035928143712,0.5340448775739641
3324,0.19585828343313375,0.9999974927674856
3329,0.19535928143712575,0.9999937866656357
3331,0.11776447105788423,0.9971875396750239
3333,0.3008982035928144,0.9999998097588797
3337,0.11901197604790419,0.9982883123301592
3338,0.000249500998003992,0.0
3339,0.0014970059880239522,0.7298258157865466
3340,0.03218562874251497,0.9428887877067943
3341,0.000499001996007984,0.0
3348,0.012724550898203593,0.16251219752280416
3352,0.006986027944111776,0.1927009247148462
3358,0.343063872255489,0.9600449726165082
3359,0.000249500998003992,0.0
3360,0.218063872255489,0.9682313865078579
3365,0.03243512974051896,0.9405612581849326
3367,0.21906187624750498,0.9999750323232618
3368,0.03817365269461078,0.8828530587698763
3373,0.3253493013972056,0.997010196796143
3374,0.03243512974051896,0.9405613064413886
3378,0.000998003992015968,0.0
3387,0.24875249500998003,0.9888382013234747
3391,0.000249500998003992,0.00010686691930543582
3392,0.21282435129740518,0.999844857745605
3395,0.0037425149700598802,0.0
3397,0.000249500998003992,0.0
3400,0.156437125748503,0.8826522164478101
3401,0.15593812375249502,0.8828830983949185
3402,0.000249500998003992,0.0
3409,0.000249500998003992,0.0
3411,0.24451097804391217,0.9866716013990313
3414,0.26696606786427146,0.975099493748761
3417,0.06786427145708583,0.9999975505192741
3418,0.000499001996007984,0.0
3423,0.3884730538922156,0.9901195928352565
3424,0.007235528942115769,0.9950218557827849
3432,0.01721556886227545,0.6408446727434345
3433,0.04241516966067864,0.9988888200929713
3434,0.000499001996007984,0.0
3436,0.09006986027944112,0.8429367051937472
3437,0.000499001996007984,0.0
3444,0.00124750499001996,0.0
3450,0.03842315369261477,0.8935679414521952
3451,0.0014970059880239522,0.0
3456,0.020209580838323353,0.5756745720781726
3457,0.000249500998003992,0.0
3460,0.02969061876247505,0.8699190227081424
3469,0.000998003992015968,0.9999039599701004
3472,0.001996007984031936,0.706581918382572
3474,0.03218562874251497,0.6988084233433711
3478,0.1601796407185629,0.9887599850151714
3483,0.000499001996007984,6.150063757602613e-06
3484,0.007734530938123752,0.4077921702531841
3487,0.0029940119760479044,0.049870504126249625
3488,0.000499001996007984,0.24797409873654352
3493,0.0007485029940119761,0.4994290629864174
3501,0.000249500998003992,0.0
3502,0.000249500998003992,0.0
3505,0.21282435129740518,0.9985482700210354
3507,0.4723053892215569,0.7288159169108681
3508,0.030439121756487025,0.8533806754399327
3510,0.000249500998003992,0.0
3512,0.00249500998003992,0.022278224451058964
3514,0.0007485029940119761,0.0
3516,0.01472055888223553,0.1826937977998395
3523,0.04790419161676647,0.5432846985915067
3525,0.0027445109780439123,0.6505016955211775
3528,0.000249500998003992,0.0
3530,0.47904191616766467,0.8975978777222444
3533,0.000499001996007984,0.0
3534,0.11102794411177645,0.47493630490674593
3535,0.007984031936127744,0.9919556485614902
3536,0.000249500998003992,0.0
3546,0.4189121756487026,0.957544008732699
3549,0.006487025948103792,0.02238875354460401
3557,0.000499001996007984,0.0
3558,0.08483033932135728,0.9726906759340296
3560,0.0843313373253493,0.9999999796607296
3566,0.015469061876247504,0.30617537482885604
3574,0.2844311377245509,0.9999761320308883
3579,0.000998003992015968,0.0
3580,0.2836826347305389,0.9999999975924885
3581,0.001996007984031936,0.9999999864279325
3583,0.3819860279441118,0.9963131254915487
3596,0.3545409181636726,0.9999965360271192
3598,0.19910179640718562,0.9998150313799947
3602,0.38572854291417163,0.9686757650827986
3604,0.000249500998003992,4.060146999012513e-06
3611,0.18213572854291415,0.9876065171542969
3613,0.000249500998003992,9.461952633136253e-06
3615,0.009481037924151697,0.32866925603276426
3620,0.000249500998003992,0.0
3623,0.000249500998003992,0.0003410228592524497
3624,0.002245508982035928,0.999722794130522
3625,0.0037425149700598802,0.9999999751515564
3629,0.2776946107784431,0.9999993418376779
3630,0.000249500998003992,0.0
3631,0.14870259481037923,0.9821480716882083
3632,0.311127744510978,0.9870105127393805
3634,0.000249500998003992,0.0
3638,0.11801397205588822,0.9994507385740093
3640,0.015219560878243513,0.9999999871518821
3641,0.281936127744511,0.980713784374382
3642,0.25449101796407186,0.9814954711661593
3644,0.015968063872255488,0.9999995424558631
3651,0.24750499001996007,0.9577516404000971
3656,0.000499001996007984,0.0
3662,0.001746506986027944,0.12950146883712207
3678,0.09555888223552894,0.8081306653071213
3682,0.005988023952095809,0.9999514311731245
3685,0.06661676646706587,0.9650223596589113
3689,0.21606786427145708,0.8783802551998532
3703,0.0042415169660678645,0.9832989852384391
3708,0.2719560878243513,0.996020257828145
3709,0.3270958083832335,0.9986479359720225
3715,0.43637724550898205,0.989595659705434
3718,0.0014970059880239522,0.0
3721,0.000249500998003992,0.49632095203205034
3729,0.000998003992015968,0.0
3730,0.001746506986027944,0.10175892798413859
3731,0.06536926147704591,0.9999996489128831
3735,0.000249500998003992,0.0
3740,0.000249500998003992,0.0
3741,0.12100798403193613,0.9339857322517615
3758,0.12599800399201597,0.9999980255788128
3760,0.38997005988023953,0.9549832242145855
3765,0.02944111776447106,0.8241195950157967
3771,0.01472055888223553,0.9179537118482215
3775,0.010728542914171657,0.35731255265172596
3779,0.08333333333333333,0.6271337006894603
3781,0.002245508982035928,0.0005213041273249486
3782,0.4550898203592814,0.9919395659412704
3784,0.002245508982035928,0.5532548880291888
3790,0.000249500998003992,0.0
3791,0.15718562874251496,0.9999307657268846
3796,0.00124750499001996,0.24849710589856924
3798,0.22105788423153694,0.9982367140085818
3800,0.15818363273453093,0.9856756921750529
3803,0.003243512974051896,0.4990082311527013
3817,0.000998003992015968,0.1649966426362922
3820,0.000249500998003992,0.0
3821,0.000499001996007984,0.00012037418132272135
3822,0.0007485029940119761,1.2383450118382295e-05
3823,0.2250499001996008,0.9643177512828611
3824,0.000998003992015968,0.0
3836,0.0007485029940119761,0.0
3837,0.00124750499001996,0.0
3838,0.000249500998003992,0.0
3843,0.1601796407185629,0.9929172230235473
3844,0.010728542914171657,0.9775593821584403
3847,0.218562874251497,0.9984648680385295
3849,0.1601796407185629,0.9929172216966192
3853,0.0029940119760479044,0.9907136339108897
3854,0.010479041916167664,0.7497483453381946
3857,0.000998003992015968,3.0711428746140856e-05
3858,0.000249500998003992,0.0
3860,0.04640718562874251,0.5070808883767471
3869,0.2407684630738523,0.9714388067299761
3870,0.000499001996007984,0.0
3871,0.000499001996007984,0.0
3874,0.4166666666666667,0.9789036084806563
3882,0.2245508982035928,0.9991610323134398
3888,0.15194610778443118,0.9004461672960242
3890,0.18912175648702595,0.9951626611869994
3898,0.3592814371257485,0.9994312082632049
3900,0.000249500998003992,0.0
3903,0.36751497005988026,0.99945568621517
3904,0.000249500998003992,0.49632070543551327
3906,0.02245508982035928,0.7264139678168307
3912,0.0007485029940119761,0.0
3922,0.4283932135728543,0.9999995925113982
3932,0.20034930139720564,0.9999583560917537
3941,0.1913672654690619,0.9999999955052201
3943,0.2277944111776447,0.9926805839174545
3946,0.000249500998003992,0.0
3963,0.0042415169660678645,0.6774223838476314
3964,0.002245508982035928,0.0
3967,0.000998003992015968,0.0
3968,0.39620758483033935,0.9833525396831482
3969,0.000499001996007984,0.0
3970,0.000249500998003992,0.0
3978,0.011976047904191617,0.9999999176112574
3984,0.3872255489021956,0.9965205555651643
3986,0.011976047904191617,0.9999999176112434
3987,0.014970059880239521,0.9378252614838476
3988,0.3914670658682635,0.9809753553562346
3990,0.45683632734530943,0.9860341439087142
3991,0.000499001996007984,0.0
3997,0.000499001996007984,0.0
4007,0.07460079840319361,0.9724138343056067
4008,0.02120758483033932,0.9999966945256102
4010,0.0007485029940119761,0.43464379581096774
4016,0.4730538922155688,0.999999965020398
4018,0.000499001996007984,0.0
4024,0.06487025948103792,0.967878787509763
4026,0.22105788423153694,0.9999548779938774
4031,0.009730538922155689,0.999999999757907
4033,0.466566866267465,0.9999999977080085
4034,0.4660678642714571,0.9999999553828711
4038,0.000499001996007984,0.0
4041,0.46581836327345305,0.9837597546134668
4044,0.027944111776447105,0.9999994834106519
4061,0.043662674650698605,0.9999996036164707
4064,0.4663173652694611,0.9984447276546701
4070,0.46556886227544914,0.9984383963586183
4084,0.4660678642714571,0.9984424331520747
4086,0.029940119760479042,0.9999999940395456
4089,0.000998003992015968,0.0
4092,0.46556886227544914,0.99999965606691
4093,0.23053892215568864,0.9893717292811429
4094,0.000249500998003992,0.0
4097,0.000249500998003992,0.0
4102,0.005239520958083832,0.8600241642579226
4103,0.469311377245509,0.9843921381900803
4104,0.015469061876247504,0.9999999903304015
4106,0.13947105788423153,0.9999999984538568
4108,0.23028942115768464,0.9861510641482656
4110,0.47130738522954096,0.9919771761636508
4111,0.4750499001996008,0.9995353101435798
4112,0.000499001996007984,0.0
4113,0.2564870259481038,0.9999999753701435
4114,0.12999001996007986,0.9999999236862614
4115,0.47130738522954096,0.9999839443373825
4120,0.008982035928143712,0.9999999967598661
4123,0.000249500998003992,0.0
4125,0.000249500998003992,4.016574485085248e-06
4134,0.2846806387225549,0.9967303773861715
4135,0.4473552894211577,0.932095357304031
4137,0.06736526946107785,0.9999210289464586
4141,0.21781437125748504,0.9957171836509681
4143,0.24575848303393213,0.9991227281447145
4144,0.008982035928143712,0.19209175578044788
4146,0.28967065868263475,0.875780109040436
4147,0.1923652694610778,0.9965275041593659
4160,0.3340818363273453,0.9904902254280398
4162,0.000249500998003992,0.0
4164,0.11127744510978044,0.9999414458391869
4177,0.02245508982035928,0.9999999995047633
4180,0.000499001996007984,0.0
4183,0.01621756487025948,0.8973002999602492
4184,0.000249500998003992,0.0
4187,0.003493013972055888,0.9999999973578617
4189,0.04491017964071856,0.9999999983097019
4190,0.0531437125748503,0.999999999885899
4200,0.02245508982035928,0.9999999995047653
4201,0.002245508982035928,0.9999999065274969
4203,0.02245508982035928,0.9999999995047653
4209,0.003243512974051896,0.9999978085889993
4210,0.1536926147704591,0.9999999752230916
4211,0.000249500998003992,0.0
4214,0.000249500998003992,0.0
4220,0.1536926147704591,0.9999999999999456
4224,0.003493013972055888,0.9790388900226094
4227,0.045159680638722555,0.9999999935176902
4234,0.13547904191616766,0.9903376826046613
4236,0.19386227544910184,0.9792222220189306
4239,0.000998003992015968,0.0
4245,0.000499001996007984,0.0
4246,0.11127744510978044,0.9999999865466087
4247,0.12899201596806387,0.9939661197080512
4248,0.000998003992015968,0.0
4249,0.3383233532934132,0.9989788930953462
4254,0.04266467065868264,0.9999999082305814
4256,0.16492015968063872,0.999412249023567
4262,0.0007485029940119761,0.0
4265,0.2969061876247505,0.9920863018445284
4266,0.33632734530938124,0.9909334748281753
4269,0.0007485029940119761,0.0
4272,0.0007485029940119761,0.0
4273,0.33632734530938124,0.9999800748605413
4283,0.038922155688622756,0.9452587399593686
4286,0.4486027944111777,0.9999956517378199
4288,0.44835329341317365,0.9999948591107859
4295,0.25299401197604793,0.9996976997639835
4297,0.3101297405189621,0.9876555804409047
4301,0.011477045908183632,0.03217642949178309
4306,0.000249500998003992,0.0
4316,0.2964071856287425,0.9922790200519919
4317,0.003243512974051896,0.6362900765184237
4320,0.3046407185628742,0.9905675045656126
4322,0.000249500998003992,0.0
4325,0.3819860279441118,0.9920863470763925
4328,0.000249500998003992,0.0
4333,0.0027445109780439123,0.9993111748914849
4334,0.00124750499001996,0.0
4340,0.07360279441117765,0.9999999905499513
4342,0.2944111776447106,0.9921135113263392
4351,0.11277445109780437,0.9994257755745547
4353,0.014970059880239521,0.8087633065212011
4360,0.07335329341317365,0.9998749599746021
4364,0.0406686626746507,0.999999960983993
4368,0.3198602794411178,0.9916186146403091
4370,0.14620758483033933,0.9994095657946471
4380,0.32010978043912175,0.9960210649550977
4382,0.01746506986027944,0.9999155784468612
4383,0.4533433133732535,0.9450644786049343
4386,0.002245508982035928,0.0
4388,0.1467065868263473,0.9892926733435979
4392,0.000249500998003992,0.0
4396,0.000499001996007984,0.0
4405,0.000998003992015968,0.0
4409,0.005239520958083832,0.979253104504808
4413,0.31087824351297405,0.9999718791796753
4414,0.000998003992015968,0.0
4417,0.001996007984031936,0.012413883719313094
4418,0.000998003992015968,0.0
4425,0.000249500998003992,0.0
4426,0.1469560878243513,0.9859023754333649
4427,0.017964071856287425,0.6592151176509509
4429,0.003243512974051896,0.9081916807441625
4430,0.4313872255489022,0.9999999333431722
4431,0.000249500998003992,0.0
4436,0.0007485029940119761,0.9999999947942757
4439,0.000249500998003992,0.0
4457,0.4486027944111777,0.9999997763568055
4461,0.42440119760479045,0.9836687604531078
4463,0.000998003992015968,0.0
4464,0.000998003992015968,0.0
4467,0.4186626746506986,0.9999980271789544
4469,0.0014970059880239522,0.0
4473,0.000998003992015968,0.0
4482,0.4194111776447106,0.9931985718499753
4486,0.000249500998003992,0.0
4489,0.0037425149700598802,0.9790853747409664
4490,0.000249500998003992,0.0
4491,0.014970059880239521,0.9945052995045887
4500,0.004740518962075849,0.4819547596442868
4503,0.000499001996007984,0.0
4506,0.19136726546906188,0.9999992892013148
4514,0.436127744510978,0.9827425264047347
4517,0.0007485029940119761,0.0
4522,0.1107784431137725,0.9996110887602785
4523,0.000499001996007984,0.0
4525,0.218562874251497,0.9999917276529188
4527,0.30813373253493015,0.9804535733894169
4528,0.3595309381237525,0.9953589183925219
4538,0.26596806387225547,0.9999717183619476
4541,0.312874251497006,0.9919030809043947
4543,0.000249500998003992,0.0
4545,0.37774451097804396,0.9987484029759658
4547,0.2959081836327345,0.9976390015472835
4550,0.3268463073852296,0.9999999665424645
4551,0.32659680638722555,0.99999995032238
4554,0.3268463073852296,0.9999999516256682
4556,0.0007485029940119761,0.0
4562,0.3922155688622755,0.9915014383059644
4566,0.3268463073852296,0.9999999802803649
4568,0.3268463073852296,0.9999999802803473
4570,0.32659680638722555,0.9999992287530132
4580,0.310129740518962,0.9999999919020501
4582,0.0007485029940119761,0.046704933271900374
4583,0.000249500998003992,0.0
4593,0.000499001996007984,0.0
4596,0.001746506986027944,0.28870900746993533
4600,0.312375249500998,0.9997555423729128
4601,0.06786427145708583,0.9015549003203126
4604,0.000499001996007984,0.0
4607,0.2667165668662675,0.9999954904216154
4618,0.1641716566866267,0.9956054098608201
4620,0.0007485029940119761,0.0
4621,0.09481037924151696,0.999999999537101
4623,0.000249500998003992,0.0
4624,0.003243512974051896,0.0
4631,0.00124750499001996,0.0
4643,0.3043912175648703,0.9999999746597849
4646,0.31786427145708585,0.9999927563577099
4647,0.3043912175648703,0.999999974659809
4649,0.0029940119760479044,0.9999999052883655
4651,0.31312375249500995,0.9999204324232054
4654,0.26771457085828343,0.9999711606526883
4655,0.31137724550898205,0.9976428669304523
4656,0.3657684630738523,0.9999991777207015
4659,0.3046407185628742,0.9999999424415361
4660,0.05214570858283433,0.9897951398799989
4664,0.3046407185628742,0.9999999424415386
4671,0.1968562874251497,0.9837055188486671
4673,0.11127744510978044,0.9999999390818199
4676,0.013972055888223553,0.8870582881379668
4678,0.3468063872255489,0.9883630503533023
4684,0.24326347305389218,0.9883547316006309
4690,0.000249500998003992,0.0
4693,0.09730538922155689,0.9999999998398232
4697,0.0027445109780439123,8.636987312341138e-06
4698,0.000249500998003992,0.0
4699,0.3448103792415169,0.9926683946367417
4702,0.3153692614770459,0.986114563067628
4709,0.07060878243512975,0.21691294291430893
4712,0.0007485029940119761,0.0
4715,0.2597305389221557,0.7449996555133094
4721,0.37100798403193613,0.9335258938050982
4724,0.2218063872255489,0.8989296620269438
4728,0.2370259481037924,0.9999998744713191
4729,0.002245508982035928,0.9975887758822009
4730,0.23927145708582834,0.9479537767583972
4731,0.32759481037924154,0.9960300551347198
4734,0.3410678642714571,0.9987540013113141
4737,0.29840319361277445,0.9901086719605593
4738,0.000499001996007984,0.0
4750,0.20733532934131738,0.9995479858977384
4754,0.32859281437125754,0.9998681848888193
4761,0.4249001996007984,0.9786136751999869
4769,0.001996007984031936,0.0
4771,0.3241017964071856,0.9872783369032754
4773,0.004491017964071856,0.794607373101589
4774,0.003493013972055888,0.9999999872965926
4777,0.0007485029940119761,0.0
4779,0.000499001996007984,0.0
4792,0.018213572854291416,0.7263779546270305
4793,0.11776447105788423,0.9886439348490001
4800,0.000499001996007984,0.0
4803,0.001996007984031936,0.0
4804,0.0007485029940119761,0.0
4807,0.000249500998003992,0.00025094381447185416
4811,0.0029940119760479044,0.9999998327866061
4812,0.3208582834331337,0.9971199368491924
4813,0.000249500998003992,0.0
4816,0.4318862275449102,0.9952764295144311
4817,0.05064870259481038,0.9625619474750009
4821,0.000249500998003992,0.0
4825,0.23303393213572854,0.9220412981441375
4835,0.000249500998003992,0.0
4838,0.009481037924151697,0.9999490114067567
4852,0.001746506986027944,0.023300668486259907
4855,0.3999500998003992,0.9999938908770448
4859,0.003992015968063872,0.1618405361388207
4865,0.36726546906187624,0.9925521461475789
4867,0.000998003992015968,0.9999995473294715
4868,0.000249500998003992,0.0
4880,0.0499001996007984,0.9997910328757448
4882,0.000499001996007984,0.0
4892,0.000998003992015968,0.0
4894,0.3562874251497006,0.9841540519395069
4898,0.000249500998003992,0.0
4901,0.000249500998003992,0.0
4902,0.000249500998003992,0.0
4904,0.3690119760479042,0.9999997949118419
4907,0.37624750499001997,0.989382998584964
4911,0.0007485029940119761,0.0
4920,0.001996007984031936,0.2465569250707418
4921,0.000499001996007984,0.0
4922,0.000499001996007984,1.5887729949360216e-05
4924,0.000499001996007984,0.4022001350554988
4926,0.3535429141716567,0.9997491691270404
4927,0.3530439121756487,0.9997489892419159
4929,0.000249500998003992,0.0
4934,0.3350798403193613,0.9999999998719473
4936,0.0014970059880239522,0.9999999999457567
4937,0.38897205588822353,0.9999730881116998
4938,0.00249500998003992,0.018528591538199905
4941,0.12125748502994012,0.899869336515261
4942,0.009481037924151697,0.9999999999692344
4945,0.3236027944111776,0.9999931242774361
4948,0.0007485029940119761,0.0
4953,0.000998003992015968,0.0
4954,0.023952095808383235,0.7649508231148404
4965,0.23278443113772454,0.9667869809983429
4967,0.000998003992015968,0.0
4973,0.29840319361277445,0.9944521079037253
4975,0.000499001996007984,6.926642671844725e-05
4976,0.06387225548902195,0.8463082241880838
4977,0.00249500998003992,0.0
4979,0.000249500998003992,0.0
4980,0.000249500998003992,0.0
4981,0.08283433133732535,0.8075101959258161
4983,0.41317365269461076,0.9999610390039794
4989,0.000249500998003992,0.0
4990,0.4406187624750499,0.9999999872855467
4992,0.4403692614770459,0.9999999979033145
4996,0.000249500998003992,0.0
4998,0.4406187624750499,0.9999999872855458
4999,0.000998003992015968,0.3801385829030048
5000,0.000249500998003992,0.0
5001,0.41367265469061876,0.9999999093330888
5002,0.4403692614770459,0.9999999125987457
5011,0.4403692614770459,0.9999999125987488
5018,0.4406187624750499,0.999999993034709
5019,0.000998003992015968,0.9844072171322528
5031,0.0007485029940119761,0.0
5036,0.006986027944111776,0.9992958173287743
5037,0.4406187624750499,0.9980385927516106
5039,0.4403692614770459,0.9998548979510885
5041,0.0027445109780439123,0.0
5044,0.10479041916167664,0.9495570115700344
5045,0.000499001996007984,0.0
5046,0.001746506986027944,0.04964874776637631
5048,0.17065868263473055,0.9848403320714785
5053,0.051646706586826345,0.9823723835504751
5057,0.000499001996007984,0.0
5059,0.00249500998003992,0.9798638658801813
5061,0.001746506986027944,0.0
5062,0.0054890219560878245,0.8077780198349833
5069,0.000249500998003992,0.0
5070,0.016467065868263474,0.9999999872843777
5071,0.04765469061876248,0.9999974416053713
5078,0.09381237524950099,0.9999997661159464
5079,0.000249500998003992,0.0005543468536941439
5080,0.010728542914171657,0.9999998885621249
5082,0.000249500998003992,0.0
5083,0.08308383233532934,0.7919645011714366
5084,0.04765469061876248,0.9999974416065397
5085,0.0027445109780439123,0.1909074113231337
5098,0.016966067864271458,0.9999999982726673
5106,0.37250499001996007,0.6481487776939384
5108,0.4226546906187625,0.5759156453169385
5111,0.0014970059880239522,8.099140288178747e-06
5112,0.000499001996007984,0.0
5122,0.37200598802395207,0.42935592858102717
5125,0.00124750499001996,0.9999999337240877
5130,0.005738522954091816,0.012652647397366027
5131,0.006487025948103792,0.9928734824250565
5133,0.0014970059880239522,0.3975928330438012
5140,0.04216566866267465,0.5777157941185007
5143,0.002245508982035928,0.0
5144,0.000249500998003992,0.0
5145,0.000249500998003992,0.0
5151,0.02370259481037924,0.9999999979480081
5154,0.08582834331337326,0.9994448764858859
5156,0.000499001996007984,0.0
5161,0.000249500998003992,0.0
5166,0.2088323353293413,0.9689707098718612
5170,0.1155189620758483,0.999756996824709
5171,0.19286427145708582,0.9999701886618706
5177,0.000249500998003992,0.0
5179,0.37974051896207583,0.9999989455701874
5184,0.016716566866267466,0.7448149603375521
5187,0.0014970059880239522,0.9999999891893108
5192,0.00124750499001996,0.0
5198,0.007984031936127744,0.15222457038833703
5199,0.1157684630738523,0.9921502099320554
5208,0.0014970059880239522,0.0
5214,0.03318363273453094,0.9926746495712938
5217,0.0007485029940119761,0.9999999984712911
5220,0.0014970059880239522,0.9999999891893143
5221,0.13672654690618763,0.9948000933495819
5222,0.21756487025948104,0.9865924803213635
5225,0.2722055888223553,0.9989477247486194
5227,0.2310379241516966,0.9859126573897316
5232,0.3824850299401198,0.9999982839410758
5234,0.009481037924151697,0.8352277562999335
5236,0.41991017964071853,0.9785210324416145
5237,0.001996007984031936,0.021636342243007582
5238,0.41691616766467066,0.9999952676390851
5244,0.46182634730538924,0.9999997270405256
5247,0.48927145708582837,0.9999999991350017
5251,0.000249500998003992,0.0
5257,0.21307385229540918,0.9999982428556048
5261,0.000249500998003992,0.0
5264,0.000499001996007984,2.085735751564023e-05
5265,0.0014970059880239522,0.0
5271,0.0042415169660678645,0.8037239437460572
5272,0.000249500998003992,0.0
5273,0.27320359281437123,0.9999738047620721
5274,0.000249500998003992,0.0
5275,0.000249500998003992,0.0
5280,0.002245508982035904,0.0
5284,0.006986027944111776,0.7330882120793376
5288,0.37050898203592814,0.9443193281069987
5291,0.08383233532934131,0.9999999991902759
5296,0.000249500998003992,0.0
5300,0.000249500998003992,0.0
5305,0.08507984031936128,0.9999999968498059
5314,0.08557884231536926,0.9999999994579967
5324,0.08483033932135728,0.9999666254181123
5328,0.0007485029940119761,0.19026364856391975
5333,0.000998003992015968,0.9999999999999896
5339,0.000499001996007984,0.0
5341,0.10404191616766467,0.9991321289484035
5342,0.08882235528942116,0.9999681712922845
5343,0.002245508982035928,0.26291925915095493
5345,0.0054890219560878245,0.9999999249235975
5346,0.1719061876247505,0.9593426855934003
5348,0.0027445109780439123,0.0
5349,0.0686127744510978,0.9999998084580158
5350,0.000249500998003992,0.0
5360,0.020459081836327345,0.966124084359344
5361,0.156187624750499,0.9776984118749101
5363,0.001996007984031936,0.0
5364,0.17689620758483035,0.9999747782724202
5365,0.000998003992015968,0.9999999999999802
5376,0.000249500998003992,1.2103257541695656e-05
5394,0.2158183632734531,0.9026998693939786
5398,0.08507984031936128,0.9998930174952768
5400,0.0007485029940119761,0.0
5402,0.3213572854291417,0.9998389960581026
5403,0.21382235528942115,0.8921471235086489
5411,0.11926147704590818,0.9813705977776982
5415,0.11976047904191617,0.9989996542769697
5417,0.000249500998003992,0.0
5428,0.000998003992015968,0.9999999999999964
5433,0.000998003992015968,0.9999999999999916
5435,0.000998003992015968,0.9999999999999796
5436,0.000998003992015968,0.9999999999999767
5439,0.00124750499001996,0.6653280301494656
5444,0.000998003992015968,0.999999999999978
5452,0.000998003992015968,0.9999999999999909
5454,0.11901197604790419,0.9998251078717362
5455,0.000499001996007984,0.0
5458,0.000249500998003992,0.0
5463,0.003243512974051896,0.999999999568878
5464,0.003243512974051896,0.9999999995688791
5470,0.053642714570858285,0.6480376660079311
5473,0.4663173652694611,0.7231399426006972
5483,0.0007485029940119761,0.9716093845262784
5488,0.12599800399201597,0.9513286378498951
5489,0.004740518962075849,0.27939691480387135
5495,0.03592814371257485,0.981789693351543
5497,0.41417165668662675,0.9996174457047456
5500,0.4358782435129741,0.9959963902915312
5503,0.000249500998003992,0.0
5504,0.03817365269461078,0.8602926606267649
5506,0.21432135728542914,0.9828291297281104
5507,0.09231536926147704,0.531560686624122
5508,0.00124750499001996,0.9979775555813294
5514,0.0007485029940119761,0.0
5515,0.000249500998003992,0.0
5516,0.000499001996007984,0.0
5520,0.0014970059880239522,0.9882134034153949
5521,0.08458083832335328,0.8470607263711839
5522,0.06836327345309381,0.9999149656904222
5527,0.48303393213572854,0.9809731275599101
5533,0.06536926147704591,0.9999915033415273
5535,0.000998003992015968,0.0
5536,0.08957085828343313,0.9000659573131697
5539,0.000499001996007984,0.0
5541,0.0007485029940119761,0.0
5546,0.23028942115768464,0.9753436445145816
5548,0.000499001996007984,0.0
5550,0.21307385229540918,0.9999566158080654
5554,0.19960079840319356,0.987635651546518
5555,0.000499001996007984,0.0
5557,0.001746506986027944,0.0
5558,0.000998003992015968,0.0
5559,0.0249500998003992,0.8266322385508333
5560,0.0007485029940119761,0.0
5561,0.000499001996007984,0.0
5567,0.001746506986027944,0.4991923850751198
5569,0.000499001996007984,8.060170132150466e-06
5577,0.0014970059880239522,0.0
5585,0.000249500998003992,0.0
5590,0.1162674650698603,0.9661611455398671
5591,0.2043413173652695,0.9894407319796411
5592,0.000249500998003992,0.0
5593,0.17664670658682635,0.9996223445639627
5594,0.06586826347305386,0.9532400064962371
5597,0.06811377245508987,0.931248182534497
5602,0.0007485029940119761,0.9999999794135676
5608,0.00124750499001996,0.9719981681066694
5610,0.000249500998003992,0.0
5613,0.20783433133732532,0.9999938225757838
5614,0.07060878243512969,0.9999999964655315
5615,0.030189620758483034,0.9812111638708059
5617,0.000249500998003992,0.0
5619,0.000249500998003992,3.6695161999224593e-06
5620,0.20808383233532934,0.9933820295539338
5621,0.20084830339321358,0.9814099681863143
5625,0.000499001996007984,0.0
5626,0.001996007984031936,0.986368144966491
5627,0.3874750499001996,0.9603617323063959
5630,0.20808383233532934,0.9999999817186082
5631,0.07110778443113774,0.9999999968340894
5638,0.21182634730538918,0.9999999844936475
5639,0.000249500998003992,0.0
5642,0.20858283433133729,0.9999999956963621
5648,0.20808383233532934,0.999999994938862
5649,0.000249500998003992,0.0
5650,0.053393213572854294,0.8578789827934385
5657,0.20858283433133729,0.9999999960574262
5659,0.000249500998003992,3.822981411875666e-05
5661,0.011726546906187624,0.8244905206593691
5664,0.0007485029940119761,0.0
5670,0.000249500998003992,0.9999999183515785
5671,0.4466067864271457,0.9818251280676709
5676,0.07085828343313372,0.9999795383837498
5677,0.21457085828343314,0.9999965262687207
5678,0.000998003992015968,0.0
5679,0.3762475049900199,0.9999341564178547
5681,0.20808383233532934,0.9913035081429473
5689,0.0007485029940119761,0.0
5690,0.16716566866267465,0.8650244529327793
5692,0.217564870259481,0.9848121010040287
5695,0.15394211576846306,0.9999765662900088
5701,0.0007485029940119761,0.0
5703,0.12300399201596801,0.9999998946958558
5705,0.2120758483033932,0.9999998973500763
5708,0.07085828343313372,0.9940736090262097
5711,0.001746506986027944,0.3320070016710248
5715,0.008233532934131737,0.8511835525778286
5724,0.000249500998003992,0.0
5728,0.000499001996007984,0.0
5734,0.018463073852295408,0.9790497434089672
5736,0.15918163672654695,0.9999931805382885
5737,0.005988023952095809,0.9999999693576189
5742,0.001996007984031936,0.9863681534840759
5743,0.000249500998003992,0.0
5744,0.003992015968063872,0.6745235780432767
5746,0.07160678642714569,0.9464751968898532
5748,0.0007485029940119761,0.0
5751,0.012724550898203593,0.9985764987306809
5754,0.000249500998003992,0.0
5765,0.002245508982035928,0.2050886557531697
5766,0.000499001996007984,0.0
5772,0.02944111776447106,0.9061261095291638
5773,0.0007485029940119761,0.9999999013813576
5774,0.00249500998003992,0.9999999999987894
5776,0.004491017964071856,0.0
5777,0.0007485029940119761,0.0
5779,0.07035928143712578,0.9755053463986195
5781,0.009231536926147704,0.9996668493298168
5792,0.06112774451097804,0.967200897657461
5793,0.008233532934131737,0.9814086657610188
5795,0.15793413173652696,0.9938017737789634
5800,0.0007485029940119761,0.9888292731692178
5805,0.012974051896207584,0.9999994467647882
5806,0.0007485029940119761,0.0
5812,0.000249500998003992,0.0
5815,0.08632734530938124,0.9999998415928447
5819,0.014970059880239521,0.9985485683611693
5821,0.18363273453093812,0.9652336700359049
5823,0.000249500998003992,0.0
5825,0.15718562874251496,0.9984086447217632
5829,0.1719061876247505,0.9730320963699993
5841,0.156437125748503,0.999994742016322
5842,0.000998003992015968,0.0
5844,0.000249500998003992,0.0
5851,0.0007485029940119761,0.0
5860,0.02245508982035928,0.9999271621374216
5863,0.21906187624750498,0.5228297784906935
5870,0.003243512974051896,0.0
5871,0.000499001996007984,0.0
5875,0.0027445109780439123,0.9999999578894956
5876,0.03143712574850299,0.9303744765434667
5877,0.1534431137724551,0.9989119129970957
5880,0.31786427145708585,0.9999984049138698
5881,0.000499001996007984,4.110494044069224e-06
5884,0.17065868263473055,0.9992560340192193
5893,0.0014970059880239522,0.5292122662110472
5894,0.15494011976047903,0.9999988042665322
5904,0.000249500998003992,0.0
5908,0.005239520958083832,0.990724902898093
5913,0.0014970059880239522,0.02458196150306882
5914,0.000998003992015968,0.0
5915,0.000249500998003992,0.0
5918,0.000499001996007984,0.0
5919,0.17115768463073852,0.9862698437853931
5920,0.000499001996007984,0.0
5922,0.000249500998003992,0.0
5926,0.312375249500998,0.9910999519897138
5928,0.003493013972055888,0.9999995900176453
5929,0.000249500998003992,0.0
5950,0.000499001996007984,0.0
5951,0.15444111776447106,0.999998634635114
5954,0.0029940119760479044,0.0
5957,0.001746506986027944,0.9999957205858097
5959,0.000499001996007984,0.0
5960,0.1284930139720559,0.9263548862264525
5965,0.00499001996007984,3.50810137406756e-07
5968,0.0124750499001996,0.7978450121932988
5969,0.001746506986027944,0.9999993249118306
5972,0.49600798403193613,0.9920148745893658
5977,0.000998003992015968,0.0
5978,0.00124750499001996,0.03397283344712649
5979,0.000249500998003992,0.0
5980,0.000499001996007984,0.0
5983,0.001996007984031936,0.9982178227392957
5986,0.0027445109780439123,0.0001973169119489367
5987,0.33358283433133734,0.9999705607604873
5988,0.0007485029940119761,0.0
5989,0.000249500998003992,0.0
5995,0.02594810379241517,0.8531680666896717
6001,0.002245508982035928,0.9999999996847106
6004,0.05439121756487026,0.8892148160376707
6006,0.000249500998003992,0.0
6007,0.000249500998003992,0.0
6009,0.000998003992015968,0.5186589617239379
6011,0.000499001996007984,3.376019306516808e-05
6013,0.006736526946107785,0.9834444773181418
6019,0.01122754491017964,0.27082866571605146
6020,0.00249500998003992,0.5942722628462844
6021,0.15494011976047903,0.999999997460953
6025,0.43812375249500995,0.9898205843673358
6027,0.0027445109780439123,0.0
6029,0.000249500998003992,0.0
6030,0.000499001996007984,0.0
6040,0.009231536926147704,0.9991995840344423
6044,0.000249500998003992,0.0005281393619735324
6050,0.000998003992015968,0.0
6052,0.007734530938123752,0.8971749552439146
6053,0.000998003992015968,0.0
6060,0.001996007984031936,0.5051198187240646
6069,0.003243512974051896,0.0
6076,0.02969061876247505,0.8491467308756157
6077,0.000499001996007984,0.0
6082,0.003243512974051896,0.0
6084,0.000499001996007984,2.206612358298619e-05
6086,0.000499001996007984,0.0
6092,0.02120758483033932,0.6357392720381759
6097,0.013722554890219561,0.4414639546514071
6104,0.03093812375249501,0.8329381156724996
6107,0.15394211576846306,0.9999993846377867
6109,0.000499001996007984,0.9999999655614279
6113,0.000249500998003992,0.0
6115,0.1534431137724551,0.9999667708981381
6116,0.000249500998003992,0.0
6117,0.001996007984031936,0.5080627067504234
6119,0.000249500998003992,2.198614648772914e-05
6122,0.001996007984031936,0.19839527537824658
6128,0.008233532934131737,0.9999996369898244
6147,0.007734530938123752,0.6234814817202229
6151,0.0014970059880239522,0.9999903410830582
6156,0.000499001996007984,0.0
6157,0.0014970059880239522,0.0
6160,0.013972055888223553,0.9999914354827364
6162,0.000499001996007984,0.0
6164,0.1531936127744511,0.9999999687996086
6171,0.000249500998003992,0.0
6172,0.000499001996007984,0.0
6173,0.14870259481037923,0.9987452237585352
6174,0.006986027944111776,0.6613716585568755
6176,0.05264471057884232,0.9628871809039473
6177,0.24825349301397207,0.9997107122821185
6178,0.000499001996007984,0.00010908270605106326
6189,0.000249500998003992,0.0
6191,0.00249500998003992,0.49772369217306933
6193,0.1531936127744511,0.999999960168408
6199,0.0062375249500998,0.9999990788641441
6201,0.3323353293413174,0.9999999542508041
6205,0.000249500998003992,0.0
6207,0.000249500998003992,0.0
6214,0.00124750499001996,0.0
6221,0.000998003992015968,0.0
6222,0.3348303393213573,0.9999996172185301
6223,0.0042415169660678645,0.0
6226,0.0014970059880239522,0.0
6239,0.0014970059880239522,0.0076425697592088625
6240,0.15244510978043913,0.9999999986873
6243,0.000499001996007984,0.0
6248,0.000249500998003992,0.0
6249,0.0042415169660678645,0.9999999982006555
6255,0.06287425149700598,0.9987554801095405
6259,0.00124750499001996,0.0
6264,0.16691616766467066,0.9733806952729813
6267,0.010229540918163672,0.8138870551660605
6269,0.00499001996007984,0.7178509903705717
6274,0.003992015968063872,0.9248502726136101
6275,0.00249500998003992,0.0
6276,0.000499001996007984,0.0025170601627716033
6280,0.06362275449101795,0.9999343745990771
6282,0.0074850299401197605,0.715716092309024
6283,0.000249500998003992,0.0
6284,0.0062375249500998,0.7329658431714823
6289,0.000499001996007984,0.0
6291,0.007984031936127744,0.6254324453612049
6293,0.438373253493014,0.9998756501433795
6294,0.000249500998003992,0.0
6295,0.000249500998003992,0.0
6297,0.018962075848303395,0.5244853350816193
6298,0.000499001996007984,4.8698148995968485e-06
6304,0.000249500998003992,0.0
6309,0.000499001996007984,3.0822612555035366e-05
6313,0.010728542914171657,0.5191167258923233
6317,0.000249500998003992,0.0
6318,0.000499001996007984,0.0
6319,0.0007485029940119761,0.0
6320,0.014221556886227544,0.7681436313805253
6325,0.000249500998003992,0.0
6326,0.001996007984031936,0.0
6327,0.0007485029940119761,0.0
6330,0.003243512974051896,0.9999999238934875
6332,0.006986027944111776,0.8968348044314272
6334,0.009231536926147704,0.0002813798282239662
6340,0.2619760479041916,0.39743554010978643
6342,0.4628243512974052,0.5870983833539708
6343,0.000249500998003992,0.0
6344,0.00124750499001996,0.9625407300416692
6346,0.001746506986027944,0.9727093838023649
6347,0.001746506986027944,0.9727094099276561
6348,0.000249500998003992,0.0
6358,0.027694610778443114,0.10816618864322881
6359,0.003493013972055888,0.35516485950606447
6360,0.013972055888223553,0.6836140714234304
6361,0.000249500998003992,0.0
6363,0.000249500998003992,0.0
6365,0.000998003992015968,0.0
6366,0.000499001996007984,0.0
6367,0.06087824351297405,0.9998758295475345
6370,0.010728542914171657,0.00015706122218362543
6381,0.0007485029940119761,0.0
6384,0.001996007984031936,0.4776489005873524
6390,0.000249500998003992,0.0
6391,0.000249500998003992,0.0
6393,0.000249500998003992,0.00015258255731570312
6394,0.000998003992015968,2.5172796197725668e-06
6395,0.00124750499001996,2.9102928458817936e-06
6396,0.000249500998003992,0.0
6406,0.0054890219560878245,1.20966426436876e-05
6409,0.000249500998003992,0.0
6414,0.2754491017964072,0.9120823201439341
6418,0.000249500998003992,0.0
6423,0.000499001996007984,0.0
6425,0.003493013972055888,0.8863313334469133
6430,0.000249500998003992,0.0
6433,0.17989021956087825,0.7393785892441352
6437,0.008233532934131737,0.13447087494032026
6444,0.002245508982035928,0.3868443152953576
6450,0.000499001996007984,2.1824942550230194e-05
6451,0.00124750499001996,0.0
6454,0.2991516966067864,0.8856131642799042
6461,0.002245508982035928,8.049762900698004e-06
6465,0.015219560878243513,0.22567812670436307
6468,0.4086826347305389,0.9045492030445446
6469,0.000499001996007984,0.0
6481,0.13348303393213568,0.9994852603120038
6486,0.0007485029940119761,0.9999999588198387
6487,0.3083832335329341,0.9991759156907679
6491,0.2028443113772455,0.8195900624299342
6492,0.2030938123752495,0.9999959827790603
6496,0.000249500998003992,0.0
6508,0.001996007984031936,0.0
6515,0.00249500998003992,0.0
6525,0.006736526946107785,0.9999973009702612
6529,0.005738522954091816,0.08682165565716109
6542,0.0014970059880239522,0.0
6545,0.020958083832335328,0.6902200903320024
6549,0.011477045908183632,0.3109692894033615
6551,0.28517964071856283,0.9622531071308846
6552,0.36751497005988026,0.9555472602081232
6556,0.005738522954091816,0.1883385014682194
6559,0.27869261477045904,0.9583730709584767
6571,0.2280439121756487,0.8105671394272985
6572,0.003493013972055888,0.6653287019684635
6573,0.30538922155688625,0.7302288351706019
6576,0.015968063872255488,0.5209112322310384
6577,0.019461077844311378,0.18713919243953456
6590,0.08233532934131736,0.8457675246614613
6591,0.15543912175648703,0.969182991826898
6600,0.01621756487025948,0.999999999851396
6610,0.001996007984031936,0.5211129611437664
6613,0.07859281437125748,0.9130774877401565
6616,0.000249500998003992,0.0
6619,0.002245508982035928,0.9999986638280967
6620,0.11976047904191617,0.7180111591339537
6625,0.000499001996007984,0.0
6631,0.18787425149700598,0.9743470656387253
6642,0.00499001996007984,1.6330640209667487e-05
6646,0.17090818363273452,0.916308979711851
6648,0.12050898203592815,0.9554820944499175
6653,0.2345309381237525,0.9522430499199669
6655,0.000499001996007984,0.0
6657,0.21706586826347304,0.9994021709513177
6664,0.003243512974051896,0.8291808941650631
6674,0.4328842315369261,0.9958070517778539
6677,0.000249500998003992,1.688644729358278e-05
6678,0.23328343313373254,0.9840854121425093
6679,0.1220059880239521,0.9999425414106881
6681,0.12400199600798403,0.9827004478497328
6684,0.000249500998003992,0.0
6689,0.08507984031936128,0.8358574866618375
6709,0.030189620758483034,0.9999994204877827
6712,0.000499001996007984,0.9999999998934823
6716,0.06836327345309381,0.9990627465759968
6717,0.000499001996007984,0.0
6719,0.0007485029940119761,0.0
6727,0.18762475049900199,0.9872217315021233
6731,0.000499001996007984,0.0
6734,0.3380738522954092,0.9705811190921672
6738,0.0376746506986028,0.9999031780021881
6743,0.3033932135728543,0.954718410156598
6745,0.000499001996007984,0.0
6751,0.000249500998003992,0.0
6754,0.000998003992015968,0.999999919357846
6756,0.1407185628742515,0.9979717723882615
6759,0.25523952095808383,0.9647851074987958
6761,0.07984031936127745,0.999984615647773
6762,0.000249500998003992,7.254390799734402e-06
6770,0.001746506986027944,8.106784251631077e-06
6777,0.00873253493013972,0.4914072821480694
6778,0.00873253493013972,0.491407424953291
6779,0.003992015968063872,0.24116630820399612
6780,0.000499001996007984,0.0
6789,0.00124750499001996,0.0
6803,0.0007485029940119761,0.0
6804,0.10454091816367266,0.9999992577382283
6810,0.000249500998003992,0.0
6813,0.1282435129740519,0.9442163888392168
6819,0.11501996007984032,0.9987831360371437
6823,0.2694610778443114,0.9999756040076782
6830,0.00124750499001996,6.234950002621803e-05
6831,0.12125748502994012,0.9803858680329731
6836,0.09231536926147704,0.9202766196183451
6840,0.003992015968063872,0.0
6843,0.000249500998003992,0.0
6845,0.001996007984031936,0.0
6847,0.000249500998003992,0.0
6849,0.000998003992015968,0.12306042985320054
6854,0.15893213572854292,0.9739393716860886
6870,0.000249500998003992,0.0
6871,0.0029940119760479044,0.0
6877,0.3944610778443114,0.9976436519398111
6880,0.38547904191616766,0.997552782120675
6884,0.020459081836327345,0.0627780135900334
6885,0.018213572854291416,0.24838377247373172
6887,0.09780439121756487,0.9999999226774937
6891,0.00249500998003992,0.0
6892,0.000249500998003992,0.0
6894,0.002245508982035928,0.9991746517276187
6897,0.000998003992015968,6.58776685630111e-06
6901,0.13522954091816367,0.9752108616533497
6902,0.000499001996007984,0.0
6908,0.000499001996007984,0.0
6911,0.1277445109780439,0.9960853390598791
6912,0.08932135728542914,0.9996329247963437
6919,0.14595808383233533,0.946713499222295
6931,0.39196606786427146,0.9977036333609274
6934,0.003243512974051896,0.029756380972125764
6936,0.125499001996008,0.9878692103337051
6950,0.375,0.9991363394974702
6954,0.11626746506986028,0.9993183508405419
6955,0.10578842315369262,0.4669442533532335
6957,0.1157684630738523,0.9996048503216373
6958,0.11452095808383234,0.9999420035443356
6959,0.0014970059880239522,0.0
6963,0.09830339321357286,0.9999999884771318
6964,0.000499001996007984,0.0
6967,0.11402195608782435,0.9998530025661203
6968,0.00124750499001996,0.9999999003181401
6977,0.000249500998003992,0.0
6982,0.32110778443113774,0.9999472067638667
6984,0.0062375249500998,0.7432879332084503
6985,0.04216566866267465,0.9818817303944639
6987,0.000249500998003992,0.0
6988,0.000499001996007984,0.0
6993,0.000249500998003992,0.0
6995,0.000998003992015968,1.8062631205384212e-06
6997,0.000249500998003992,0.0007735665711399138
6999,0.008982035928143712,0.11873882171142888
7001,0.000249500998003992,0.0
7002,0.0007485029940119761,0.0
7004,0.000249500998003992,0.0
7005,0.000249500998003992,0.0
7011,0.11751497005988024,0.8974230514182406
7012,0.13972055888223553,0.999343693119123
7015,0.000499001996007984,0.0
7019,0.0037425149700598802,0.0
7026,0.000249500998003992,0.0
7029,0.00124750499001996,0.0
7031,0.00124750499001996,5.7890365363097595e-05
7033,0.35429141716566864,0.9168519273037126
7046,0.2402694610778443,0.9999038577862785
7047,0.000998003992015968,0.999999887134485
7049,0.311626746506986,0.9547788191830359
7055,0.000249500998003992,0.0
7057,0.000249500998003992,0.0
7060,0.06412175648702595,0.9988156108772719
7061,0.35404191616766467,0.9934628451471645
7064,0.000249500998003992,0.0
7065,0.002245508982035928,0.0001920754240606462
7072,0.001746506986027944,5.9750551649399704e-06
7074,0.4441117764471058,0.9991670427298547
7075,0.4473552894211577,0.9991678167130315
7079,0.004740518962075849,0.5309631931804503
7081,0.000249500998003992,0.0
7082,0.4583333333333333,0.9926510398842918
7084,0.4463572854291417,0.9956250066499128
7085,0.001996007984031936,0.999407429087226
7086,0.0007485029940119761,0.0
7087,0.000249500998003992,0.0
7089,0.4481037924151697,0.9999082969064991
7092,0.38872255489021956,0.9999999934604695
7099,0.3907185628742515,0.9999999999985159
7103,0.38897205588822353,0.9999999937581643
7106,0.38872255489021956,0.9999999960542298
7109,0.00124750499001996,0.0
7124,0.000249500998003992,0.0
7130,0.000499001996007984,0.0
7131,0.13048902195608783,0.9999861931051166
7132,0.01222554890219561,0.25944601325583516
7135,0.24476047904191617,0.999999991855141
7137,0.37574850299401197,0.9917497576136073
7138,0.375998003992016,0.9999999205702013
7140,0.374001996007984,0.9999990106220349
7141,0.000249500998003992,0.0
7142,0.37425149700598803,0.9930044798601636
7144,0.000249500998003992,0.0
7148,0.002245508982035928,0.0004214475559205226
7149,0.4134231536926148,0.9735065299358273
7164,0.07909181636726546,0.6147864959364342
7170,0.07085828343313373,0.7174182072034058
7176,0.000249500998003992,0.0
7179,0.000249500998003992,0.0
7181,0.000499001996007984,0.0
7187,0.00873253493013972,0.17588028486878507
7188,0.4760479041916168,0.5174842775987349
7189,0.25149700598802394,0.5481784681353518
7190,0.4488522954091816,0.7488769730343856
7203,0.000249500998003992,0.0
7204,0.000249500998003992,0.0
7207,0.006736526946107785,0.9984063962194833
7211,0.000249500998003992,0.0
7214,0.04940119760479042,0.7720599172479637
7224,0.062624750499002,0.7262244930018891
7225,0.0007485029940119761,0.0
7226,0.018463073852295408,0.7413391630179107
7227,0.23228542914171657,0.9287767521526927
7228,0.008483033932135729,0.26242032241110996
7230,0.25074850299401197,0.9618436741736675
7231,0.000249500998003992,0.0
7232,0.0037425149700598802,0.5895897047631021
7234,0.04216566866267465,0.8926217521048149
7236,0.0007485029940119761,0.49224418633570255
7237,0.000998003992015968,0.0
7238,0.09630738522954092,0.8179982708824282
7239,0.000499001996007984,0.0001557850949018608
7242,0.2310379241516966,0.9482374625130832
7243,0.04466067864271457,0.9718959755836829
7244,0.001746506986027944,1.430678230436341e-05
7246,0.000499001996007984,0.0
7253,0.001996007984031936,0.0
7258,0.000249500998003992,0.0
7260,0.10429141716566866,0.8299807609056911
7264,0.09456087824351297,0.9973557394266196
7270,0.000249500998003992,0.0
7277,0.25773453093812376,0.948479053839377
7279,0.3290918163672655,0.9994276245990704
7282,0.000249500998003992,0.0
7285,0.000499001996007984,1.231805042233471e-05
7291,0.00124750499001996,0.3227821507251364
7297,0.4655688622754491,0.999933661326846
7302,0.4922654690618763,0.9977438425866978
7308,0.000249500998003992,0.0
7311,0.0187125748502994,0.5151342947795527
7312,0.0074850299401197605,0.9909742691487962
7317,0.008233532934131737,0.8152528219696011
7318,0.16741516966067865,0.9816306793063373
7322,0.025449101796407185,0.5530582041143164
7328,0.36402195608782434,0.9806545949891452
7329,0.001746506986027944,0.0
7332,0.15244510978043913,0.9998880028988864
7334,0.45109780439121755,0.9999632626606617
7336,0.4513473053892216,0.9999633418927354
7339,0.000249500998003992,0.0
7342,0.4505988023952096,0.9999687293731971
7344,0.000998003992015968,0.0
7350,0.006487025948103792,0.39374452539970334
7351,0.45159680638722555,0.9999999088525581
7352,0.16117764471057885,0.9861853609753635
7354,0.010479041916167664,0.8992840530526894
7357,0.002245508982035928,0.0
7358,0.18662674650698602,0.973556552790326
7360,0.000249500998003992,0.0
7363,0.0249500998003992,0.5121908747132493
7364,0.000499001996007984,0.0
7365,0.21107784431137724,0.9473288513868298
7366,0.21132734530938124,0.9473038752193865
7372,0.4837824351297405,0.9999974547462847
7373,0.18013972055888225,0.9980102360180385
7374,0.000249500998003992,0.0
7375,0.000249500998003992,0.0
7376,0.000249500998003992,0.0
7381,0.000249500998003992,0.0
7382,0.000249500998003992,0.0
7383,0.2312874251497006,0.9999895241804801
7384,0.000249500998003992,0.0
7385,0.000249500998003992,0.0
7387,0.0014970059880239522,0.0
7389,0.42714570858283435,0.99410711397512
7392,0.006736526946107785,0.3089197124720038
7399,0.19386227544910178,0.9981425242314854
7402,0.19411177644710578,0.9981255798539957
7403,0.000499001996007984,0.4989989603521473
7414,0.000249500998003992,0.0
7415,0.2123253493013972,0.990663742965457
7416,0.4643213572854291,0.9904313993667657
7418,0.21382235528942115,0.9999380796626336
7425,0.19386227544910178,0.9999939181311603
7429,0.48403193612774453,0.9999946251870304
7430,0.20209580838323354,0.9999424698086561
7433,0.20184630738522955,0.9999820952675792
7434,0.19211576846307385,0.9997869705652638
7436,0.22080838323353294,0.9342217451002556
7437,0.2282934131736527,0.989063785526527
7443,0.000499001996007984,0.0
7447,0.4837824351297405,0.9999974547583701
7449,0.000249500998003992,0.0
7451,0.218812375249501,0.9999795305072496
7452,0.43038922155688625,0.9999999686262353
7453,0.43038922155688625,0.9999999686262337
7455,0.4301397205588822,0.9999999836738108
7459,0.000249500998003992,0.0
7461,0.000249500998003992,0.0
7463,0.43038922155688625,0.9999999720701762
7466,0.009231536926147704,0.8523576697993616
7467,0.1497005988023952,0.9999999530778879
7468,0.4301397205588822,0.9999999836738108
7469,0.010978043912175649,0.6746724777490848
7471,0.4301397205588822,0.9999999836738033
7472,0.000249500998003992,0.0
7473,0.48353293413173654,0.9999614269400531
7481,0.4241516966067864,0.9999999762274351
7483,0.000249500998003992,0.0
7484,0.42240518962075846,0.9999569741018406
7485,0.000249500998003992,0.0
7488,0.4161676646706587,0.9999999066226235
7490,0.41791417165668665,0.9999997626855434
7493,0.4176646706586826,0.9999998687235164
7494,0.4176646706586826,0.9999998687234969
7496,0.0007485029940119761,0.0
7505,0.43962075848303395,0.99092125521217
7508,0.0027445109780439123,0.0
7512,0.0014970059880239522,0.9999999881466459
7517,0.19011976047904192,0.9022477175285527
7522,0.31087824351297405,0.9436083811031029
7526,0.0014970059880239522,0.0
7527,0.011726546906187624,0.9973551092824635
7528,0.015718562874251496,0.9999999877833545
7533,0.41791417165668665,0.999985260536926
7538,0.005239520958083832,0.9947338823398377
7540,0.000998003992015968,0.0
7543,0.07784431137724551,0.9999976187413323
7548,0.4748003992015968,0.9999955543383807
7550,0.015718562874251496,0.9999999877833559
7551,0.00124750499001996,7.958659681833427e-06
7553,0.0813373253493014,0.9289418464436904
7558,0.4748003992015968,0.9999955543395296
7561,0.000499001996007984,0.0
7571,0.000499001996007984,0.0
7572,0.4214071856287425,0.9999977954853677
7574,0.025199600798403193,0.9512731175675453
7577,0.42240518962075846,0.9772392710013789
7581,0.07385229540918163,0.9999872652542677
7583,0.14271457085828343,0.9938284071046094
7585,0.468063872255489,0.9999476028471221
7591,0.39870259481037923,0.9998687806236933
7592,0.39845309381237526,0.9997939228722719
7603,0.058632734530938126,0.9860676705441698
7606,0.000249500998003992,0.0
7608,0.000249500998003992,7.28398773751386e-05
7610,0.4880239520958084,0.9998880656193162
7612,0.09755489021956087,0.9999482680765337
7614,0.003493013972055888,0.0
7618,0.026447105788423155,0.8808089441067832
7619,0.000249500998003992,0.0
7622,0.25174650698602796,0.9890634128113305
7625,0.014970059880239521,0.591770311264593
7632,0.00249500998003992,0.08145203841237048
7633,0.24476047904191617,0.9996253862449079
7638,0.4408682634730539,0.9989765737030729
7640,0.02719560878243513,0.6949404150291385
7641,0.015968063872255488,0.9999999884768034
7643,0.000249500998003992,0.0
7645,0.000249500998003992,0.0
7648,0.08408183632734531,0.9986749788719986
7650,0.09481037924151696,0.9999999884624988
7652,0.4406187624750499,0.9920287843779001
7656,0.18188622754491018,0.999997600293694
7658,0.003243512974051896,0.3319990506919529
7660,0.4438622754491018,0.9999996883101708
7662,0.0968063872255489,0.9999999944985052
7670,0.005239520958083832,0.9911546599871532
7671,0.44286427145708585,0.9999826616846164
7673,0.015968063872255488,0.9999999973385625
7674,0.00124750499001996,0.0
7679,0.000499001996007984,0.0
7683,0.0014970059880239522,0.06373352404981486
7687,0.000249500998003992,0.0
7688,0.18313373253493015,0.9998561040435072
7689,0.18313373253493015,0.9998561038914783
7690,0.015968063872255488,0.9999999973385625
7693,0.4466067864271457,0.9999994235927177
7695,0.0783433133732535,0.9381315158724993
7697,0.4583333333333333,0.9929515530450622
7702,0.000249500998003992,0.0
7706,0.2465069860279441,0.9445695780986904
7708,0.03143712574850299,0.2912544779163138
7709,0.07460079840319361,0.9999996975997738
7716,0.47754491017964074,0.9986592459425843
7724,0.046656686626746505,0.829355372425251
7728,0.16492015968063872,0.948206161517844
7730,0.001746506986027944,0.0
7732,0.07759481037924151,0.9995072146502083
7733,0.15818363273453093,0.9966030309236863
7735,0.1591816367265469,0.9981655865241734
7738,0.002245508982035928,0.9485555432154865
7742,0.000998003992015968,0.0
7743,0.4977544910179641,0.9999868276669349
7744,0.1601796407185629,0.9999996844883301
7745,0.010229540918163672,0.1419217881881427
7746,0.14246506986027943,0.999956175201152
7752,0.00124750499001996,0.0
7753,0.1601796407185629,0.9999996844881052
7755,0.14471057884231536,0.999985612114186
7756,0.3181137724550898,0.9442119113190813
7757,0.14271457085828343,0.9999847041970692
7762,0.08308383233532934,0.9806078752248216
7764,0.21357285429141717,0.9988520745612262
7765,0.13947105788423153,0.9966941954083748
7766,0.14171656686626746,0.9945226636780193
7767,0.14196606786427146,0.9943276411975933
7768,0.13947105788423153,0.9966941954083925
7771,0.13997005988023953,0.9995511257240673
7773,0.005239520958083832,0.3612465161328152
7777,0.14895209580838323,0.9362501716728208
7789,0.000249500998003992,0.0
7795,0.18188622754491018,0.9999999105286486
7799,0.002245508982035928,0.0005475513479773
7800,0.000499001996007984,0.0
7802,0.000249500998003992,0.0
7803,0.13872255489021956,0.9839354253207021
7806,0.13897205588822356,0.998989774609574
7809,0.18163672654690619,0.9999999875507952
7813,0.4620758483033932,0.9960431359112025
7815,0.003243512974051896,0.496607063738471
7816,0.06312375249500998,0.36718006839645995
7821,0.000249500998003992,0.0
7823,0.000998003992015968,0.0
7827,0.000249500998003992,0.0
7829,0.000249500998003992,0.0
7830,0.13872255489021956,0.9989093548860185
7831,0.38872255489021956,0.9998583045454662
7832,0.02844311377245509,0.9999971041900361
7835,0.000249500998003992,0.0
7836,0.13847305389221556,0.9999885020493087
7837,0.000499001996007984,0.0
7841,0.13972055888223553,0.6603704570157868
7843,0.13822355289421157,0.9999873444456343
7844,0.000499001996007984,0.0
7846,0.00124750499001996,0.0
7848,0.000249500998003992,6.333358666030696e-06
7859,0.05239520958083832,0.9573177575419611
7861,0.000499001996007984,0.0
7868,0.00124750499001996,0.9999999578982885
7869,0.000249500998003992,2.046910896034114e-05
7871,0.4967564870259481,0.9964503805319962
7876,0.0014970059880239522,0.0
7881,0.49001996007984033,0.9979507190448147
7882,0.49001996007984033,0.9979507188119868
7883,0.11776447105788423,0.9638596425967981
7893,0.09031936127744511,0.7022991591917463
7899,0.001746506986027944,0.9999697734765802
7905,0.46781437125748504,0.999984438284963
7907,0.4486027944111777,0.9556454287711829
7908,0.46806387225548907,0.9999998397349661
7910,0.002245508982035928,4.538287568978233e-06
7913,0.000499001996007984,8.446817092387603e-06
7922,0.001746506986027944,0.0
7923,0.000249500998003992,0.0
7926,0.13023952095808383,0.9995041830613327
7928,0.13023952095808383,0.985145372641625
7932,0.000249500998003992,0.0
7940,0.46806387225548907,0.9999999340088588
7947,0.470558882235529,0.9999999980037073
7950,0.470558882235529,0.9999999980037197
7951,0.14471057884231536,0.9999975961150902
7965,0.06212574850299401,0.430422347205747
7976,0.3345808383233533,0.9964973406403416
7979,0.00124750499001996,0.0
7980,0.000249500998003992,0.0
7981,0.000249500998003992,0.0
7983,0.00499001996007984,0.66450514318665
7985,0.000499001996007984,0.0
7994,0.15868263473053892,0.9999533455221575
7995,0.1906187624750499,0.9999458799753275
7996,0.001996007984031936,0.33197257421678733
8006,0.09456087824351297,0.9476510967769997
8007,0.2527445109780439,0.999923963007265
8009,0.24600798403193613,0.9984725702901058
8014,0.002245508982035928,0.0
8016,0.0007485029940119761,0.0
8017,0.25124750499001997,0.9975767920682092
8019,0.0014970059880239522,0.0
8020,0.000249500998003992,0.0
8027,0.18762475049900199,0.9998594555701193
8030,0.25,0.9918390478735143
8032,0.000499001996007984,1.437954602180353e-05
8041,0.31736526946107785,0.9999095050556627
8046,0.1282435129740519,0.9999999999479177
8048,0.000998003992015968,0.5011851450539467
8050,0.08782435129740519,0.9985027688140392
8054,0.28293413173652693,0.9999999898541916
8063,0.31312375249500995,0.9999999916391926
8064,0.31312375249500995,0.9999999916391917
8065,0.31312375249500995,0.9999999916391924
8068,0.025449101796407185,0.6868079605949188
8070,0.4578343313373253,0.9924268754154775
8072,0.31511976047904194,0.9999963313950899
8074,0.374001996007984,0.9933450392288113
8075,0.312624750499002,0.9999963347859802
8078,0.000249500998003992,0.0
8080,0.2836826347305389,0.9909495460559502
8087,0.00124750499001996,0.05713113078285505
8089,0.4643213572854291,0.9999437156742943
8093,0.08333333333333333,0.9778250123352977
8099,0.09081836327345309,0.9999996997038488
8104,0.09555888223552894,0.9788098648222066
8107,0.3263473053892216,0.3602851865506041
8109,0.012724550898203593,0.6016373350538683
8112,0.15518962075848303,0.3078697441543265
8118,0.27719560878243515,0.8831589539580841
8119,0.001746506986027944,0.0
8120,0.06112774451097804,0.781813303488687
8122,0.003493013972055888,0.016220263248028086
8123,0.0124750499001996,0.5392185650037739
8125,0.040419161676646706,0.7020168076053532
8127,0.000998003992015968,0.0
8130,0.003493013972055888,0.9747604742236089
8131,0.00124750499001996,0.0
8132,0.002245508982035928,0.24803053481462387
8133,0.0007485029940119761,0.0
8134,0.31786427145708585,0.9994459082407959
8145,0.00249500998003992,0.9999998348063944
8150,0.0029940119760479044,0.026990839898894906
8155,0.3143712574850299,0.9931512268328246
8161,0.0007485029940119761,0.9981901160563553
8166,0.002245508982035928,0.0
8178,0.003493013972055888,0.9999996428656147
8180,0.000249500998003992,0.0
8183,0.000249500998003992,0.0
8187,0.02220558882235529,0.7597445975411375
8188,0.005988023952095809,2.5953814212264566e-05
8194,0.16841317365269462,0.9999859416941137
8196,0.008982035928143712,0.5551974161620286
8197,0.000499001996007984,0.0
8200,0.07659680638722555,0.8784495314714671
8201,0.005239520958083832,0.012752528478680136
8204,0.015469061876247504,0.30272651256080463
8212,0.16192614770459082,0.9999999868565184
8213,0.29141716566866266,0.9891812479078262
8215,0.0007485029940119761,0.0
8219,0.3171157684630739,0.9170551673552158
8220,0.000499001996007984,0.0
8221,0.015469061876247504,0.6657415234781782
8222,0.04765469061876248,0.8149703370309699
8229,0.017714570858283433,0.9686001146463998
8230,0.03268463073852296,0.9596091465468061
8231,0.0656187624750499,0.7972370933323902
8237,0.000499001996007984,0.0
8239,0.08358283433133733,0.9425092085547592
8240,0.09006986027944112,0.9796973333697984
8254,0.011726546906187624,0.7775001074045432
8257,0.12250499001996008,0.9611193064335809
8259,0.0014970059880239522,0.0
8261,0.0750998003992016,0.9998686811289621
8265,0.003243512974051896,0.0
8270,0.07984031936127745,0.9709770932467344
8272,0.0750998003992016,0.999868681072043
8273,0.000499001996007984,0.0
8277,0.004740518962075849,0.0
8278,0.0780938123752495,0.9738509020699259
8280,0.0007485029940119761,0.2985002431997125
8284,0.000249500998003992,0.0
8288,0.00249500998003992,0.0
8302,0.038672654690618764,0.9999999672860898
8306,0.0027445109780439123,0.9990397041505643
8313,0.03293413173652695,0.9849699913863764
8322,0.05139720558882235,0.9177436591475199
8328,0.008233532934131737,0.9999952429299781
8329,0.06412175648702595,0.8671614708863233
8332,0.003992015968063872,0.5025580887778444
8340,0.00499001996007984,0.999996509107843
8345,0.12749500998003993,0.9978400244441189
8346,0.000249500998003992,0.0
8348,0.0656187624750499,0.9999999906320356
8349,0.11102794411177645,0.9486043309130333
8354,0.02245508982035928,0.6408521859832451
8356,0.007984031936127744,0.9999999966558895
8357,0.3782435129740519,0.9643419622140822
8359,0.13248502994011976,0.5808326522562957
8376,0.000249500998003992,0.0
8377,0.18812375249501,0.9772749746887012
8386,0.016966067864271458,0.8791306484670118
8390,0.19211576846307388,0.9999995566865073
8392,0.4323852295409182,0.985361054733241
8400,0.013972055888223553,0.999862550241037
8403,0.41891217564870264,0.9834074100553485
8407,0.000249500998003992,0.0
8408,0.00124750499001996,0.0
8409,0.000499001996007984,9.421029197924294e-06
8415,0.16492015968063872,0.9999357640677128
8421,0.0007485029940119761,0.0
8423,0.000249500998003992,0.0
8427,0.000249500998003992,0.0
8431,0.022954091816367265,0.9894362136791488
8434,0.4099301397205589,0.9996810070379835
8436,0.023203592814371257,0.989371195706294
8439,0.006736526946107785,0.545563385293896
8440,0.000249500998003992,8.042074601446169e-05
8441,0.007235528942115769,0.32824202339551084
8442,0.1379740518962076,0.9953096799863326
8447,0.39520958083832336,0.99998633800857
8450,0.000249500998003992,0.0
8451,0.013722554890219561,0.9999989422121585
8455,0.01347305389221557,0.9999989737679548
8456,0.4358782435129741,0.9726561435693414
8469,0.04316367265469062,0.7140619719421089
8470,0.18488023952095808,0.9424494313467515
8471,0.000249500998003992,0.0
8475,0.000998003992015968,0.24109988542917482
8476,0.000249500998003992,0.0
8487,0.000499001996007984,0.0
8489,0.000249500998003992,0.0
8491,0.44935129740518964,0.954564957446801
8493,0.19386227544910178,0.9803896458573719
8495,0.000249500998003992,0.0
8496,0.06387225548902195,0.8905424374576966
8501,0.00124750499001996,0.9988899600749199
8505,0.000499001996007984,0.0
8508,0.000499001996007984,0.0
8511,0.026696606786427147,0.725137387269067
8514,0.010728542914171657,0.34737740298650854
8516,0.055139720558882235,0.957494994822783
8517,0.44635728542914177,0.9614740964187664
8518,0.001746506986027944,0.33092807090826837
8519,0.000499001996007984,0.0
8522,0.0029940119760479044,0.6515992733935934
8523,0.0007485029940119761,0.0
8529,0.1848802395209581,0.9885368561653739
8534,0.06611776447105788,0.9282116625504875
8538,0.055139720558882235,0.7705403947484674
8539,0.07410179640718563,0.8288086488448354
8540,0.40494011976047906,0.9873655435137894
8545,0.2325349301397206,0.9496460101905149
8550,0.3468063872255489,0.96692320964404
8558,0.005988023952095809,0.8531897232985675
8559,0.000249500998003992,0.0
8562,0.062624750499002,0.8089736062054959
8569,0.46357285429141715,0.9997602987254764
8570,0.000499001996007984,0.0
8573,0.000499001996007984,0.0
8577,0.3682634730538922,0.9512461275383628
8580,0.1596806387225549,0.9833008957151522
8581,0.10978043912175649,0.9996451922256229
8584,0.10503992015968064,0.9911071658967298
8585,0.07435129740518964,0.9693514764620078
8588,0.0037425149700598802,0.0
8590,0.10678642714570859,0.6072338514606268
8594,0.39496007984031933,0.9871174870278204
8599,0.28742514970059885,0.997629395570222
8603,0.000499001996007984,0.0
8610,0.000249500998003992,0.0
8613,0.000499001996007984,0.0
8617,0.0007485029940119761,2.51927399176781e-05
8618,0.3989520958083832,0.9361862613722384
8620,0.03243512974051896,0.9999869282255993
8622,0.00124750499001996,0.0
8626,0.000249500998003992,0.0
8630,0.00249500998003992,6.228931827720575e-05
8631,0.16816367265469062,0.9582849062797398
8632,0.1534431137724551,0.9733769068260003
8633,0.07784431137724546,0.9307755318606025
8634,0.13498003992015967,0.9999922165216442
8647,0.4249001996007984,0.962025594930203
8648,0.33532934131736525,0.9979664194501092
8662,0.13697604790419163,0.958429028295395
8674,0.002245508982035928,0.0
8677,0.0007485029940119761,0.0
8684,0.000249500998003992,0.0
8686,0.07335329341317365,0.18356811783239574
8687,0.006487025948103792,0.14009678329375186
8692,0.1369760479041916,0.5754340840986149
8693,0.001746506986027944,0.002415054901247195
8694,0.003493013972055888,2.0659328766573668e-05
8697,0.003493013972055888,0.002500888710508791
8700,0.0014970059880239522,0.0
8702,0.0014970059880239522,0.00024748762602793436
8705,0.26796407185628746,0.8102882458640591
8708,0.31237524950099804,0.9501388922155287
8713,0.1694111776447106,0.9321634027066135
8714,0.18712574850299402,0.7689517901777002
8715,0.001746506986027944,0.00520548312240549
8717,0.3088822355289421,0.9479722807687646
8722,0.0007485029940119761,0.0
8723,0.11302395209580839,0.716624066964666
8730,0.0007485029940119761,3.153235293477696e-05
8736,0.000249500998003992,0.0
8740,0.00124750499001996,0.0
8741,0.020708582834331336,0.7882275317227003
8742,0.0007485029940119761,0.0
8745,0.2876746506986028,0.717528172760195
8746,0.000499001996007984,0.0
8750,0.002245508982035928,0.12007951137898025
8755,0.000249500998003992,4.520833176022082e-06
8757,0.023952095808383235,0.7444033181552979
8761,0.19535928143712575,0.8149887488255251
8762,0.001746506986027944,0.0
8765,0.000499001996007984,0.0
8774,0.001996007984031936,0.0037981677746629456
8775,0.13348303393213573,0.8145378223247682
8779,0.17315369261477045,0.848293402946504
8781,0.001746506986027944,0.0
8782,0.03992015968063872,0.9410384646789877
8784,0.017714570858283433,0.864035729367033
8787,0.000499001996007984,0.0
8788,0.16541916167664672,0.9859240606532125
8791,0.010479041916167664,0.9998490578812222
8793,0.04715568862275449,0.9999277890694943
8795,0.012974051896207584,0.999999979263312
8798,0.003493013972055888,0.1725686885571033
8804,0.04715568862275449,0.9354947481851273
8807,0.04740518962075848,0.9997345901700928
8811,0.000249500998003992,0.0
8812,0.00124750499001996,0.0
8813,0.000499001996007984,0.0
8814,0.000499001996007984,0.0
8820,0.0007485029940119761,0.0
8821,0.27944111776447106,0.9614054653869324
8827,0.000499001996007984,0.0
8830,0.18812375249500998,0.9966240863635817
8832,0.18787425149700598,0.9994976426923001
8833,0.18762475049900199,0.9996856284145074
8838,0.1092814371257485,0.9999905242857994
8841,0.04316367265469062,0.9467894384766605
8846,0.18837325349301398,0.9966240921225261
8852,0.18812375249500998,0.9965824288103199
8853,0.18837325349301398,0.9966240921225605
8858,0.1626746506986028,0.9996250653563967
8863,0.20484031936127745,0.997684537986833
8864,0.0037425149700598802,0.7485740987180195
8866,0.18488023952095808,0.9983618400420652
8868,0.16217564870259482,0.9919782412352053
8869,0.18488023952095808,0.9983687324554171
8874,0.17365269461077845,0.947031925182723
8877,0.218063872255489,0.9493786768203044
8880,0.35903193612774453,0.9380557725983147
8882,0.0007485029940119761,0.0
8886,0.00124750499001996,0.0
8889,0.1000499001996008,0.9815481603543004
8895,0.0007485029940119761,0.9981050497603384
8897,0.24451097804391217,0.9944430147774048
8900,0.0813373253493014,0.6551443433499694
8903,0.003243512974051896,0.9998048728355993
8908,0.000249500998003992,0.0
8912,0.3498003992015968,0.9582905037948378
8916,0.005988023952095809,0.8551621767347664
8917,0.001746506986027944,0.0
8929,0.0029940119760479044,1.713129928349394e-05
8930,0.47754491017964074,0.9920070004871052
8932,0.000249500998003992,0.0
8933,0.0007485029940119761,0.0
8937,0.48303393213572854,0.9601211453826585
8940,0.000499001996007984,0.0
8941,0.37325349301397204,0.9883507104792472
8942,0.000499001996007984,0.0
8946,0.000998003992015968,0.0
8949,0.1813872255489022,0.9945804231145188
8960,0.001746506986027944,0.0022220045323943357
8961,0.0027445109780439123,2.661376099784313e-05
8962,0.0014970059880239522,0.0
8963,0.1813872255489022,0.9957058317116888
8964,0.13298403193612773,0.9972766740680344
8965,0.2727045908183633,0.9997208384044531
8968,0.04890219560878244,0.999999931464406
8969,0.00124750499001996,0.0
8973,0.000499001996007984,0.0
8982,0.06037924151696607,0.950858123439233
8984,0.48078842315369263,0.9924154133989631
8987,0.00124750499001996,0.0
8988,0.001746506986027944,0.0
8990,0.000499001996007984,0.0
8991,0.000499001996007984,4.08381128747006e-06
8994,0.00124750499001996,0.9999999656265027
9000,0.00124750499001996,0.0
9004,0.0062375249500998,0.020482599883892703
9005,0.00124750499001996,0.2498908085858293
9014,0.06412175648702595,0.9999999920588238
9017,0.06412175648702595,0.9999999986946781
9023,0.0007485029940119761,0.0
9026,0.4977544910179641,0.9222482491416318
9028,0.06362275449101797,0.9999999343478492
9029,0.010479041916167664,0.06059885390420027
9032,0.08857285429141716,0.9227101756932197
9045,0.000249500998003992,0.0
9047,0.000499001996007984,0.0
9053,0.4832834331337325,0.9916752254599794
9058,0.0124750499001996,0.6607988619218628
9059,0.000249500998003992,0.0
9061,0.006736526946107785,0.9994593704734643
9064,0.000249500998003992,0.0
9066,0.0014970059880239522,0.24847283753370236
9072,0.007734530938123752,0.9999999922281149
9073,0.0007485029940119761,0.4989978873846887
9074,0.4473552894211577,0.999999995946439
9078,0.000998003992015968,0.9999999806023704
9079,0.4443612774451098,0.9998971386464676
9093,0.000249500998003992,0.0
9095,0.00124750499001996,0.0002481412166648109
9096,0.000249500998003992,0.0
9099,0.00249500998003992,0.0
9100,0.000998003992015968,0.0
9106,0.003992015968063872,0.006041374234269626
9108,0.000249500998003992,0.0
9111,0.000998003992015968,0.0
9112,0.46357285429141715,0.9999538823207094
9114,0.0007485029940119761,0.0
9116,0.4578343313373254,0.9999999976209191
9117,0.0074850299401197605,0.9999999848698785
9118,0.0014970059880239522,0.0
9123,0.002245508982035928,0.994325080305654
9124,0.009730538922155689,0.3868072172525743
9129,0.4628243512974052,0.9999969308052443
9135,0.0074850299401197605,0.9999999848698947
9136,0.001996007984031936,0.24847388096444767
9151,0.00124750499001996,0.1979101075818045
9155,0.043163672654690566,0.8206161234627656
9156,0.000249500998003992,0.0
9165,0.47629740518962077,0.9685760191606417
9166,0.000499001996007984,0.0
9167,0.438872255489022,0.9917728532462535
9169,0.4892714570858283,0.9998660185948042
9171,0.000499001996007984,0.0
9176,0.000249500998003992,0.0
9177,0.46781437125748504,0.9805341397675059
9180,0.47155688622754494,0.9816598372199865
9181,0.000998003992015968,0.42572369572565255
9185,0.4708083832335329,0.9882127244874369
9187,0.0074850299401197605,0.9999999848698952
9192,0.000249500998003992,0.0
9194,0.000249500998003992,0.0
9196,0.002245508982035928,0.0
9201,0.4777944111776447,0.9171596079862612
9202,0.4620758483033932,0.928696245212292
9203,0.4812874251497006,0.9164680269337568
9209,0.01122754491017964,0.2995574849020032
9212,0.000249500998003992,0.0
9217,0.000249500998003992,0.0
9219,0.4870259481037924,0.9783221946679188
9221,0.007984031936127744,0.6445826569042667
9226,0.000249500998003992,0.0
9228,0.4655688622754491,0.9813739125850037
9234,0.007734530938123752,0.35996136037946186
9245,0.000499001996007984,0.0
9247,0.000249500998003992,0.0
9256,0.000249500998003992,0.0
9257,0.38922155688622756,0.9999999865156886
9263,0.00873253493013972,0.35382235495993
9266,0.000499001996007984,0.9999999214595972
9269,0.000249500998003992,0.0
9276,0.00124750499001996,0.0
9277,0.000249500998003992,0.0
9278,0.0007485029940119761,0.9999999758909376
9280,0.3869760479041916,0.9999893208806997
9281,0.00499001996007984,0.7937392786177063
9282,0.015718562874251496,0.572109644830418
9285,0.38872255489021956,0.9999999669228274
9289,0.000249500998003992,0.0
9295,0.4308882235528942,0.9998481174993196
9301,0.38597804391217566,0.9999999843806723
9304,0.000499001996007984,0.0
9307,0.37000998003992014,0.920389644659296
9311,0.000249500998003992,0.0
9314,0.4907684630738523,0.9917922515384214
9319,0.4912674650698603,0.9917858511275053
9322,0.000249500998003992,0.0
9323,0.46132734530938124,0.9752561875912712
9325,0.013223552894211578,0.8577812992361219
9326,0.4219061876247505,0.9999999670090916
9331,0.000249500998003992,0.0
9332,0.3929640718562874,0.9832959524608837
9334,0.4219061876247505,0.9902484987479694
9338,0.42240518962075846,0.9999994020679889
9339,0.001746506986027944,0.023804020978847006
9341,0.000998003992015968,0.0
9343,0.000249500998003992,0.0
9344,0.004491017964071856,0.9719308756399685
9346,0.000249500998003992,4.360711623959349e-06
9348,0.004740518962075849,0.007424519181692239
9351,0.42240518962075846,0.9999994020678001
9352,0.3932135728542914,0.9999999997742048
9353,0.000249500998003992,0.0
9354,0.000499001996007984,0.0
9358,0.39221556886227543,0.9999999927874321
9359,0.39221556886227543,0.9999999927874266
9361,0.09356287425149701,0.7963497649022049
9366,0.000499001996007984,0.0
9367,0.00124750499001996,0.0
9368,0.0014970059880239522,0.0
9370,0.4588323353293413,0.9989511321780119
9371,0.4595808383233533,0.9989458359566621
9374,0.4481037924151697,0.9999997947146207
9375,0.43962075848303395,0.9730419425510168
9376,0.41916167664670656,0.9999985897995376
9377,0.47280439121756485,0.9999634607313579
9382,0.001746506986027944,0.023804033141162306
9384,0.48303393213572854,0.9898391644623568
9386,0.467564870259481,0.9814784147445392
9388,0.00124750499001996,0.9999825525868887
9389,0.000249500998003992,0.0
9396,0.001996007984031936,0.0
9405,0.436127744510978,0.9885192062094372
9422,0.000998003992015968,0.9999999806023842
9424,0.010229540918163672,0.16831079049015324
9425,0.4780439121756487,0.9999989999013406
9428,0.007734530938123752,0.8454870837830452
9436,0.0027445109780439123,0.012676248738169145
9437,0.000249500998003992,0.0
9440,0.49376247504990023,0.9999998137414117
9447,0.010728542914171657,0.8045460729412031
9458,0.005239520958083832,0.9999999988282036
9467,0.000998003992015968,0.9999999317028408
9468,0.010728542914171657,0.743616327500918
9471,0.3804890219560878,0.9335637106930721
9476,0.0062375249500998,0.6144829321757129
9477,0.0037425149700598802,0.08983180034304969
9480,0.0054890219560878245,0.01684869350584689
9481,0.3957085828343313,0.9398898827556903
9490,0.3867265469061876,0.9998569220090922
9491,0.000499001996007984,0.0
9492,0.007734530938123752,0.001029691123370974
9493,0.07734530938123753,0.9661743712155637
9494,0.008233532934131737,0.9685758331874649
9505,0.40269461077844315,0.9916036059236809
9507,0.4293912175648703,0.9998298627077812
9508,0.000998003992015968,0.0
9509,0.4024451097804391,0.9999993594859815
9514,0.000249500998003992,0.0
9520,0.12100798403193613,0.9999980114853286
9523,0.0007485029940119761,0.9987153510195416
9525,0.37874251497005984,0.9999289228736012
9528,0.008483033932135729,0.9676651214603684
9531,0.010978043912175649,0.7641871264176052
9533,0.00249500998003992,1.166012071421487e-06
9548,0.000249500998003992,0.0
9552,0.000499001996007984,5.682582179468568e-05
9553,0.000249500998003992,0.0
9556,0.0007485029940119761,0.0
9557,0.000499001996007984,0.0
9559,0.000249500998003992,0.0
9560,0.000499001996007984,0.0
9563,0.035179640718562874,0.9104249251101697
9564,0.32609780439121755,0.9999837708680657
9567,0.00249500998003992,0.0
9570,0.4628243512974052,0.926818237477375
9571,0.0074850299401197605,0.9080400267975064
9572,0.028942115768463075,0.9952891003516584
9573,0.4448602794411178,0.9259937133870617
9574,0.003243512974051896,0.9076860164473811
9579,0.001996007984031936,0.0
9582,0.02370259481037924,0.9959040082211674
9593,0.2871756487025948,0.9738939590145127
9595,0.026696606786427147,0.6946974578781634
9596,0.07135728542914171,0.9750557445749696
9605,0.09306387225548902,0.9328096263704432
9607,0.06761477045908183,0.9998175186049773
9609,0.02944111776447106,0.659877450155074
9612,0.07909181636726546,0.9998976798730967
9615,0.001746506986027944,0.0
9619,0.38448103792415167,0.991294308724553
9623,0.0249500998003992,0.9999997239090135
9625,0.3690119760479042,0.9778092524341265
9633,0.021956087824351298,0.9551706258858152
9641,0.3615269461077844,0.9999835551501768
9642,0.023203592814371257,0.901502496664101
9643,0.0054890219560878245,0.9970276201336555
9645,0.013722554890219561,0.24035255111914183
9648,0.44835329341317365,0.9500956856420927
9649,0.006487025948103792,0.9988024630707033
9650,0.3627744510978044,0.9568710767148262
9651,0.000249500998003992,0.0
9661,0.469311377245509,0.9990349144466575
9663,0.004740518962075849,0.9999999990651898
9672,0.03093812375249501,0.9436707754396348
9675,0.0007485029940119761,0.0
9680,0.0014970059880239522,0.44177491055779433
9681,0.48278443113772457,0.9994425010509032
9686,0.08258483033932136,0.9891517210265622
9693,0.4930139720558882,0.9986995370059846
9701,0.03792415169660679,0.9997813502210232
9704,0.001996007984031936,0.00014367219682865856
9713,0.019461077844311378,0.6955607233595466
9734,0.003992015968063872,0.0
9736,0.19760479041916168,0.99999999999834
9737,0.19760479041916168,0.9999999999983387
9739,0.019211576846307386,0.5473493700531827
9745,0.49476047904191617,0.9982059850043232
9747,0.19760479041916168,0.9999999999983391
9748,0.19710578842315368,0.9712914635705988
9750,0.19760479041916168,0.9999999999983376
9755,0.15094810379241516,0.999999981395263
9759,0.19760479041916168,0.999999999998342
9762,0.19760479041916168,0.9999999999983415
9772,0.19760479041916168,0.9999999999983371
9774,0.003493013972055888,0.5350095361566123
9777,0.19760479041916168,0.9999999999983396
9779,0.4740518962075848,0.9999999845329569
9781,0.0027445109780439123,0.9994663469803917
9784,0.000249500998003992,0.0
9786,0.1344810379241517,0.9925786679954067
9788,0.10079840319361277,0.9470674178311477
9790,0.000249500998003992,0.0
9791,0.16117764471057885,0.999998595195096
9796,0.000499001996007984,0.0
9797,0.11926147704590818,0.999999984411117
9800,0.1412175648702595,0.9999999993427391
9808,0.47030938123752497,0.9856979346165209
9809,0.19810379241516965,0.9999999999776479
9814,0.01122754491017964,0.41761980097957374
9815,0.15868263473053892,0.9999995702289792
9823,0.10079840319361277,0.947071810466652
9827,0.2058383233532934,0.9999999989781969
9829,0.1591816367265469,0.9999466432334307
9832,0.4770459081836327,0.99953028403879
9833,0.47679640718562877,0.9999981291813919
9834,0.1220059880239521,0.9918541764648606
9842,0.000249500998003992,0.0
9844,0.4780439121756487,0.9999999618315659
9845,0.4897704590818363,0.9999999266977755
9848,0.47754491017964074,0.9999999778935783
9851,0.009481037924151697,0.9999987576301861
9855,0.2432634730538922,0.9997044545372662
9859,0.13897205588822356,0.9999937724395093
9864,0.10678642714570859,0.9999923753835602
9868,0.14945109780439123,0.9999999980082965
9870,0.23478043912175647,0.9998591825484948
9871,0.26072854291417163,0.9902295625400626
9872,0.000499001996007984,9.459624389899143e-06
9874,0.2906686626746507,0.9999899727573514
9876,0.0007485029940119761,0.0
9878,0.2871756487025948,0.9881892445240662
9879,0.020459081836327345,0.047589347878247396
9880,0.003992015968063872,0.0
9882,0.000499001996007984,1.7641042817664998e-05
9885,0.001996007984031936,0.24117623313427858
9888,0.000499001996007984,4.019844521940308e-06
9891,0.25773453093812376,0.9999779841522485
9893,0.000499001996007984,0.0
9899,0.49226546906187624,0.9999979983481373
9909,0.2587325349301397,0.9883766128226597
9911,0.12325349301397205,0.9993664016445165
9913,0.000249500998003992,0.0
9916,0.1472055888223553,0.9999998758755416
9922,0.000249500998003992,0.0
9929,0.10703592814371257,0.9999915630934785
9933,0.00499001996007984,0.008565005503719636
9934,0.12300399201596807,0.9783214506477359
9936,0.12300399201596807,0.9970652154784391
9940,0.001996007984031936,0.0
9944,0.000499001996007984,0.0
9947,0.018463073852295408,0.6262253039086092
9948,0.17340319361277445,0.9961860312187545
9950,0.04565868263473054,0.9266592601097218
9962,0.009730538922155689,0.7286575632185658
9964,0.2654690618762475,0.9764861226714001
9971,0.000499001996007984,0.0
9973,0.00124750499001996,0.0
9974,0.000998003992015968,0.9999998598933559
9977,0.000249500998003992,0.0
9978,0.0037425149700598802,0.6369416527497433
9982,0.001746506986027944,0.0
9986,0.33682634730538924,0.9386178615702805
9991,0.0007485029940119761,0.0
9994,0.001996007984031936,0.0
9998,0.000249500998003992,0.0
