snp,maf,r2
0,0.2342814371257485,0.9132081428396508
3,0.000249500998003992,0.0
5,0.23602794411177644,0.9086103260735846
8,0.000998003992015968,0.0
9,0.054890219560878244,0.7573166638505396
10,0.0007485029940119761,0.0
11,0.000499001996007984,1.071045494232715e-05
12,0.000998003992015968,0.0
13,0.000499001996007984,0.0
14,0.14570858283433133,0.9244517589045653
15,0.281437125748503,0.9488717073018177
16,0.27844311377245506,0.9559886152645196
17,0.009231536926147704,0.8650419149332468
18,0.000249500998003992,0.0
19,0.17090818363273452,0.9060679737989389
22,0.00124750499001996,0.0
23,0.1591816367265469,0.9819345019227093
24,0.16067864271457086,0.9921978630806241
26,0.19810379241516965,0.9272670843068943
29,0.004740518962075849,0.0
30,0.000249500998003992,0.0
31,0.000249500998003992,0.0
32,0.000998003992015968,0.0
33,0.004491017964071856,0.208793581314729
34,0.27445109780439125,0.9552455771503698
36,0.000249500998003992,0.0
37,0.2055888223552894,0.9521885159411728
38,0.000249500998003992,0.0
39,0.000499001996007984,0.0
40,0.00249500998003992,0.004347609780014402
41,0.19860279441117765,0.9476347216314399
42,0.00124750499001996,0.9999999952881355
44,0.000499001996007984,0.0
46,0.0014970059880239522,0.0
47,0.1724051896207585,0.999930504829907
48,0.000499001996007984,0.0
49,0.003243512974051896,0.024603365931278806
50,0.280439121756487,0.9798941063893707
51,0.000998003992015968,0.0
52,0.0007485029940119761,0.011715175875663099
54,0.000998003992015968,0.0008670860500299827
56,0.16741516966067865,0.9079993535232157
57,0.00124750499001996,0.6554129704780152
58,0.2624750499001996,0.9823681682812302
59,0.08258483033932136,0.9303653114865897
60,0.25673652694610777,0.9709010734237282
61,0.007734530938123752,0.012898592242113097
62,0.000499001996007984,0.0
63,0.000499001996007984,0.0
64,0.2370259481037924,0.9030186802152245
65,0.17140718562874252,0.999985707778288
66,0.26347305389221554,0.9759613696641101
68,0.000499001996007984,0.0
69,0.001996007984031936,0.044576057939704344
70,0.15843313373253493,0.8788209000753218
71,0.001996007984031936,0.0
72,0.000998003992015968,0.0
73,0.000499001996007984,0.0
74,0.2926646706586826,0.9784336200592594
76,0.07235528942115768,0.9718898316481407
78,0.16467065868263472,0.9879380198017308
80,0.0042415169660678645,0.06041389071717457
81,0.1936127744510978,0.9692025643440627
82,0.000249500998003992,0.0
83,0.000499001996007984,0.0
84,0.003243512974051896,0.23079233834560076
87,0.07285429141716566,0.999832321232245
88,0.19486027944111775,0.9692912715190554
91,0.4740518962075848,0.9890558351257712
92,0.19461077844311378,0.9686220650470652
93,0.24201596806387227,0.9980182931316919
94,0.23028942115768464,0.9297596338196564
95,0.2307884231536926,0.9751732736681304
96,0.003992015968063872,0.027042794319105907
97,0.000249500998003992,0.0
98,0.4877744510978044,0.9843984782724471
99,0.48602794411177647,0.9926465999426267
102,0.2719560878243513,0.9885663136440255
103,0.010728542914171657,0.04488461069983905
105,0.00124750499001996,0.0
106,0.000499001996007984,0.0
107,0.009481037924151697,0.8915461370551282
108,0.17090818363273452,0.9282143323612907
109,0.44935129740518964,0.9964920675575617
111,0.00998003992015968,0.05743518724735488
112,0.0027445109780439123,0.0
113,0.10454091816367266,0.8947528106770998
114,0.07360279441117765,0.946974481318905
115,0.00124750499001996,0.01190848622905514
116,0.17739520958083832,0.9983463889744383
117,0.001996007984031936,0.03655224211899158
118,0.16666666666666666,0.9852649209981644
120,0.14870259481037923,0.9686102529150336
121,0.000499001996007984,0.0
122,0.000249500998003992,0.0
125,0.11926147704590818,0.9848197018044887
126,0.4792914171656687,0.9938766211457605
127,0.009481037924151697,0.06128406221356401
128,0.14021956087824353,0.9929046174450797
129,0.1694111776447106,0.9609130005918128
130,0.2574850299401198,0.9952172404532168
131,0.000249500998003992,0.0
132,0.34780439121756485,0.971440579425522
133,0.34830339321357284,0.9791680037909285
134,0.1404690618762475,0.9928619290317767
135,0.14845309381237526,0.9708038509544306
136,0.000249500998003992,0.0
137,0.000249500998003992,0.0
138,0.000998003992015968,0.0
139,0.11726546906187625,0.9622540097426351
140,0.11726546906187625,0.9622540071262217
141,0.11751497005988024,0.9622544349195429
143,0.31636726546906185,0.989775124342558
145,0.006487025948103792,0.3314937111186872
146,0.4970059880239521,0.9689644159455202
147,0.002245508982035928,0.01209912591345805
148,0.000998003992015968,0.0
150,0.4660678642714571,0.9776355935031773
153,0.00124750499001996,0.0
155,0.00124750499001996,0.013875904472528166
157,0.16392215568862276,0.9843067386185801
158,0.008483033932135729,0.10240504851584457
159,0.19261477045908185,0.9714339085936564
161,0.005988023952095809,0.13525015811033408
162,0.14820359281437126,0.9323101886888395
163,0.11077844311377245,0.9738332175206934
164,0.000249500998003992,0.0002829095406901198
165,0.00124750499001996,0.12306843255978107
167,0.1467065868263473,0.9542471380020378
168,0.17140718562874252,0.9841952970367897
169,0.006736526946107785,0.32880012306489725
171,0.11926147704590818,0.9983421281850461
172,0.1694111776447106,0.9698706054425767
173,0.16042914171656686,0.9649834378985884
175,0.005988023952095809,0.012187346943320432
176,0.17115768463073852,0.9531166752340807
178,0.001996007984031936,0.00010515945004685117
179,0.3690119760479042,0.9850088565134241
180,0.0037425149700598802,0.985459125268388
181,0.16841317365269462,0.9708896348950735
182,0.11452095808383234,0.988250176670188
183,0.36427145708582837,0.9666138460753214
185,0.000998003992015968,0.0
187,0.015718562874251496,0.21580480189714238
188,0.4510978043912176,0.991396324939964
189,0.0027445109780439123,0.011271986452179823
190,0.36452095808383234,0.9671489697782997
191,0.00124750499001996,0.0
192,0.000249500998003992,0.0
193,0.13697604790419163,0.9780464003696793
194,0.000249500998003992,0.0
195,0.12150698602794412,0.9894237437770692
196,0.001746506986027944,0.0
197,0.17165668662674652,0.9212141990162274
198,0.0037425149700598802,0.00029229271884985755
199,0.0037425149700598802,0.10512541039950682
201,0.000998003992015968,0.0
202,0.014221556886227544,0.21589347054282396
203,0.10853293413173652,0.9171645186615762
205,0.000249500998003992,0.0
206,0.2894211576846307,0.941831568780687
208,0.000499001996007984,0.0
209,0.0014970059880239522,0.11343796363521269
210,0.000998003992015968,0.7432668844536862
211,0.000249500998003992,4.611411384257889e-05
212,0.000998003992015968,0.4382292463268395
213,0.39496007984031933,0.17310812180734772
214,0.000499001996007984,0.0
215,0.2662175648702595,0.06799192962410161
217,0.2544910179640718,0.08683604675445314
219,0.0007485029940119761,0.0
221,0.0007485029940119761,0.0
222,0.28193612774451093,0.8980274650752655
223,0.000249500998003992,0.0
224,0.21082834331337325,0.3738930748808344
225,0.053393213572854294,0.7993664978275251
226,0.000249500998003992,0.0
227,0.4041916167664671,0.9181276556688893
228,0.000998003992015968,0.0
229,0.000499001996007984,0.0
230,0.00499001996007984,0.32530317223072724
231,0.000499001996007984,0.0
232,0.20134730538922155,0.4489290292802906
234,0.015718562874251496,0.5377354645233832
235,0.2025948103792415,0.4485870412283319
236,0.014221556886227544,0.46073068039384923
237,0.000499001996007984,0.0
238,0.000249500998003992,0.0
239,0.47430139720558884,0.9208305225739737
240,0.07709580838323353,0.9005808335882811
241,0.000249500998003992,0.0
242,0.19011976047904192,0.3870863433302143
243,0.2272954091816367,0.9655720839584818
244,0.24700598802395213,0.9885646407818987
245,0.000499001996007984,0.08238869591066995
246,0.00124750499001996,0.02124624932212171
247,0.000249500998003992,0.0
248,0.000249500998003992,0.0
249,0.005738522954091816,0.6663659419517521
250,0.07634730538922156,0.956208532214805
252,0.0531437125748503,0.9999999856615722
253,0.08932135728542914,0.9602611247519769
255,0.00249500998003992,0.0
257,0.001996007984031936,0.014124106862907203
258,0.3018962075848304,0.9999962097773397
259,0.3018962075848304,0.9999962097676606
260,0.20409181636726548,0.44166887994052956
261,0.3018962075848304,0.9999962097773246
262,0.3013972055888223,0.9999999892292637
263,0.000249500998003992,0.0
264,0.008233532934131737,0.020003033826899903
265,0.00124750499001996,0.0
266,0.30988023952095806,0.9648254670040711
268,0.05289421157684631,0.9999999860986251
269,0.00499001996007984,0.013092323175919964
270,0.05289421157684631,0.9999999860986284
271,0.0007485029940119761,0.0
273,0.21332335329341318,0.43414785013291335
275,0.248003992015968,0.9999105145879218
277,0.29416167664670656,0.9811459921511777
278,0.000249500998003992,0.0
279,0.0014970059880239522,0.0002358359884328796
281,0.00124750499001996,3.301253165774059e-05
282,0.29740518962075846,0.9692186772353228
283,0.000249500998003992,3.689087666484233e-06
284,0.0499001996007984,0.9999999761754556
285,0.08857285429141716,0.9587332142524908
287,0.06511976047904192,0.8606264901332829
288,0.21107784431137724,0.4428620299501438
289,0.3078842315369261,0.9615059571357012
291,0.04965069860279441,0.9999986887135228
293,0.20184630738522955,0.4532023297135132
294,0.000249500998003992,0.0
295,0.000249500998003992,0.0
297,0.001746506986027944,4.9790669621708407e-05
298,0.08857285429141716,0.958733217942693
299,0.0014970059880239522,0.0
300,0.000499001996007984,0.0
303,0.051646706586826345,0.9999999963786126
304,0.010479041916167664,0.09236704290409847
305,0.000998003992015968,0.0
306,0.000499001996007984,0.0
307,0.04915169660678643,0.9999999926541201
309,0.000249500998003992,0.0
310,0.0007485029940119761,0.0
311,0.006736526946107785,0.11249498843654483
312,0.051646706586826345,0.9999999879275938
313,0.000499001996007984,0.0
314,0.21731536926147704,0.45471210160741765
315,0.02869261477045908,0.6056911899411311
316,0.000499001996007984,0.0
317,0.000249500998003992,0.0
318,0.000499001996007984,0.0
319,0.08907185628742514,0.9533139542284722
320,0.04915169660678643,0.9999999926541159
321,0.056387225548902194,0.9163844197181665
322,0.000499001996007984,0.0
323,0.0007485029940119761,0.0
324,0.218562874251497,0.4134561244876475
325,0.000499001996007984,1.426787164473236e-05
326,0.30439121756487025,0.9890856180470139
327,0.19635728542914171,0.3989172211556937
328,0.000499001996007984,0.0
329,0.3046407185628742,0.9814773778122379
330,0.2250499001996008,0.41828417355969677
331,0.015968063872255488,0.8512642304540885
332,0.20484031936127745,0.4495965691940098
333,0.000998003992015968,0.0
334,0.000998003992015968,0.0
335,0.001996007984031936,0.8329402567623369
338,0.24326347305389218,0.9831853451766225
339,0.00124750499001996,0.0
340,0.000499001996007984,0.0
341,0.02619760479041916,0.19295546398100877
342,0.08408183632734531,0.9488356275032103
343,0.06387225548902195,0.8613114079389431
344,0.003243512974051896,0.028903427342783748
345,0.2954091816367265,0.49712236168305673
346,0.000499001996007984,0.0
348,0.24500998003992014,0.9947144290338794
349,0.005239520958083832,0.6042413642246699
350,0.0845808383233533,0.879741484288896
351,0.0032435129740518986,0.0
352,0.005738522954091816,0.015475777298575926
353,0.000249500998003992,0.0
354,0.3073852295409182,0.9775368134101513
355,0.000499001996007984,0.04235072618954434
356,0.0014970059880239522,0.0
357,0.000249500998003992,0.0
358,0.3083832335329342,0.9773844841327036
360,0.003992015968063872,0.1488648120639649
361,0.3008982035928144,0.9650834179716368
363,0.3023952095808383,0.965093619908525
364,0.000249500998003992,0.0
365,0.000249500998003992,0.0
367,0.000998003992015968,0.0
368,0.20234530938123751,0.44261668397395076
369,0.0062375249500998,0.005599822239976125
370,0.2063373253493014,0.4442255237934817
371,0.05039920159680639,0.8765257050799516
372,0.001746506986027944,0.0
373,0.000249500998003992,2.44896292932281e-05
374,0.03318363273453094,0.8081319860760252
375,0.2090818363273453,0.45533464222561426
376,0.005988023952095809,0.021569096126313216
377,0.001996007984031936,0.014124111327693013
378,0.000499001996007984,8.267475334888098e-06
380,0.10029940119760479,0.8293641874697313
381,0.001746506986027944,0.0
382,0.000998003992015968,0.0
383,0.002245508982035928,0.0057559311754204565
384,0.00124750499001996,0.0
385,0.000499001996007984,0.0
386,0.0007485029940119761,0.0
387,0.2090818363273453,0.463495014904538
389,0.30164670658682635,0.9932242712748489
390,0.004491017964071856,0.0029930625338234497
391,0.000499001996007984,3.030995643919021e-05
392,0.04915169660678643,0.999988061263705
393,0.24700598802395213,0.9961810518265309
394,0.24700598802395213,0.996181051131284
395,0.000249500998003992,0.0
397,0.000998003992015968,0.0
399,0.0007485029940119761,0.0
400,0.000249500998003992,0.0
401,0.08283433133732535,0.8077491413483332
402,0.0007485029940119761,0.0
403,0.3001497005988024,0.9889983058409311
404,0.006487025948103792,0.005604594831119044
405,0.07035928143712575,0.9998185074835081
406,0.48003992015968067,0.9517994693980688
407,0.3842315369261477,0.938788026201308
408,0.30988023952095806,0.9457927969863328
409,0.3380738522954092,0.4517233311083811
410,0.38098802395209586,0.9563951241776029
411,0.3934630738522954,0.9576429167328983
412,0.3924650698602794,0.9660867739126542
413,0.09580838323353294,0.913830663398672
414,0.0014970059880239522,0.23797357576215586
415,0.09605788423153692,0.9141825478420117
416,0.09605788423153692,0.9331964523587806
417,0.09580838323353294,0.9332103338459078
418,0.31237524950099804,0.905107086629929
421,0.000249500998003992,0.0
422,0.3061377245508982,0.9832031818351954
425,0.09481037924151696,0.91324571341058
426,0.05289421157684631,0.9992213456768663
427,0.3143712574850299,0.9539796872819596
428,0.005239520958083832,0.16330764806203238
429,0.00124750499001996,0.0
430,0.0042415169660678645,0.02855418112186131
431,0.31037924151696605,0.9439933283174552
432,0.09580838323353294,0.9328199671264529
433,0.07110778443113773,0.9681808055307377
434,0.000499001996007984,0.004974044742515942
435,0.0499001996007984,0.99982646934327
436,0.000499001996007984,0.0
437,0.16741516966067865,0.9585234370650079
438,0.000249500998003992,0.0
439,0.015968063872255488,0.5065100939279394
440,0.000998003992015968,0.0
441,0.3051397205588822,0.9732464310629318
444,0.000249500998003992,0.0
445,0.006986027944111776,0.1124949070161754
446,0.4089321357285429,0.8579006627890807
449,0.2118263473053892,0.777661843620309
450,0.061377245508982034,0.5879697684229571
452,0.000249500998003992,0.0
453,0.0054890219560878245,0.41344367364104245
454,0.3665169660678643,0.8077959208695297
455,0.000998003992015968,0.0
457,0.000249500998003992,0.0
458,0.21082834331337325,0.11030244079610727
459,0.000249500998003992,0.0
460,0.001996007984031936,0.00023363380935497618
461,0.20409181636726548,0.34122095379427625
462,0.0007485029940119761,0.0
463,0.000249500998003992,0.0
464,0.000249500998003992,0.0
465,0.0027445109780439123,0.9992571024770541
468,0.013972055888223553,0.136158178012858
470,0.000249500998003992,0.0
471,0.26422155688622756,0.980600823230869
472,0.000499001996007984,0.0
473,0.001996007984031936,0.010065467905490377
474,0.0029940119760479044,0.0009954446404196043
476,0.0007485029940119761,0.0
477,0.3156187624750499,0.951394828255799
478,0.1656686626746507,0.8480098573466388
479,0.2647205588822355,0.9693349653072126
480,0.000249500998003992,0.0
482,0.000249500998003992,0.0
483,0.0007485029940119761,0.0023927006996463185
485,0.000249500998003992,0.0
486,0.4453592814371258,0.9775739201073217
487,0.009481037924151697,0.07262084223493148
488,0.40993013972055886,0.9320570262273018
489,0.010229540918163672,0.7045159488474293
491,0.023453093812375248,0.09689461780078056
492,0.26097804391217566,0.9697713137837176
493,0.3218562874251497,0.9926075963768247
494,0.001746506986027944,0.010112718567601231
495,0.012724550898203593,0.2513016084379022
496,0.000249500998003992,0.0
497,0.0014970059880239522,0.0
498,0.25823353293413176,0.975830532280291
499,0.000249500998003992,0.0
500,0.16791417165668662,0.8613708309675276
501,0.25848303393213573,0.9703060264315648
502,0.4718063872255489,0.8240535309972784
504,0.3772455089820359,0.9474800250724903
508,0.000499001996007984,0.0
510,0.2894211576846307,0.9458305525934141
511,0.3532934131736527,0.9973207532218527
512,0.2654690618762475,0.9449815097298564
513,0.11177644710578842,0.5449368065670621
514,0.27994011976047906,0.9999978680520195
515,0.35204590818363274,0.9972778398688691
516,0.000249500998003992,0.0
517,0.00124750499001996,0.0
518,0.001746506986027944,0.0
520,0.000249500998003992,0.06007265026396018
521,0.010479041916167664,0.6858259626881114
522,0.280189620758483,0.9999999959018253
523,0.280189620758483,0.9999999959018246
524,0.27969061876247503,0.999956436515221
526,0.2776946107784431,0.9824566720262371
527,0.281187624750499,0.9999999997357782
528,0.26322355289421157,0.9525656878790325
529,0.03617764471057884,0.73050442449864
530,0.281187624750499,0.9999999997357703
531,0.281187624750499,0.9999999997357845
532,0.000249500998003992,0.0
533,0.37949101796407186,0.9458973757021159
534,0.000249500998003992,0.0
535,0.0007485029940119761,0.0
536,0.007734530938123752,0.03373625643316433
538,0.002245508982035928,0.0
539,0.05264471057884232,0.6906418638007568
540,0.000499001996007984,0.0
541,0.281187624750499,0.9999999997357836
546,0.038672654690618764,0.7506212556498616
547,0.010479041916167664,0.05086242431022188
548,0.000249500998003992,0.0
549,0.011477045908183632,0.058550802510828226
551,0.000249500998003992,0.00029933828821694295
552,0.025698602794411177,0.4122833420394726
554,0.001746506986027944,0.0
555,0.0007485029940119761,0.0
556,0.027694610778443114,0.3214528558946415
558,0.000249500998003992,0.0
560,0.000249500998003992,0.0
561,0.006736526946107785,0.040700998124611885
563,0.0007485029940119761,0.0
564,0.36601796407185627,0.5507361390100669
565,0.000249500998003992,0.0
566,0.000499001996007984,0.0
567,0.000249500998003992,0.0
568,0.4498502994011976,0.8203756650026768
569,0.000249500998003992,0.0
570,0.0029940119760479044,8.11799500340956e-06
571,0.20209580838323354,0.5439900237668648
572,0.000249500998003992,0.0
573,0.05963073852295409,0.8999793727520083
574,0.013223552894211578,0.04460375077671345
575,0.000249500998003992,0.0
576,0.4555888223552894,0.8564161682832088
577,0.27569860279441116,0.6540664339449322
578,0.000249500998003992,0.0
579,0.0007485029940119761,0.0
580,0.14271457085828343,0.42292399283467924
582,0.26746506986027946,0.6473805108842745
583,0.14471057884231536,0.4402835045628942
584,0.08183632734530938,0.5568903542622311
585,0.2647205588822355,0.6475948974475726
587,0.005988023952095809,0.13782791294460373
588,0.03842315369261477,0.35509218102369544
589,0.14945109780439123,0.4469469437948158
590,0.000249500998003992,0.0
591,0.001996007984031936,0.0
592,0.09580838323353294,0.7264933543798046
593,0.4518463073852295,0.9453885576086867
596,0.028942115768463075,0.9989711547863296
597,0.000249500998003992,0.0
598,0.000249500998003992,0.0
599,0.0029940119760479044,0.024372688462843246
600,0.4426147704590818,0.991505843755147
601,0.003992015968063872,4.3788553745924045e-06
602,0.004740518962075849,0.010860393349934942
603,0.3567864271457086,0.9242836405048799
604,0.35429141716566864,0.9264720548698868
605,0.000249500998003992,0.0
606,0.4433632734530938,0.9998046500378273
610,0.000249500998003992,5.337803730412724e-05
611,0.344810379241517,0.975410338498284
614,0.344311377245509,0.9908500005348707
615,0.344311377245509,0.9908500002029004
616,0.0052395209580838875,0.0007325478857334942
617,0.000249500998003992,0.0
619,0.4216566866267465,0.9785009044400292
620,0.0029940119760479044,0.0004472647059869171
622,0.000249500998003992,0.0024173974788673073
625,0.000249500998003992,0.0
626,0.000249500998003992,0.0
627,0.0007485029940119761,0.0
628,0.40693612774451093,0.8507966248553007
629,0.000499001996007984,0.0
630,0.009231536926147704,0.04662633438197732
631,0.002245508982035928,0.05938758850176466
633,0.006986027944111776,0.2951544312434741
634,0.20159680638722555,0.9587656007867627
635,0.000249500998003992,0.0
636,0.003243512974051896,0.001121973998570977
637,0.05788423153692615,0.865413752699595
638,0.1344810379241517,0.9359619683295862
639,0.0007485029940119761,0.0
640,0.000249500998003992,0.0
641,0.20059880239520958,0.9498745982740356
642,0.000249500998003992,0.0
643,0.003992015968063872,0.16122714567469143
644,0.3023952095808383,0.9931909971427941
647,0.000499001996007984,0.19600090454188446
648,0.4406187624750499,0.9874118050752636
649,0.3804890219560878,0.9914472962161684
650,0.13647704590818363,0.9602851520178405
651,0.003493013972055888,0.8854764823766597
652,0.000998003992015968,0.0
653,0.38622754491017963,0.9879159347558488
655,0.0037425149700598802,0.19546045382861363
657,0.000249500998003992,0.0
658,0.0007485029940119761,0.0
660,0.000249500998003992,0.0
662,0.001996007984031936,0.06959573313981042
665,0.003992015968063872,0.01737339979663861
671,0.000249500998003992,0.0
672,0.001996007984031936,0.0
674,0.007235528942115769,0.6088099961616505
675,0.4466067864271457,0.9212604193193367
676,0.1277445109780439,0.9433873055387435
677,0.12350299401197605,0.9387141477342551
679,0.0007485029940119761,0.0
680,0.000249500998003992,0.0
681,0.0007485029940119761,0.006982528304436769
682,0.004491017964071856,0.009239165120350806
684,0.002245508982035928,0.0
685,0.008233532934131737,0.3921219236039751
687,0.000499001996007984,0.5007581684977264
689,0.000998003992015968,0.0
690,0.0014970059880239522,4.948176358712268e-05
691,0.0561377245508982,0.9252253863076171
692,0.02220558882235529,0.6146281150079358
694,0.000499001996007984,0.0
695,0.0029940119760479044,0.0
696,0.030439121756487025,0.7961275036889006
697,0.46407185628742514,0.9411327125146642
698,0.003493013972055888,0.6943754015774153
700,0.011726546906187624,0.9999999999735933
702,0.11926147704590818,0.9074254951434184
703,0.000499001996007984,0.0
704,0.001996007984031936,0.10849655614854017
706,0.031686626746506984,0.8167283492034604
707,0.06087824351297405,0.8939113049351052
710,0.000249500998003992,0.0
711,0.06087824351297405,0.8999146445194933
712,0.0007485029940119761,0.0005364802931311236
713,0.03218562874251497,0.7272596833030318
714,0.061377245508982034,0.8991428461403751
715,0.3290918163672655,0.9909702224772529
716,0.06661676646706587,0.8793117359446969
718,0.4216566866267465,0.9825630253577549
719,0.00124750499001996,0.3329642641321261
720,0.4416167664670658,0.9455086401385361
721,0.031686626746506984,0.8443760997407336
723,0.36676646706586824,0.9921962528501462
726,0.4094311377245509,0.9814175700815451
727,0.4433632734530938,0.9699356150230811
728,0.019461077844311378,0.18866235952188237
729,0.4456087824351297,0.9768738267050571
730,0.16042914171656686,0.8153073489944145
733,0.1783932135728543,0.7854943910055335
734,0.002245508982035928,0.0
735,0.008483033932135729,0.059478832999477566
737,0.14246506986027943,0.8433857492665365
738,0.04291417165668663,0.36032082936232074
739,0.11826347305389222,0.9091880837200953
740,0.17739520958083832,0.7607185066209761
741,0.14246506986027943,0.843385739917379
743,0.002245508982035928,0.24945715444446315
744,0.19610778443113772,0.7526557450645115
745,0.4865269461077844,0.941763063392306
746,0.4109281437125748,0.9527955213975152
747,0.1284930139720559,0.6047399031031586
748,0.001746506986027944,0.0
750,0.2874251497005988,0.8236267195744422
752,0.1534431137724551,0.9999552050661739
754,0.0007485029940119761,0.0
755,0.3315868263473054,0.8203238059788683
756,0.30763473053892215,0.9999778261289334
757,0.344311377245509,0.9728052132771607
759,0.0037425149700598802,0.02591749605447097
760,0.48303393213572854,0.9999732840409375
761,0.000249500998003992,0.00029070288947591403
762,0.4922654690618763,0.938191903056231
763,0.000998003992015968,0.12224988456948889
764,0.003992015968063872,0.5979010631223023
765,0.4935129740518962,0.9999772216494022
766,0.000499001996007984,0.0
770,0.49426147704590817,0.9999761326430935
771,0.49426147704590817,0.9999343295405532
772,0.4937624750499002,0.999999998952041
774,0.4945109780439122,0.999937600512228
775,0.00873253493013972,0.35424304013080293
776,0.4940119760479042,0.9999985843428415
777,0.32984031936127745,0.9990115187905332
778,0.051646706586826345,0.3163906392041905
779,0.013722554890219561,0.4543928194156176
783,0.49326347305389223,0.9998087556887013
784,0.4937624750499002,0.9999999998815112
785,0.4940119760479042,0.9999999793963031
786,0.004491017964071856,0.989055238552628
789,0.4937624750499002,0.999999999881511
790,0.000499001996007984,0.0007963217576058372
792,0.000249500998003992,0.0
793,0.13547904191616766,0.9633650757955529
794,0.0007485029940119681,0.0
795,0.4977544910179641,0.9682430148708623
796,0.49925149700598803,0.9994129150522604
799,0.33083832335329344,0.999993420013117
800,0.000499001996007984,0.0
801,0.0007485029940119761,0.0
802,0.43737524950099804,0.999845049152339
803,0.000249500998003992,0.0
805,0.00499001996007984,0.3188523004262711
806,0.14595808383233533,0.9999999960216446
807,0.04141716566866267,0.36370436372246306
809,0.49076846307385225,0.9987126304607088
811,0.23927145708582834,0.8273986694715127
812,0.0007485029940119761,0.0
813,0.000249500998003992,0.0
815,0.000499001996007984,0.0
817,0.000499001996007984,0.0
818,0.021956087824351298,0.17407766464111749
819,0.000249500998003992,0.0
820,0.43687624750499,0.9999600781334284
821,0.00124750499001996,0.006008794139663998
822,0.000249500998003992,0.0
823,0.3096307385229541,0.9988599880116389
826,0.437125748502994,0.9999482083550307
827,0.000249500998003992,0.0
828,0.0007485029940119761,0.9999999910913051
829,0.16766467065868262,0.9758619569393497
831,0.002245508982035928,0.034574740158918274
833,0.000249500998003992,0.0
834,0.0014970059880239522,0.0
835,0.06636726546906188,0.34760015339376665
836,0.000249500998003992,0.0
838,0.0029940119760479044,4.2153595243785225e-06
839,0.002245508982035928,0.0
840,0.27894211576846306,0.8725758019340729
841,0.0037425149700598802,0.010549237008514662
842,0.30988023952095806,0.9297562651445832
843,0.000499001996007984,0.0007963221133895757
844,0.004491017964071856,0.0004929044976141197
845,0.2786926147704591,0.8726753625158796
846,0.000249500998003992,0.0
847,0.2779441117764471,0.8623471337747795
848,0.31037924151696605,0.9298820538052097
849,0.03243512974051896,0.4088352619930392
850,0.000249500998003992,8.078137332344181e-06
852,0.18887225548902195,0.9735512602703928
853,0.00249500998003992,0.0
854,0.00249500998003992,0.0
855,0.000249500998003992,0.0
856,0.17440119760479042,0.9860882343675123
858,0.000249500998003992,0.0
861,0.001996007984031936,0.27806401107862194
862,0.1906187624750499,0.9869923944157467
864,0.0007485029940119761,0.0
865,0.19835329341317365,0.9848270942899888
866,0.19835329341317365,0.9991535980681369
867,0.015469061876247504,0.9997977234095469
868,0.023453093812375248,0.5707844578644483
869,0.12874251497005987,0.9379536705956973
871,0.0027445109780439123,0.9999931533763151
872,0.00124750499001996,0.00034934539671694617
873,0.16392215568862276,0.9525967980500831
874,0.035179640718562874,0.21875793912710753
875,0.08383233532934131,0.8172403440200701
876,0.156936127744511,0.9599709898174906
877,0.000499001996007984,0.0
880,0.000249500998003992,0.0
881,0.000249500998003992,0.0
883,0.29191616766467066,0.8777246110875693
884,0.00124750499001996,0.16129894737362402
885,0.006986027944111776,0.08030852975799703
886,0.021706586826347306,0.45504924617548576
888,0.000249500998003992,0.0
889,0.022704590818363273,0.49084590019798485
890,0.000998003992015968,0.0
892,0.22854291417165667,0.763759785074892
893,0.00124750499001996,4.9456095242310155e-05
895,0.000499001996007984,0.0
896,0.000249500998003992,0.0
898,0.000499001996007984,0.0
899,0.003493013972055888,0.0802783150995647
900,0.0007485029940119761,4.944485811050493e-05
901,0.10304391217564868,0.8953147408065038
903,0.000249500998003992,0.0
904,0.000249500998003992,0.0
906,0.000249500998003992,0.0
908,0.000249500998003992,0.0
909,0.10853293413173648,0.8902645173600822
910,0.000499001996007984,0.0
911,0.3088822355289421,0.8632006889427469
912,0.000499001996007984,0.0
913,0.47155688622754494,0.8611541543558444
914,0.001996007984031936,0.01637109907181898
917,0.002245508982035928,0.06916679390982301
918,0.0007485029940119761,0.0
920,0.000249500998003992,0.0
921,0.01971057884231537,0.36243503723924697
922,0.001996007984031936,0.00022278729247305812
923,0.003243512974051896,0.0
924,0.000249500998003992,0.0
925,0.000249500998003992,0.0
926,0.0037425149700598802,0.33097252087352313
927,0.4101796407185629,0.8929558049087634
928,0.47030938123752497,0.9789761043509554
930,0.006487025948103792,0.2876584492525457
931,0.0037425149700598802,0.9313210919138079
932,0.3101297405189621,0.8988562565634897
933,0.31636726546906185,0.8893808184469182
934,0.023453093812375248,0.27574215920528067
935,0.000249500998003992,0.0
936,0.000249500998003992,0.0
937,0.000249500998003992,1.874301048101141e-05
938,0.00124750499001996,0.9999972192880948
939,0.007984031936127744,0.0
940,0.0007485029940119761,0.0
941,0.000249500998003992,0.0
944,0.3058882235528942,0.9162909037432375
945,0.0054890219560878245,9.524924356151369e-05
946,0.46357285429141715,0.9999975027561921
948,0.000249500998003992,0.0
951,0.000249500998003992,0.0
953,0.000499001996007984,0.0
954,0.000249500998003992,0.0
956,0.1803892215568862,0.718309735051256
960,0.000249500998003992,0.0
961,0.0029940119760479044,0.12466536708022719
964,0.27669660678642716,0.9051448634112282
965,0.0014970059880239522,0.0
966,0.2934131736526946,0.7255707076979735
967,0.006986027944111776,0.08027821669765058
969,0.37200598802395207,0.6085819084821287
971,0.38173652694610777,0.5740768825180765
974,0.10404191616766467,0.198477656488269
975,0.000249500998003992,0.0
976,0.007984031936127744,0.009794071488653158
977,0.28892215568862273,0.632055120267678
978,0.013223552894211578,0.15474843517994985
979,0.000499001996007984,0.00025366955246565096
980,0.000499001996007984,0.0
982,0.07709580838323353,0.7785294279930467
983,0.000249500998003992,0.0
984,0.0780938123752495,0.8350221329331422
985,0.0783433133732535,0.834833971306797
986,0.24276447105788423,0.9065396418821356
987,0.0007485029940119761,0.0
988,0.000499001996007984,0.4989979854193784
989,0.00124750499001996,0.0
990,0.0014970059880239522,0.0
991,0.000249500998003992,0.0
993,0.03567864271457086,0.94769019902812
994,0.000998003992015968,0.0
995,0.035429141716566866,0.9470206116544649
996,0.000499001996007984,0.0
997,0.09655688622754491,0.9203346582691164
998,0.09655688622754491,0.9203346611500339
999,0.000249500998003992,0.0
1003,0.000249500998003992,0.0
1004,0.010978043912175649,0.2615948779388946
1006,0.026447105788423155,0.03009798047849509
1008,0.15244510978043913,0.9458961419501883
1009,0.16192614770459082,0.943646906877638
1010,0.20733532934131738,0.9121430694426953
1012,0.000249500998003992,0.0
1013,0.0007485029940119761,0.0
1014,0.14471057884231536,0.9022635500835927
1015,0.1372255489021956,0.8911225243973117
1016,0.1372255489021956,0.9145574380137433
1017,0.007235528942115769,0.26688079573163265
1019,0.1372255489021956,0.9145700971557381
1020,0.00499001996007984,0.12943253084939857
1021,0.000249500998003992,0.0
1022,0.13847305389221556,0.9145363474391656
1023,0.001996007984031936,0.0
1024,0.13872255489021956,0.8459396681834137
1025,0.13872255489021956,0.8701007721107199
1026,0.13897205588822356,0.8701050290535804
1028,0.13947105788423153,0.8448624854262418
1029,0.001996007984031936,0.9381690424986638
1030,0.13597804391217566,0.8551533646976296
1031,0.0656187624750499,0.9999553396545677
1032,0.13922155688622753,0.841309090779223
1033,0.0007485029940119761,0.0
1034,0.000499001996007984,0.031983542105414424
1035,0.0656187624750499,0.9999732980686776
1037,0.15494011976047903,0.8477051285952031
1038,0.000249500998003992,0.0
1040,0.15568862275449102,0.8486026897487701
1041,0.15518962075848303,0.8360093342195715
1042,0.000249500998003992,0.0001374611230115445
1043,0.01472055888223553,0.9999809674338199
1044,0.08058882235528943,0.979239569776147
1047,0.0007485029940119761,0.0
1049,0.000249500998003992,0.0
1050,0.08982035928143713,0.7704787454515204
1051,0.008982035928143712,0.9921669177633622
1052,0.000249500998003992,0.0
1053,0.015968063872255488,0.9777696802476766
1054,0.000499001996007984,0.0
1055,0.0718562874251497,0.8568206043685171
1056,0.022954091816367265,0.7758467204490094
1057,0.0014970059880239522,0.19812159179119815
1058,0.000249500998003992,0.0
1060,0.2155688622754491,0.826779881430445
1062,0.01472055888223553,0.9999592415162541
1063,0.45484031936127745,0.1932441112089583
1064,0.000499001996007984,0.0
1065,0.0845808383233533,0.774222144908845
1066,0.14795409181636726,0.6469948087235621
1068,0.022704590818363273,0.8604140368442712
1069,0.06611776447105788,0.971671544292567
1070,0.02719560878243513,0.7180997248753279
1071,0.0007485029940119761,0.0
1072,0.07659680638722555,0.5252525458378663
1073,0.07634730538922156,0.5600408120211101
1074,0.19386227544910178,0.6385897434882277
1075,0.004491017964071856,0.0
1076,0.000249500998003992,0.0
1077,0.003243512974051896,0.019489271310777913
1078,0.17290419161676646,0.6668141913681949
1079,0.00998003992015968,0.038696340055384686
1080,0.001996007984031936,0.0
1086,0.01621756487025948,0.915247377835917
1087,0.05389221556886228,0.6269471317192357
1088,0.05414171656686627,0.6269547215979068
1089,0.05389221556886228,0.6269471425528249
1090,0.062624750499002,0.5988937539768313
1093,0.000249500998003992,0.0
1095,0.05389221556886228,0.6269471750609944
1096,0.05314371257485029,0.24404808795784752
1097,0.05464071856287425,0.6109051132943679
1098,0.05389221556886228,0.6269471180745649
1099,0.05414171656686627,0.6264807744673869
1100,0.05389221556886228,0.6269471835150593
1101,0.01621756487025948,0.9152473845941844
1103,0.015968063872255488,0.9133565930439784
1104,0.021457085828343315,0.5228264775400984
1105,0.005738522954091816,0.05809953569466365
1106,0.3231037924151697,0.3311787199745291
1107,0.025199600798403193,0.6791850134367822
1108,0.0007485029940119761,0.9999512300606972
1109,0.00124750499001996,0.0
1110,0.341566866267465,0.1678228421174981
1111,0.008233532934131737,0.1975008482959958
1112,0.3532934131736527,0.48312489428318267
1113,0.000499001996007984,3.0596708963962064e-05
1114,0.0042415169660678645,0.0056373736070045284
1116,0.056387225548902194,0.6550330937712225
1117,0.000249500998003992,0.0
1118,0.000499001996007984,0.0
1119,0.000249500998003992,0.0
1120,0.005239520958083832,0.6454152352437209
1121,0.043912175648702596,0.26265354408165126
1123,0.000499001996007984,0.0
1125,0.11801397205588822,0.3324094762877623
1127,0.000499001996007984,0.0
1128,0.041916167664670656,0.2655124713445837
1129,0.000499001996007984,0.0
1130,0.0054890219560878245,0.0
1133,0.002245508982035928,0.025734280225825603
1134,0.45259481037924154,0.6368079763077499
1136,0.0124750499001996,0.2379355529402544
1137,0.016716566866267466,0.4863905696057907
1138,0.000499001996007984,0.00012819873791476322
1139,0.000499001996007984,0.0
1140,0.0014970059880239522,0.0
1141,0.005738522954091816,0.03641112423986666
1142,0.10553892215568862,0.5104749056932508
1143,0.000249500998003992,0.0
1144,0.006487025948103792,0.10990591568510837
1145,0.2759481037924152,0.9036920071177743
1146,0.000499001996007984,0.0
1147,0.16766467065868262,0.8855584137298812
1148,0.3929640718562874,0.851395800122142
1149,0.11501996007984032,0.5028479092391249
1150,0.0656187624750499,0.41453156643848904
1151,0.11526946107784432,0.5279890590584645
1152,0.09755489021956087,0.509500660145914
1153,0.000499001996007984,0.0
1154,0.03218562874251497,0.6446469762342449
1156,0.000499001996007984,0.0
1158,0.017964071856287425,0.2290984863568445
1159,0.3196107784431138,0.5234083638775668
1161,0.0014970059880239522,0.0
1162,0.003243512974051896,0.0
1163,0.003243512974051896,0.0
1164,0.000499001996007984,0.0
1166,0.000499001996007984,0.00020040619857014517
1167,0.16716566866267465,0.8981007523736917
1169,0.07160678642714571,0.3693433068815712
1171,0.013223552894211578,0.2320249347348887
1172,0.009231536926147704,0.016038568423326495
1173,0.05888223552894212,0.4546175061342889
1174,0.08932135728542914,0.4602989489961606
1175,0.000249500998003992,0.00017638163015276388
1177,0.005239520958083832,0.04347576366869179
1178,0.4471057884231537,0.7636555730929401
1179,0.000249500998003992,0.0
1180,0.08033932135728543,0.3812791453373514
1181,0.3680139720558882,0.9064161206752419
1182,0.000499001996007984,0.0
1183,0.000249500998003992,0.0
1184,0.2717065868263473,0.9125348313184961
1185,0.3962075848303393,0.9999987211882578
1187,0.045409181636726546,0.7131701110982908
1188,0.39496007984031933,0.9826256222734021
1190,0.16192614770459082,0.9057251380037444
1191,0.39545908183632733,0.973068535620906
1192,0.000998003992015968,0.0
1193,0.017714570858283433,0.3658061324542564
1194,0.000249500998003992,0.0
1195,0.35454091816367267,0.9386035312797428
1199,0.36102794411177647,0.9511836914029239
1201,0.3872255489021956,0.9832897178009019
1202,0.003992015968063872,0.07500903321440758
1203,0.37624750499001997,0.9831450386086201
1204,0.000249500998003992,0.0
1205,0.4094311377245509,0.8752137243400681
1206,0.35429141716566864,0.9611423169547175
1207,0.35454091816367267,0.9611291014506765
1208,0.003493013972055888,0.24848740847817896
1210,0.00124750499001996,0.24849704353295524
1211,0.3537924151696607,0.9593468834496353
1212,0.000249500998003992,0.0
1214,0.006986027944111776,0.29110071795246223
1215,0.4026946107784431,0.9738351346577385
1217,0.000249500998003992,0.0
1218,0.28293413173652693,0.9232511761547065
1219,0.011726546906187624,0.9993062556605504
1221,0.2405189620758483,0.9999562711297493
1222,0.2774451097804391,0.9998156331094287
1223,0.27669660678642716,0.9998244897708972
1224,0.000249500998003992,0.0
1225,0.000249500998003992,0.0
1226,0.2759481037924152,0.9999999976251686
1228,0.16392215568862276,0.9522026931323683
1229,0.2776946107784431,0.9998985123669241
1230,0.2774451097804391,0.9998980371451162
1231,0.27719560878243515,0.999898931776131
1232,0.000499001996007984,0.0
1234,0.27619760479041916,0.9999999189759193
1236,0.3221057884231537,0.9344686203826789
1237,0.21656686626746507,0.9694357482823284
1238,0.22080838323353294,0.9733830767784052
1239,0.0376746506986028,0.8263803056678611
1240,0.18537924151696608,0.966669052384845
1242,0.004491017964071856,0.3698841526998859
1243,0.24525948103792417,0.9193287071933967
1244,0.0007485029940119761,0.0
1245,0.000499001996007984,0.0
1247,0.0037425149700598802,0.44764011194073616
1249,0.04266467065868264,0.7459266334589446
1250,0.26497005988023953,0.9164722841107383
1252,0.01472055888223553,0.3767431873076867
1253,0.2345309381237525,0.9433121150283503
1254,0.005988023952095809,0.3079379833688012
1255,0.17115768463073852,0.9999786740725466
1257,0.000998003992015968,0.00011000061096550982
1258,0.0037425149700598802,0.0
1259,0.000998003992015968,0.0
1261,0.30988023952095806,0.8460885190067905
1262,0.003243512974051896,0.049160003576741516
1264,0.0029940119760479044,0.4970710441620411
1266,0.16417165668662675,0.8499867549393869
1268,0.15169660678642716,0.8391258158966476
1270,0.1312375249500998,0.7036020252399476
1271,0.27844311377245506,0.7851001726222685
1272,0.000998003992015968,0.0
1273,0.000499001996007984,3.987347830464048e-06
1274,0.005988023952095809,0.26678797259724574
1276,0.000249500998003992,0.0002082539582392422
1278,0.00124750499001996,0.0
1279,0.000249500998003992,0.0
1280,0.1534431137724551,0.9999790719040508
1281,0.1534431137724551,0.9999790718951955
1282,0.1501996007984032,0.9996283732531631
1283,0.3221057884231537,0.8436706282235229
1285,0.05688622754491018,0.7724029383511711
1286,0.15144710578842316,0.9876254338925685
1287,0.4608283433133733,0.8753670403517063
1288,0.14246506986027943,0.9999874760662205
1289,0.03567864271457086,0.9276285421418392
1294,0.0037425149700598802,0.3379012424701467
1295,0.1472055888223553,0.9832455656211709
1296,0.0656187624750499,0.8080406579738697
1297,0.32110778443113774,0.8606555410257752
1298,0.00249500998003992,0.0
1299,0.000499001996007984,0.0
1300,0.313872255489022,0.8600258188488056
1301,0.4625748502994012,0.8762155809491649
1302,0.000499001996007984,0.0
1303,0.47130738522954096,0.9202094274446879
1304,0.46107784431137727,0.8785957674296293
1305,0.000998003992015968,0.0
1306,0.009231536926147704,0.9656569141353546
1307,0.05389221556886228,0.31569983808720636
1308,0.000249500998003992,0.0
1309,0.3403193612774451,0.7850469095514885
1311,0.000499001996007984,0.0
1312,0.406936127744511,0.9371454926311226
1313,0.0014970059880239522,0.0
1314,0.000249500998003992,0.0
1315,0.45758483033932135,0.9422625987517081
1317,0.41317365269461076,0.9913212788370152
1318,0.41467065868263475,0.9830793517770572
1320,0.000249500998003992,0.0
1322,0.4268962075848303,0.9284332245327468
1323,0.40344311377245506,0.9187416558853195
1324,0.000998003992015968,3.506492925705051e-05
1325,0.008982035928143712,0.16044505488876637
1326,0.001746506986027944,5.869429911590618e-05
1327,0.000499001996007984,0.5012122340536673
1328,0.000499001996007984,0.0
1329,0.028942115768463075,0.9996546032454424
1330,0.006736526946107785,0.03995768093903066
1331,0.4001996007984032,0.6807946935082728
1332,0.11327345309381237,0.9284516455385455
1334,0.38622754491017963,0.784327774109894
1335,0.0007485029940119761,0.0
1336,0.43912175648702595,0.7537794329587719
1337,0.000249500998003992,0.0
1338,0.00998003992015968,0.7481623442291324
1339,0.4431137724550898,0.7835752042957146
1340,0.000249500998003992,0.0
1341,0.000249500998003992,0.0
1342,0.03243512974051896,0.637057298231824
1343,0.0042415169660678645,0.013843706895905647
1345,0.000499001996007984,0.0
1346,0.0007485029940119761,0.0
1347,0.0014970059880239522,0.0
1348,0.12574850299401197,0.841603768580881
1349,0.0007485029940119761,0.0
1350,0.0042415169660678645,0.0
1351,0.000249500998003992,0.0
1352,0.000998003992015968,0.0
1353,0.38298403193612773,0.821849462322628
1354,0.4448602794411178,0.7769345696581231
1355,0.03243512974051896,0.8691978053799373
1356,0.0029940119760479044,0.0
1357,0.4398702594810379,0.7500242702637436
1360,0.000499001996007984,0.0
1361,0.39620758483033935,0.770759507146988
1362,0.000499001996007984,0.0
1363,0.11452095808383234,0.9999997058693669
1365,0.3690119760479042,0.7867065439758862
1366,0.005738522954091816,0.012698309490048887
1367,0.000499001996007984,0.0
1368,0.4408682634730539,0.744233392964005
1369,0.4416167664670659,0.7420748425501733
1370,0.44136726546906185,0.7419935796712733
1371,0.4139221556886228,0.7632877148085924
1372,0.4411177644710579,0.7440168073476275
1373,0.04216566866267465,0.7528815541366538
1374,0.0007485029940119761,0.0
1375,0.0007485029940119761,0.0
1376,0.000998003992015968,0.0
1377,0.4416167664670659,0.7445314436602675
1378,0.0007485029940119761,0.0
1379,0.030439121756487025,0.9999790147574977
1380,0.13273453093812376,0.6241403479632748
1381,0.14845309381237526,0.6481988633607665
1383,0.0054890219560878245,0.2999770683459424
1384,0.0054890219560878245,0.2999768709536704
1385,0.000499001996007984,0.0
1386,0.1339820359281437,0.39878138551613274
1387,0.08582834331337326,0.7784696307476155
1388,0.08607784431137724,0.8532392926853344
1389,0.000499001996007984,0.0
1390,0.08657684630738523,0.8534706249570285
1391,0.000249500998003992,0.0
1395,0.000249500998003992,8.675963322760726e-06
1396,0.000998003992015968,0.0
1397,0.2856786427145709,0.9240345179481559
1398,0.000249500998003992,0.0
1399,0.002245508982035928,0.12289374027907088
1400,0.001996007984031936,0.046694029773059524
1401,0.09530938123752496,0.9639254767434321
1403,0.49201596806387227,0.9764074388830871
1406,0.10454091816367266,0.9072304699937934
1408,0.08582834331337326,0.9159115868383976
1409,0.00249500998003992,0.021978443571359158
1410,0.4458582834331337,0.8837079913030742
1411,0.000499001996007984,0.000102949251438677
1414,0.008483033932135729,0.999999994906795
1415,0.09456087824351297,0.8838670875962273
1416,0.003493013972055888,0.043456479169677015
1417,0.040169660678642714,0.414509374543087
1418,0.43313373253493015,0.9879918108695077
1419,0.001996007984031936,0.0
1421,0.000998003992015968,0.0
1422,0.4301397205588823,0.9881725501767604
1424,0.0014970059880239522,0.0
1426,0.4194111776447106,0.9879806973394033
1427,0.47904191616766467,0.9695341833997219
1428,0.0499001996007984,0.8643305258056619
1429,0.09131736526946108,0.8282738420746673
1430,0.41891217564870264,0.9962828098737029
1432,0.3999500998003992,0.9915355321986952
1433,0.3999500998003992,0.9999977213335516
1434,0.37649700598802394,0.9888403475212032
1435,0.01222554890219561,0.08115965381718004
1436,0.000249500998003992,0.0
1437,0.49875249500998003,0.9700028467256194
1439,0.0499001996007984,0.8643305198930092
1440,0.000998003992015968,0.0
1441,0.3989520958083832,0.9999730209244139
1442,0.000249500998003992,0.0
1443,0.10354291417165669,0.9991863867038988
1444,0.0249500998003992,0.8484143711864381
1445,0.0007485029940119761,0.0
1446,0.19261477045908185,0.8980142724270427
1447,0.000249500998003992,0.0003772394991546211
1449,0.000249500998003992,0.0
1450,0.000499001996007984,0.0
1451,0.11501996007984032,0.8899239383397053
1452,0.11477045908183632,0.9069315950827257
1453,0.0029940119760479044,0.0
1454,0.10578842315369262,0.9294517422347529
1455,0.017714570858283433,0.8881433663950942
1457,0.000249500998003992,0.9999653670217034
1458,0.00124750499001996,0.0
1459,0.1155189620758483,0.9049809157424737
1460,0.11477045908183632,0.94491670852568
1461,0.11501996007984032,0.9444819968103195
1462,0.003493013972055888,0.0
1463,0.001996007984031936,0.010975490960539559
1464,0.30164670658682635,0.9997922604582771
1465,0.11501996007984032,0.9444819982715867
1466,0.11501996007984032,0.9444819962069843
1468,0.006487025948103792,0.03209703948380881
1470,0.3013972055888223,0.9997959523354671
1471,0.00124750499001996,0.0
1472,0.48228542914171657,0.9851842001990987
1473,0.11477045908183632,0.9424642780495261
1474,0.01347305389221557,0.7020783059719701
1475,0.11402195608782435,0.9615965244662121
1476,0.000249500998003992,0.000165148607844993
1477,0.027694610778443114,0.9999893499227861
1479,0.11377245508982035,0.9615130013976341
1480,0.000249500998003992,0.0
1481,0.000249500998003992,0.0
1482,0.000249500998003992,0.0
1483,0.1122754491017964,0.9667190509239446
1484,0.11526946107784432,0.9817957841120543
1486,0.4216566866267465,0.9989627689296859
1487,0.0062375249500998,0.08110342021336457
1490,0.10079840319361277,0.9998410145909777
1491,0.00249500998003992,0.5375143491794547
1492,0.006487025948103792,6.041550248517638e-06
1494,0.000499001996007984,0.0
1495,0.001746506986027944,0.9880063359210525
1497,0.0374251497005988,0.5497063409674753
1498,0.000499001996007984,0.0
1499,0.0374251497005988,0.5497063678697275
1500,0.03917165668662675,0.9739483240526605
1501,0.17939121756487025,0.9831625082352383
1502,0.22030938123752494,0.9902864739283186
1504,0.001996007984031936,0.0
1507,0.19860279441117765,0.9818221536132599
1508,0.000499001996007984,0.0
1509,0.1125249500998004,0.9822215248851057
1510,0.22005988023952097,0.9903258703788836
1511,0.22005988023952097,0.9901568164154906
1512,0.22005988023952097,0.9903258618641808
1513,0.000998003992015968,0.0
1515,0.00124750499001996,0.545314182152598
1516,0.000249500998003992,0.0
1517,0.022954091816367265,0.8943423457536523
1520,0.32110778443113774,0.8983449658440857
1521,0.000249500998003992,0.0
1522,0.000249500998003992,0.0
1523,0.1125249500998004,0.9642616979388189
1524,0.046906187624750496,0.8882511265655978
1526,0.046906187624750496,0.8882511280486567
1527,0.14770459081836326,0.9634958472376385
1528,0.046906187624750496,0.8882511227534535
1529,0.046906187624750496,0.8882511250931602
1531,0.04715568862275449,0.935656414806103
1532,0.10054890219560879,0.9944523352311858
1533,0.03942115768463074,0.9208818707634138
1534,0.14471057884231536,0.9430655681956559
1535,0.0014970059880239522,0.0
1536,0.1437125748502994,0.9314843815352364
1537,0.0062375249500998,4.996687486601097e-06
1538,0.000249500998003992,0.0
1539,0.09481037924151696,0.7551077324677283
1540,0.000499001996007984,0.0
1542,0.015469061876247504,0.42664234347244867
1543,0.125249500998004,0.9310455522154113
1544,0.001996007984031936,0.0
1545,0.0027445109780439123,0.0
1546,0.12574850299401197,0.9855679454172478
1547,0.0037425149700598802,0.2607723888330333
1548,0.000249500998003992,0.0
1549,0.009231536926147704,0.5874713663602886
1550,0.125499001996008,0.9918658469048176
1552,0.10578842315369262,0.897670502974053
1553,0.07035928143712575,0.9280931417959479
1555,0.010728542914171657,0.8291604709749816
1556,0.12375249500998003,0.578504671075785
1557,0.000249500998003992,0.0
1558,0.000249500998003992,0.0
1559,0.000249500998003992,0.0
1560,0.14595808383233533,0.9222891072139718
1561,0.09530938123752496,0.5055494350129299
1562,0.008483033932135729,0.4848658649569451
1563,0.035179640718562874,0.7621158820399198
1564,0.0029940119760479044,0.0
1565,0.00124750499001996,0.0
1567,0.12300399201596807,0.8429047189899453
1568,0.42240518962075846,0.7129002995805923
1569,0.00873253493013972,0.62882655219593
1572,0.000249500998003992,0.0
1573,0.2786926147704591,0.7518293776571074
1574,0.017964071856287425,0.6509620325271978
1575,0.026696606786427147,0.3575433369439278
1576,0.0007485029940119761,0.0
1578,0.4655688622754491,0.9167019680098676
1579,0.02719560878243513,0.9999494622901327
1580,0.00499001996007984,0.9686794138376439
1581,0.00124750499001996,4.81982905707933e-05
1583,0.023203592814371257,0.9192235174974177
1584,0.19286427145708582,0.9205519190740882
1587,0.00873253493013972,0.26833700044345166
1589,0.03218562874251497,0.8677119072191433
1591,0.00124750499001996,4.819831268660173e-05
1592,0.19136726546906188,0.927605047583824
1593,0.000998003992015968,0.0
1594,0.0007485029940119761,0.0
1595,0.0007485029940119761,0.0
1596,0.11202594810379242,0.9712918237913518
1598,0.0054890219560878245,0.0
1600,0.000249500998003992,0.0
1601,0.000499001996007984,0.0
1603,0.0406686626746507,0.9992622589144972
1604,0.10254491017964072,0.9285634412379112
1605,0.3370758483033932,0.9117590194064579
1607,0.040419161676646706,0.9992663790523612
1608,0.04141716566866267,0.999853721832517
1609,0.040419161676646706,0.9998649487701854
1611,0.040419161676646706,0.9992663792459794
1612,0.040419161676646706,0.9992663789556653
1613,0.040419161676646706,0.9992663796328458
1614,0.040419161676646706,0.999266378085123
1615,0.0027445109780439123,0.0013943124398471333
1617,0.3241017964071856,0.9751648417779119
1618,0.013722554890219561,0.9978554628148769
1619,0.040419161676646706,0.999266378085012
1620,0.040419161676646706,0.9992663802132372
1622,0.040419161676646706,0.9992663802131675
1623,0.023203592814371257,0.9192235126627205
1625,0.0007485029940119761,0.0
1626,0.026696606786427147,0.999997263768725
1629,0.01472055888223553,0.2092216970362867
1631,0.11177644710578842,0.9731951128504474
1632,0.10204590818363274,0.8919900465119007
1637,0.000249500998003992,0.0
1639,0.0014970059880239522,0.0
1640,0.19635728542914171,0.9293448339172723
1641,0.000249500998003992,0.9999819454066772
1642,0.000499001996007984,0.0
1644,0.000998003992015968,0.00019394403536791992
1645,0.000499001996007984,3.4214177085196664e-06
1646,0.009231536926147704,0.9999996790696333
1648,0.0531437125748503,0.9999999992183519
1649,0.19835329341317365,0.9295818051758609
1650,0.44710578842315374,0.9771403605508863
1651,0.000998003992015968,0.0
1652,0.002245508982035928,0.09978598487698703
1653,0.000249500998003992,0.0
1655,0.02694610778443114,0.998505278688886
1656,0.03243512974051896,0.945826940064754
1657,0.33308383233532934,0.9904040166456127
1658,0.33358283433133734,0.9858240884483495
1659,0.00124750499001996,0.0
1660,0.000499001996007984,0.0
1661,0.33358283433133734,0.9942699569617284
1662,0.040419161676646706,0.999026250955102
1665,0.0007485029940119761,0.0
1666,0.000998003992015968,4.8652998698472304e-05
1667,0.022954091816367265,0.976292369607019
1668,0.040419161676646706,0.9992663787621903
1669,0.4468562874251497,0.9829869128732289
1670,0.040419161676646706,0.9992663789557157
1671,0.040419161676646706,0.9992663808903598
1672,0.040419161676646706,0.9992663800198132
1674,0.00124750499001996,0.0
1675,0.18537924151696608,0.9819605210686997
1676,0.000249500998003992,0.0
1677,0.023203592814371257,0.9768293313150659
1678,0.000499001996007984,0.0
1679,0.040419161676646706,0.9992663798262542
1680,0.0007485029940119761,0.0
1681,0.000998003992015968,0.0
1682,0.0027445109780439123,0.04078337739542077
1683,0.040419161676646706,0.9992663798262404
1684,0.000249500998003992,0.0
1685,0.19560878243512975,0.9786137991510939
1686,0.001996007984031936,0.0
1687,0.20708582834331338,0.9938902195276695
1688,0.003493013972055888,0.511925905540258
1689,0.000499001996007984,0.0
1690,0.000998003992015968,0.0
1691,0.000499001996007984,0.0
1692,0.0007485029940119761,0.0
1693,0.19510978043912175,0.9802745492301682
1695,0.001996007984031936,0.0
1696,0.18388223552894212,0.9933438303933743
1697,0.008982035928143712,0.19562994379767457
1698,0.0007485029940119761,0.0
1699,0.001746506986027944,0.0
1700,0.000998003992015968,0.0
1701,0.023453093812375248,0.9819897226248234
1704,0.22330339321357284,0.9193868059064754
1705,0.000499001996007984,0.0
1706,0.001746506986027944,0.0
1707,0.0007485029940119761,0.9977405856957627
1709,0.006487025948103792,0.5329848867318765
1710,0.002245508982035928,0.02594634200878021
1711,0.000499001996007984,9.18667748244387e-05
1712,0.000249500998003992,0.0
1713,0.13073852295409183,0.9049831023453903
1714,0.023952095808383235,0.967712398035295
1715,0.374500998003992,0.9338335907559966
1717,0.000249500998003992,0.0
1718,0.12400199600798403,0.9067000622832294
1719,0.0007485029940119761,0.00011066612973750084
1720,0.023952095808383235,0.967712393604936
1721,0.13248502994011976,0.9059177766252916
1722,0.0014970059880239522,0.9997159957667487
1723,0.016467065868263474,0.20618794017592873
1724,0.04915169660678643,0.8538641876675532
1726,0.12599800399201597,0.8923990509452328
1727,0.001996007984031936,0.0
1728,0.00998003992015968,0.9994863861202087
1729,0.007235528942115769,0.26139894364005367
1730,0.36052894211576847,0.9871953223171593
1731,0.0007485029940119761,4.9444515913217213e-05
1732,0.03293413173652695,0.890410235804057
1733,0.023952095808383235,0.9677123953357963
1734,0.14296407185628743,0.9997401840094844
1735,0.006986027944111776,0.36507306966430875
1736,0.000249500998003992,0.0
1737,0.03293413173652695,0.8904102361061583
1738,0.002245508982035928,0.0
1739,0.0014970059880239522,0.24850727365452632
1740,0.3088822355289421,0.9535556738160959
1741,0.14146706586826346,0.9977177087998301
1742,0.3198602794411178,0.9600500061527796
1743,0.002245508982035928,0.0
1744,0.0037425149700598802,0.12238534334498287
1746,0.000249500998003992,0.0
1747,0.36002994011976047,0.9785800875628867
1749,0.009730538922155689,0.0
1751,0.14221556886227546,0.9820764149339392
1753,0.023952095808383235,0.9137410988377618
1754,0.36077844311377244,0.9696590046769087
1755,0.026696606786427147,0.9999912066947739
1756,0.000499001996007984,2.875218965517634e-05
1757,0.49101796407185627,0.9630777757597913
1759,0.000249500998003992,0.0
1760,0.12874251497005987,0.8762159860869856
1761,0.000249500998003992,0.0
1763,0.02370259481037924,0.9306389568371739
1765,0.000249500998003992,0.0
1766,0.000998003992015968,0.0
1767,0.00249500998003992,8.085754132832675e-06
1768,0.000249500998003992,0.0
1769,0.000249500998003992,0.0
1770,0.004740518962075849,0.5092258119204343
1771,0.48852295409181634,0.8167260565228049
1773,0.3151197604790419,0.8846448637931887
1776,0.002245508982035928,0.00021137040686352616
1777,0.000249500998003992,0.0
1778,0.13922155688622753,0.8051600644715954
1779,0.37574850299401197,0.8111812148869454
1780,0.000249500998003992,0.0
1781,0.02445109780439122,0.9998102089272185
1782,0.35703592814371254,0.9228479350773519
1783,0.16816367265469062,0.8464770808141896
1785,0.17614770459081835,0.803249209481043
1786,0.02445109780439122,0.9998102088979387
1787,0.12949101796407186,0.7285100036058517
1788,0.000249500998003992,0.0
1789,0.005738522954091816,0.0
1790,0.11726546906187625,0.7514300299111056
1792,0.37025948103792417,0.9110630033461772
1793,0.000249500998003992,0.0
1794,0.03268463073852296,0.9995286958807692
1795,0.49326347305389223,0.9732470416152793
1796,0.4907684630738523,0.9747358192569747
1799,0.1317365269461078,0.845438446058707
1800,0.1499500998003992,0.9182460866177046
1801,0.14146706586826352,0.7620755681783218
1802,0.03318363273453094,0.999991920867295
1805,0.0029940119760479044,5.853412461003538e-05
1806,0.13922155688622753,0.8143069541972463
1807,0.03293413173652695,0.9998505938147628
1808,0.010978043912175649,0.9999666454792898
1809,0.13872255489021956,0.7991622385581515
1810,0.000249500998003992,0.0
1811,0.0037425149700598802,0.3498604490972701
1813,0.000499001996007984,0.0
1815,0.48403193612774453,0.9839278406081265
1816,0.000499001996007984,0.0
1817,0.48627744510978044,0.9836717571154135
1818,0.000998003992015968,0.0
1819,0.000249500998003992,0.0
1820,0.4875249500998004,0.9701397756894465
1821,0.48877245508982037,0.9835501396440449
1822,0.0027445109780439123,0.0
1823,0.48877245508982037,0.9686503789071348
1824,0.000249500998003992,0.0
1825,0.000249500998003992,0.0
1826,0.48877245508982037,0.9835501416745642
1827,0.001996007984031936,0.00027277859549695437
1828,0.49001996007984033,0.9756816933228573
1829,0.49001996007984033,0.983668946712539
1830,0.49001996007984033,0.9836689451083684
1831,0.49525948103792417,0.9760338496894942
1833,0.00124750499001996,0.0
1834,0.0007485029940119761,0.0
1836,0.13697604790419163,0.8350073109455949
1837,0.00124750499001996,0.0
1838,0.0014970059880239522,0.00011637337420197472
1839,0.13547904191616766,0.8406315397986222
1841,0.00124750499001996,0.023255873311295843
1842,0.033682634730538924,0.999851844364559
1843,0.000249500998003992,0.0
1844,0.00998003992015968,0.6520136933958093
1845,0.344061876247505,0.9558506481580376
1846,0.001746506986027944,0.007114228754522963
1847,0.056636726546906185,0.43132723399445955
1848,0.3463073852295409,0.954128275224374
1849,0.1187624750499002,0.9727441090110632
1850,0.000249500998003992,0.0
1851,0.000998003992015968,0.0
1852,0.000249500998003992,0.0
1853,0.3532934131736527,0.945368195971025
1854,0.003243512974051896,5.754745774753179e-06
1855,0.001996007984031936,0.020413099887409563
1856,0.000249500998003992,0.0
1857,0.003493013972055888,0.19477608043653932
1858,0.0007485029940119761,0.0
1859,0.003493013972055888,0.7484846959534789
1861,0.006736526946107785,0.19146784664469352
1862,0.13597804391217566,0.7883984082600528
1863,0.0027445109780439123,0.031459521546662365
1865,0.000499001996007984,0.0
1867,0.30114770459081835,0.8796537849359196
1868,0.003243512974051896,3.4460172842973555e-05
1869,0.000499001996007984,0.0
1870,0.11277445109780439,0.8494742563154433
1871,0.000249500998003992,0.0
1872,0.001996007984031936,0.24850403768907198
1873,0.0054890219560878245,0.0
1875,0.000249500998003992,0.0022277010831927473
1876,0.48752495009980035,0.9922220892225336
1879,0.13622754491017963,0.7931359661401374
1880,0.1374750499001996,0.7733845770627727
1882,0.03143712574850299,0.4679178796566146
1884,0.0029940119760479044,0.0
1885,0.0029940119760479044,0.11460868812237397
1886,0.000249500998003992,0.0
1887,0.0037425149700598802,0.30009885769383887
1888,0.000499001996007984,0.0
1889,0.1626746506986028,0.8386467348803939
1890,0.0007485029940119761,0.0
1891,0.000249500998003992,0.0
1892,0.001996007984031936,0.0
1893,0.16067864271457086,0.6011090657359278
1894,0.000249500998003992,0.0
1895,0.000499001996007984,0.0
1897,0.1783932135728543,0.47677307407703373
1898,0.0007485029940119761,0.0
1899,0.000499001996007984,0.0
1900,0.46706586826347307,0.7860389918561067
1901,0.1609281437125748,0.8784831736869457
1903,0.01621756487025948,0.04114993137372908
1904,0.001996007984031936,0.020413095385166186
1905,0.000249500998003992,0.0
1906,0.003493013972055888,0.021231138567822785
1907,0.0007485029940119761,0.0
1908,0.010728542914171657,0.1882094491377236
1910,0.4446107784431138,0.783674073631315
1911,0.04116766467065868,0.9300060272778509
1912,0.28967065868263475,0.827635831601291
1913,0.33308383233532934,0.854450994354301
1914,0.06112774451097804,0.699767664005392
1915,0.001996007984031936,0.0002727830180994439
1916,0.3236027944111776,0.7793708830349337
1917,0.000249500998003992,0.0
1918,0.004491017964071856,0.7194208674251046
1919,0.04116766467065868,0.9285772754825616
1920,0.06287425149700598,0.7105030406772452
1922,0.2028443113772455,0.8108039549613225
1923,0.11477045908183632,0.9040696840754121
1924,0.008483033932135729,0.6495470798933348
1925,0.041916167664670656,0.9272191505037306
1926,0.002245508982035928,0.0
1927,0.0998003992015968,0.9187406608522388
1928,0.09830339321357286,0.9167672032125969
1929,0.000249500998003992,0.0
1930,0.000249500998003992,0.0
1931,0.312624750499002,0.8194376616821857
1932,0.001746506986027944,0.0
1933,0.31187624750499005,0.8192015308230364
1935,0.000499001996007984,0.0
1936,0.0007485029940119761,0.0
1937,0.312125748502994,0.8285065880118107
1939,0.33433133732534925,0.855810813157805
1940,0.1404690618762475,0.7343543629156721
1941,0.2405189620758483,0.8249837538680683
1942,0.10503992015968064,0.937233057314469
1944,0.000499001996007984,0.0
1945,0.0014970059880239522,0.7166559047692066
1948,0.002245508982035928,0.0
1949,0.31786427145708585,0.8024475412421646
1951,0.03792415169660679,0.9503848780651253
1954,0.22654690618762474,0.8585815485875935
1955,0.021457085828343315,0.8708349558426224
1956,0.4109281437125748,0.6663437850446468
1957,0.11452095808383234,0.8301006236594509
1958,0.000499001996007984,0.0
1960,0.0187125748502994,0.9999974647807169
1962,0.09356287425149701,0.7855792606310414
1963,0.000249500998003992,0.0
1964,0.07759481037924151,0.9000500157314408
1965,0.09431137724550898,0.6338944059343553
1968,0.04441117764471058,0.9826340682204939
1970,0.1506986027944112,0.6475961819248068
1971,0.08857285429141716,0.973222763928025
1972,0.22729540918163674,0.5198446633086306
1973,0.000249500998003992,0.0
1974,0.29291417165668665,0.5376141217766518
1976,0.002245508982035928,0.0
1977,0.02470059880239521,0.497959721799997
1978,0.21007984031936128,0.41962601372683167
1979,0.001746506986027944,0.0
1980,0.00124750499001996,0.013640732543105077
1981,0.0027445109780439123,0.018745901354390745
1982,0.32210578842315374,0.22725262935419419
1983,0.0014970059880239361,0.02163819029635958
1984,0.016966067864271458,0.08505779528457591
1985,0.000249500998003992,0.0
1986,0.37150698602794413,0.743633573386581
1987,0.20209580838323354,0.8085727886560948
1988,0.0007485029940119761,0.0
1990,0.14770459081836326,0.9965883156659546
1994,0.3106287425149701,0.8131530742265174
1996,0.006736526946107785,0.04010051815183642
1999,0.000499001996007984,0.06014299768730931
2000,0.000998003992015968,0.0
2002,0.000998003992015968,0.0041457175888353435
2003,0.2707085828343313,0.9599009966337326
2005,0.001996007984031936,0.4505064499043386
2006,0.000249500998003992,0.0003991427066837226
2008,0.0007485029940119761,0.0
2009,0.009481037924151697,0.0004052498902397269
2011,0.2587325349301397,0.9349187998544678
2012,0.3108782435129741,0.9236755324030104
2013,0.3108782435129741,0.9200472732003356
2014,0.3787425149700599,0.9055767044649079
2016,0.000249500998003992,0.0
2018,0.11402195608782435,0.9620311209002999
2019,0.14945109780439123,0.9559827358579491
2020,0.000998003992015968,0.0
2023,0.000499001996007984,0.08659957468994178
2024,0.000499001996007984,0.0
2026,0.001746506986027944,0.9992569406418306
2027,0.0054890219560878245,0.2751888169383771
2028,0.007235528942115769,0.15560016037620522
2029,0.48577844311377244,0.8919463198031805
2030,0.2859281437125748,0.942481748091205
2031,0.38647704590818366,0.8834244723269019
2032,0.38248502994011974,0.8693099989316286
2033,0.0062375249500998,0.04768216387532838
2034,0.000249500998003992,0.0
2035,0.37899201596806387,0.8487039727148987
2037,0.1599301397205589,0.9389675387438908
2038,0.1599301397205589,0.9392257582331779
2039,0.03468063872255489,0.018791695458252974
2040,0.04615768463073852,0.9335722974825423
2042,0.005988023952095809,0.017330591032709522
2043,0.026447105788423155,0.11234314209494516
2044,0.000499001996007984,0.0
2045,0.00249500998003992,0.03543397382768034
2046,0.19011976047904192,0.7492380463008949
2047,0.1906187624750499,0.7492690692214129
2048,0.19136726546906188,0.749377515871407
2049,0.19111776447105788,0.7493755483590715
2050,0.19111776447105788,0.7493786334419347
2051,0.19011976047904192,0.7491358507070082
2052,0.3408183632734531,0.7722845528395502
2053,0.0014970059880239522,0.0
2054,0.000249500998003992,0.0
2055,0.4296407185628742,0.7884918609669352
2056,0.4301397205588823,0.7884792759403053
2057,0.43113772455089816,0.7955624490462354
2059,0.000249500998003992,0.0
2060,0.0531437125748503,0.9197222527096667
2061,0.4124251497005988,0.7244140437112211
2062,0.054890219560878244,0.8958879246251455
2063,0.15768463073852296,0.8382526765793364
2064,0.15718562874251496,0.8383671948185971
2065,0.156686626746507,0.8344057278917725
2066,0.18288423153692615,0.7321858537738437
2069,0.051646706586826345,0.9304747398822709
2070,0.1472055888223553,0.9853516487295823
2071,0.14945109780439123,0.9829307337507628
2072,0.0027445109780439123,0.018587275843377698
2073,0.1504491017964072,0.9923647191292122
2074,0.14595808383233533,0.9999754196952783
2075,0.3972055888223553,0.783938662944958
2076,0.14570858283433133,0.999998854454165
2079,0.00124750499001996,9.43702434588182e-05
2081,0.3051397205588822,0.7883998403311381
2082,0.000998003992015968,0.0
2083,0.0007485029940119761,0.0
2084,0.13048902195608783,0.9294744023230908
2085,0.000998003992015968,0.0
2086,0.2784431137724551,0.9980450595921556
2087,0.39246506986027946,0.8014393129675231
2089,0.39246506986027946,0.801439304335169
2091,0.0014970059880239522,5.981355171381555e-05
2092,0.011477045908183632,0.3092452269980222
2093,0.44461077844311375,0.7506100648563379
2094,0.3934630738522954,0.7827737843211363
2095,0.2931636726546906,0.7537134978534927
2096,0.3415668662674651,0.7966905552711112
2098,0.1721556886227545,0.6406044023407496
2100,0.0007485029940119761,0.0
2101,0.000499001996007984,0.0
2102,0.0007485029940119761,0.00010799305668165658
2106,0.34930139720558884,0.9999697054774904
2107,0.0014970059880239522,0.0
2108,0.35029940119760483,0.9999734100651908
2109,0.000499001996007984,0.0
2110,0.18363273453093812,0.9458076358016408
2111,0.07435129740518961,0.9679562858412942
2112,0.07435129740518961,0.9679562833285943
2114,0.34930139720558884,0.9945821828407797
2115,0.07435129740518961,0.9679560423773839
2116,0.007734530938123752,0.0019561399557728072
2118,0.0007485029940119761,0.0
2120,0.3500499001996008,0.9999725642274033
2121,0.0029940119760479044,0.003509341337902456
2123,0.000249500998003992,0.0
2125,0.14520958083832336,0.9918738702800157
2126,0.4209081836327345,0.991511096446315
2127,0.000998003992015968,0.00020335340836328544
2128,0.42115768463073855,0.9914869654609819
2129,0.31037924151696605,0.9999988974222559
2130,0.13997005988023953,0.9947471253460823
2131,0.005738522954091816,0.027368270728958016
2132,0.13997005988023953,0.9785695074293891
2133,0.17165668662674652,0.9851571372932326
2134,0.003493013972055888,0.0
2135,0.17165668662674652,0.9998866883193324
2137,0.0014970059880239522,0.0
2140,0.17090818363273452,0.9998715727307887
2142,0.17115768463073852,0.9998718727000513
2143,0.31262475049900196,0.9999988115593557
2144,0.44735528942115765,0.9999912197724322
2145,0.27544910179640714,0.9435882236017389
2146,0.09880239520958084,0.9970946756839668
2148,0.11676646706586827,0.9360543807123146
2149,0.0344311377245509,0.9999999988455035
2150,0.0344311377245509,0.9999999988455028
2151,0.000249500998003992,0.0
2152,0.000249500998003992,0.0
2153,0.0344311377245509,0.9999999988455015
2154,0.0344311377245509,0.9999999988455051
2155,0.005988023952095809,0.02209104133933385
2157,0.39196606786427146,0.9969582535837997
2158,0.31137724550898205,0.9999772576681641
2160,0.0074850299401197605,2.765113137992214e-05
2161,0.38947105788423153,0.9986973125023832
2163,0.310129740518962,0.999997355558074
2164,0.3937125748502994,0.998649998943187
2165,0.310129740518962,0.9999973555580698
2166,0.3116267465069861,0.9917241719453903
2167,0.310129740518962,0.9999973555580749
2169,0.3096307385229541,0.9999973561632451
2170,0.31137724550898205,0.9981054999953067
2171,0.3924650698602794,0.9998975737186087
2172,0.311127744510978,0.9983960194778896
2175,0.0750998003992016,0.9654572811086556
2177,0.31037924151696605,0.9999999883641932
2178,0.39171656686626743,0.9998272877547754
2180,0.3912175648702595,0.9913369908930256
2181,0.310129740518962,0.9904295054080644
2182,0.31037924151696605,0.9999999930846841
2184,0.31037924151696605,0.9904666735293995
2186,0.3108782435129741,0.9999998904051642
2188,0.000499001996007984,2.7934642779268973e-05
2189,0.31037924151696605,0.9999999883641968
2190,0.31262475049900196,0.9999999290683738
2191,0.03493013972055888,0.9545214277363575
2192,0.3196107784431138,0.9999999996757103
2193,0.468313373253493,0.9833954935326268
2195,0.002245508982035928,0.8787665363982203
2196,0.4356287425149701,0.9715295225689239
2197,0.003243512974051896,0.0
2198,0.021706586826347306,0.4534259286212434
2199,0.000998003992015968,0.0
2200,0.3937125748502994,0.9999999992151609
2203,0.31237524950099804,0.9999999961179837
2204,0.0027445109780439123,0.0
2205,0.00124750499001996,0.49899656752637933
2208,0.312874251497006,0.9999829707775844
2209,0.3196107784431138,0.9999999996757152
2210,0.3937125748502994,0.9999999992151587
2211,0.3937125748502994,0.9999999992151609
2213,0.000998003992015968,0.0
2214,0.3196107784431138,0.9999999996757101
2215,0.0054890219560878245,0.08393046978792254
2217,0.3193612774451098,0.9999999995943258
2220,0.3912175648702595,0.9999543562008838
2221,0.3098802395209581,0.9998473600842073
2222,0.3171157684630739,0.9998434835465545
2224,0.3196107784431138,0.9999999996757156
2225,0.3196107784431138,0.999999999675711
2228,0.000499001996007984,6.522039594246919e-06
2229,0.000249500998003992,0.0
2230,0.3196107784431138,0.9999999996757161
2231,0.000499001996007984,0.0
2233,0.3193612774451098,0.9999685523846356
2234,0.3934630738522954,0.9915373953915629
2236,0.00249500998003992,0.5506376669192365
2237,0.000249500998003992,1.2145696313904393e-05
2238,0.3937125748502994,0.9915361532984794
2239,0.312125748502994,0.9999964991782957
2241,0.3176147704590818,0.9999477950111061
2242,0.31786427145708585,0.9999758269592257
2243,0.31886227544910184,0.9999999997062674
2245,0.000249500998003992,0.0
2247,0.32335329341317365,0.9808367753877628
2248,0.4845309381237525,0.912905316832717
2249,0.006986027944111776,0.00012005396990956234
2250,0.3086327345309381,0.9586741931127774
2251,0.00499001996007984,0.008719627961117912
2253,0.0007485029940119761,0.0
2254,0.35354291417165673,0.9080738567332513
2255,0.000249500998003992,0.0
2258,0.0014970059880239522,0.0
2259,0.004740518962075849,0.0
2260,0.010728542914171657,0.3541416361852601
2261,0.012724550898203593,0.009686439543422243
2262,0.008233532934131737,0.09317122590083247
2263,0.000499001996007984,0.0
2264,0.000499001996007984,0.0008917363336423752
2266,0.001996007984031936,0.0
2267,0.0656187624750499,0.6075187394726663
2269,0.0124750499001996,0.13075913409447804
2270,0.000998003992015968,0.0
2271,0.1813872255489022,0.7318389738923206
2272,0.000998003992015968,0.02517789266115705
2273,0.001996007984031936,0.03539160746916395
2274,0.000499001996007984,0.0
2275,0.000499001996007984,1.622007244322454e-05
2276,0.000998003992015968,0.0
2277,0.001746506986027944,0.0
2278,0.000249500998003992,0.00010646521343371235
2279,0.000499001996007984,0.0
2280,0.000249500998003992,0.0
2281,0.18113772455089822,0.733744554065972
2282,0.00124750499001996,0.0
2283,0.000249500998003992,0.0
2284,0.030189620758483034,0.4535230513086789
2285,0.0124750499001996,0.3482441900269023
2286,0.000998003992015968,0.0
2287,0.16442115768463073,0.7099577823309386
2288,0.005239520958083832,0.34426414706536573
2289,0.000249500998003992,0.0003069346898242126
2290,0.0007485029940119761,0.0
2291,0.000249500998003992,0.0
2293,0.000249500998003992,0.0
2294,0.020209580838323353,0.8038073919241445
2295,0.000499001996007984,0.0
2296,0.030688622754491017,0.7201917680729686
2298,0.013223552894211578,0.016464237262975245
2299,0.008483033932135729,0.022301901480264105
2300,0.003992015968063872,0.06956894991058461
2301,0.07959081836327345,0.7309308391715257
2302,0.07909181636726546,0.7046567196442948
2303,0.11951097804391217,0.7693815268695638
2304,0.000249500998003992,0.0
2305,0.020708582834331336,0.8030360053136258
2307,0.17764471057884232,0.7085666294800876
2309,0.1996007984031936,0.7176187097843819
2310,0.000249500998003992,0.0
2311,0.20184630738522955,0.7111736682029509
2312,0.000249500998003992,0.0
2313,0.02869261477045908,0.39778317822186343
2314,0.05813373253493014,0.6710408408667399
2315,0.000249500998003992,0.0
2316,0.10778443113772455,0.6892243695410012
2317,0.08732534930139721,0.6033957528684378
2318,0.013972055888223553,0.011676548538681594
2320,0.000998003992015968,0.0
2321,0.028942115768463075,0.7637158052537654
2325,0.000249500998003992,0.0
2326,0.13073852295409183,0.7126667428679511
2327,0.000249500998003992,0.0
2328,0.01122754491017964,0.004794014479273894
2329,0.000249500998003992,0.0
2330,0.0014970059880239522,0.00048731610905644926
2331,0.21457085828343314,0.8164654586567585
2333,0.07085828343313373,0.9598438786754878
2335,0.10129740518962076,0.9816819838372878
2336,0.12350299401197605,0.9997215670731298
2337,0.12300399201596807,0.9836297326411138
2338,0.0007485029940119761,0.5265078769567508
2340,0.009231536926147704,0.010514362223855253
2341,0.13922155688622753,0.872516917183198
2343,0.13897205588822356,0.8725281644309654
2344,0.04116766467065868,0.09927733324474712
2346,0.001996007984031936,0.0
2348,0.4615768463073852,0.9880735306393306
2349,0.48827345309381237,0.9594775081052747
2350,0.05788423153692615,0.998867370489042
2352,0.009730538922155689,0.24063468907083782
2353,0.006487025948103792,0.45339045462572
2354,0.000249500998003992,0.0
2355,0.006487025948103792,0.443549800897306
2357,0.061626746506986026,0.8953530467291515
2358,0.02694610778443114,0.13103544451091406
2359,0.06536926147704591,0.8412902659628755
2360,0.3892215568862275,0.7433523115076972
2361,0.053393213572854294,0.8005277422915532
2362,0.04790419161676647,0.7309111025525866
2363,0.000499001996007984,0.0
2364,0.027445109780439122,0.8785436004771479
2366,0.4638223552894212,0.8852405279251478
2367,0.024201596806387227,0.6748177611468423
2368,0.000249500998003992,5.923391540688979e-06
2369,0.10429141716566866,0.8691180191568862
2370,0.001996007984031936,0.0
2371,0.06337325349301397,0.409674309913035
2372,0.4723053892215569,0.9589296516096947
2373,0.008982035928143712,0.2569519591157363
2374,0.10678642714570859,0.9732744295898298
2375,0.469311377245509,0.9827113856629986
2376,0.06312375249500998,0.9490000238753219
2377,0.4720558882235529,0.9993815405782147
2379,0.4725548902195609,0.9780928756769649
2385,0.45833333333333337,0.9993870871783698
2386,0.028942115768463075,0.5575596245435532
2387,0.435129740518962,0.9761162003369087
2388,0.000249500998003992,0.0
2389,0.45808383233532934,0.9993882341760133
2390,0.000249500998003992,0.0
2391,0.469061876247505,0.999999377050595
2393,0.00249500998003992,0.001694752467858858
2394,0.007235528942115769,0.0002511084766001649
2395,0.000249500998003992,4.077359643119465e-06
2396,0.00124750499001996,0.0
2398,0.0007485029940119761,0.0
2399,0.000499001996007984,0.0
2402,0.026696606786427147,0.2829874427958171
2403,0.000249500998003992,0.0
2404,0.4713073852295409,0.9919180373641656
2405,0.07609780439121756,0.9721725457060932
2407,0.45908183632734534,0.9912954190164216
2408,0.4540918163672655,0.9999958553042626
2409,0.0027445109780439123,0.05402629625215825
2411,0.000249500998003992,5.924128182520232e-06
2413,0.000249500998003992,8.078842791879613e-06
2414,0.000499001996007984,0.0
2415,0.038922155688622756,0.5607571554017651
2416,0.43088822355289425,0.9999777947171249
2418,0.004491017964071856,0.011023400522542026
2419,0.0014970059880239522,0.0
2420,0.4291417165668663,0.9762722403973694
2422,0.469810379241517,0.9999250384345246
2423,0.031936127744510975,0.5696564216167358
2424,0.031936127744510975,0.5696564254126696
2425,0.0037425149700598802,0.0035018852342783985
2426,0.000499001996007984,0.0
2428,0.017964071856287425,0.3631793153772024
2429,0.45359281437125754,0.9999961091359237
2430,0.45384231536926145,0.9999960967885144
2432,0.45259481037924154,0.999782359729494
2433,0.005988023952095809,0.2234385241033907
2435,0.4533433133732535,0.9845094822713656
2436,0.028942115768463075,0.5575596011989101
2439,0.000998003992015968,0.0
2440,0.4533433133732535,0.9998003453269584
2441,0.000249500998003992,0.0
2442,0.48428143712574845,0.9987613322281935
2443,0.0014970059880239522,0.0
2446,0.004740518962075849,0.18276077737539634
2448,0.000499001996007984,0.9386651887364477
2449,0.49950099800399206,0.9990591267538038
2450,0.49950099800399206,0.9990591266185097
2451,0.006736526946107785,0.2232354348276288
2453,0.4663173652694611,0.9951926852872964
2454,0.028942115768463075,0.5575595915748045
2455,0.04116766467065868,0.4963324093641204
2456,0.44311377245508987,0.932226006682743
2457,0.49850299401197606,0.9838939984447682
2458,0.4720558882235529,0.984139851193299
2459,0.0007485029940119761,0.0
2460,0.000249500998003992,0.0
2462,0.000249500998003992,0.0
2463,0.003243512974051896,0.008922583517849591
2464,0.000249500998003992,0.0
2466,0.000249500998003992,0.0
2468,0.000499001996007984,0.0
2469,0.029191616766467067,0.5277192299979384
2470,0.0062375249500998,0.2225990844442982
2471,0.004740518962075849,0.00605446380720297
2472,0.41242514970059885,0.9872484167586572
2474,0.0054890219560878245,0.042718139191199746
2475,0.000499001996007984,0.0008917367731420481
2476,0.0007485029940119761,0.0
2477,0.49326347305389223,0.9891958531894763
2478,0.000249500998003992,0.0
2479,0.03493013972055888,0.2819051506477089
2480,0.010479041916167664,0.011107572656861697
2481,0.4638223552894212,0.9900099234764425
2484,0.004491017964071856,0.40208839538612384
2486,0.01621756487025948,0.04865239393984862
2487,0.000249500998003992,0.0
2489,0.499001996007984,0.8869901756519472
2490,0.001746506986027944,0.5972132293518105
2491,0.021706586826347306,0.05158357655358858
2492,0.06287425149700598,0.36437496775313694
2494,0.000499001996007984,0.0
2495,0.2996506986027944,0.8229866290474096
2496,0.15444111776447106,0.8894662282922235
2497,0.027694610778443114,0.03311208152478401
2498,0.000249500998003992,0.0
2499,0.4723053892215569,0.9101819481326598
2500,0.04815369261477046,0.8003634048289014
2501,0.000249500998003992,0.0
2505,0.3964570858283433,0.9036109354948695
2506,0.03268463073852296,0.9629541525408353
2507,0.1157684630738523,0.9970544938994251
2508,0.4650698602794411,0.939843332216882
2509,0.1155189620758483,0.9999802639374153
2511,0.03817365269461078,0.1072741408825274
2512,0.1155189620758483,0.9999802639468557
2513,0.41966067864271456,0.9085121043777682
2514,0.47155688622754494,0.8990057604994489
2515,0.41641716566866266,0.930894806676214
2516,0.41691616766467066,0.9393904372061262
2517,0.0014970059880239522,0.4990266009721418
2518,0.031936127744510975,0.9115132468071481
2519,0.03717564870259481,0.857725947706825
2520,0.05189620758483034,0.773451781781127
2521,0.00249500998003992,0.0
2522,0.05289421157684631,0.7715415636530926
2524,0.05264471057884232,0.795875458215361
2525,0.1157684630738523,0.9999910615905155
2526,0.002245508982035928,0.02079900140506129
2527,0.03268463073852296,0.9999998767618961
2528,0.005988023952095809,0.022087495551943954
2529,0.26397205588822353,0.9884146741816965
2530,0.000998003992015968,0.05642420010404705
2531,0.05214570858283433,0.7958963146994517
2532,0.46556886227544914,0.9503673197663691
2533,0.006736526946107785,0.0
2534,0.000249500998003992,0.0
2536,0.0007485029940119761,0.0
2537,0.006736526946107785,0.03927557193360703
2538,0.12250499001996008,0.925077841822553
2539,0.03318363273453094,0.9999864911870363
2540,0.11601796407185629,0.9999997398591738
2542,0.000499001996007984,0.0
2544,0.15718562874251496,0.9310159997473478
2546,0.03617764471057884,0.8994022506418253
2547,0.000249500998003992,0.0
2548,0.46956087824351295,0.9367708953469465
2549,0.11651696606786427,0.9998635680795169
2550,0.000499001996007984,0.0
2554,0.156936127744511,0.905268474553005
2555,0.03343313373253493,0.998737524914305
2556,0.11601796407185629,0.9727665466047446
2557,0.020459081836327345,0.8263341000914249
2558,0.11601796407185629,0.9727665465961816
2559,0.1342315369261477,0.9598286348589687
2560,0.1342315369261477,0.959828636137724
2561,0.14595808383233533,0.8649992390366538
2562,0.000499001996007984,5.237037630851853e-06
2563,0.0007485029940119761,0.0
2564,0.1344810379241517,0.9596241724705936
2565,0.4615768463073852,0.9523191145363408
2566,0.024201596806387227,0.4118347789888084
2568,0.48502994011976047,0.9359711609890206
2571,0.1594311377245509,0.7600974431059871
2573,0.21057884231536927,0.7326997852762618
2574,0.03567864271457086,0.9923520264217808
2575,0.1437125748502994,0.7601502437005804
2576,0.4545908183632734,0.9830234047207642
2577,0.1504491017964072,0.937384618247793
2578,0.03093812375249501,0.9956640019526963
2579,0.028193612774451097,0.3001900778247329
2580,0.14895209580838323,0.9373002906336303
2581,0.1497005988023952,0.9374379755453823
2582,0.46232534930139724,0.9761648501368205
2583,0.015219560878243513,0.17884703168162933
2584,0.000499001996007984,8.700129194027e-06
2585,0.4533433133732535,0.9916732201835425
2586,0.030189620758483034,0.9956563449053885
2588,0.00124750499001996,0.0
2590,0.007235528942115769,0.0005516747998665544
2591,0.2851796407185629,0.9996140897497473
2592,0.010229540918163672,0.6868618756779113
2593,0.14945109780439123,0.9373131675810574
2594,0.4476047904191617,0.9705646188141457
2595,0.4431137724550898,0.9552948067987067
2596,0.001996007984031936,0.02097527207717243
2598,0.009231536926147704,0.01802435625402538
2600,0.125499001996008,0.9663942933578403
2601,0.0007485029940119761,0.0
2602,0.000249500998003992,0.0
2603,0.000249500998003992,0.0002063752902712017
2604,0.0007485029940119761,9.492937036631516e-05
2607,0.4755489021956088,0.882263293853478
2608,0.4663173652694611,0.8827397657144397
2610,0.00124750499001996,0.0
2611,0.000998003992015968,0.0
2612,0.03493013972055888,0.6065289175190096
2613,0.001746506986027944,0.0
2615,0.23178642714570857,0.5386457935600681
2617,0.15019960079840322,0.4860796444570141
2618,0.34530938123752497,0.674403066814379
2620,0.005239520958083832,0.33199854962613307
2621,0.025199600798403193,0.4151077776255477
2622,0.00124750499001996,7.018810976909159e-05
2623,0.3625249500998004,0.6926263207090977
2624,0.2634730538922156,0.7647828367588885
2626,0.000499001996007984,0.0
2627,0.016966067864271458,0.13161699907661756
2628,0.27969061876247503,0.9142970469129471
2629,0.000249500998003992,0.0
2632,0.30389221556886226,0.9905275279087598
2633,0.09505988023952096,0.8902257302585022
2634,0.000249500998003992,0.0
2636,0.000499001996007984,0.0
2637,0.19136726546906188,0.9098688513569435
2638,0.000499001996007984,0.0
2639,0.0007485029940119761,0.0
2640,0.000249500998003992,0.0
2641,0.000249500998003992,0.0
2643,0.47879241516966065,0.9992825650236091
2644,0.47879241516966065,0.9992814180704048
2645,0.48677644710578843,0.9499911447519452
2647,0.000249500998003992,0.0
2649,0.09431137724550898,0.9757130124645993
2650,0.0014970059880239522,0.0
2651,0.47230538922155685,0.9905445326913067
2652,0.000499001996007984,0.0
2653,0.23902195608782434,0.9560044523030397
2654,0.11801397205588822,0.7367398146115858
2655,0.4902694610778443,0.9552341488785681
2656,0.3218562874251497,0.9795957646634104
2657,0.3058882235528942,0.9999676676343262
2659,0.4827844311377245,0.9769330350465252
2660,0.4139221556886228,0.964947891590189
2661,0.000249500998003992,0.0
2662,0.3350798403193613,0.9767763538479438
2663,0.000499001996007984,0.0
2664,0.001746506986027944,0.0
2666,0.000998003992015968,2.2673290456364758e-05
2668,0.42465069860279436,0.9986676501926621
2669,0.42465069860279436,0.9986676499522515
2670,0.42465069860279436,0.9986676506250624
2672,0.000249500998003992,0.0
2673,0.4249001996007984,0.9986674061785138
2674,0.23952095808383234,0.9881172223670984
2675,0.0007485029940119761,0.0
2676,0.18812375249500998,0.9693350209808956
2677,0.42539920159680644,0.9986681211644551
2678,0.33358283433133734,0.9999991610336468
2679,0.42215568862275454,0.9999956785885029
2680,0.42340319361277445,0.9999994687651882
2681,0.4231536926147704,0.9999994321123231
2683,0.003493013972055888,0.17980647996829405
2684,0.000249500998003992,0.08659058775972128
2685,0.4231536926147704,0.9999994321123333
2686,0.4229041916167665,0.9999994314998324
2687,0.24451097804391217,0.9473138907555193
2688,0.2435129740518962,0.9999999840124033
2689,0.000998003992015968,0.0
2690,0.000249500998003992,0.0
2693,0.4231536926147704,0.9999994321123336
2695,0.3333333333333333,0.9999998550676982
2696,0.4231536926147704,0.9999994321204837
2698,0.0007485029940119761,2.705780947161036e-05
2699,0.4231536926147704,0.9999994321123304
2700,0.2435129740518962,0.9999999840124
2701,0.4231536926147704,0.9999994321123298
2702,0.002245508982035928,0.0
2703,0.4231536926147704,0.9999994321123296
2704,0.4229041916167665,0.999999431494274
2705,0.4236526946107785,0.9999844358740556
2706,0.4241516966067864,0.999979741484664
2707,0.4303892215568862,0.9582547803497372
2708,0.4241516966067864,0.999988143839661
2710,0.001746506986027944,0.0
2711,0.008982035928143712,0.02037071628386294
2713,0.16991017964071856,0.8674494551740243
2715,0.4231536926147704,0.9999999931927381
2716,0.4231536926147704,0.9999999931927552
2717,0.4231536926147704,0.9999999931927499
2718,0.3323353293413174,0.9999999714188088
2719,0.4231536926147704,0.9999999931927426
2721,0.4226546906187625,0.9999906041997888
2722,0.33208582834331335,0.9999830746101459
2723,0.4231536926147704,0.9999999931927437
2724,0.4231536926147704,0.9999999931927639
2725,0.00124750499001996,0.0
2726,0.4229041916167665,0.9999999991022861
2727,0.005988023952095809,0.9235692960924562
2729,0.3323353293413174,0.9999999714188155
2730,0.000249500998003992,0.0
2731,0.4231536926147704,0.9999999931927344
2732,0.4231536926147704,0.9999999931927317
2733,0.17514970059880242,0.9713412606771694
2738,0.0007485029940119761,0.0
2739,0.004491017964071856,0.968703574881076
2740,0.23552894211576847,0.9902257532464968
2741,0.23552894211576847,0.9902257542545858
2742,0.000249500998003992,9.62282490046212e-05
2743,0.000499001996007984,0.0
2745,0.4231536926147704,0.9999999931927483
2746,0.16566866267465075,0.9532680353457301
2749,0.23902195608782434,0.9997826756671492
2750,0.4281437125748503,0.9999996258259168
2751,0.16816367265469062,0.8660412748954777
2752,0.17514970059880242,0.9643029497291182
2753,0.00024950099800402636,0.0
2755,0.3340818363273453,0.9947372570116836
2756,0.3345808383233533,0.9999415326794006
2758,0.3348303393213573,0.9999401309075246
2759,0.3345808383233533,0.9999415326224427
2760,0.3345808383233533,0.9999415326589715
2761,0.23253493013972057,0.9904449390872028
2762,0.23228542914171657,0.9905532169176053
2763,0.11202594810379242,0.9999952279208628
2765,0.33607784431137727,0.9999996349172122
2766,0.4271457085828343,0.9999999980374179
2767,0.4216566866267465,0.9999999974578231
2769,0.4273952095808383,0.9999993969217039
2771,0.000249500998003992,0.0
2772,0.33857285429141715,0.9955804737659518
2775,0.00124750499001996,0.0
2777,0.00499001996007984,0.061736902630208694
2778,0.000249500998003992,0.0
2780,0.17165668662674652,0.8501092917226655
2781,0.22579840319361277,0.9539746769929968
2782,0.000499001996007984,0.0
2783,0.23527944111776447,0.9999995504573996
2785,0.33857285429141715,0.9955805208227604
2787,0.000249500998003992,0.0
2789,0.3338323353293413,0.9999766506430102
2790,0.22704590818363274,0.9509368459987299
2791,0.22704590818363274,0.9509368457966044
2792,0.007984031936127744,0.24704899196142532
2793,0.23527944111776447,0.9999995504658751
2794,0.23527944111776447,0.9999995504573999
2795,0.23552894211576847,0.9999995588194679
2796,0.23003992015968064,0.9999994538509425
2797,0.021706586826347306,0.4027490217623269
2798,0.43088822355289425,0.9821005297577645
2799,0.21781437125748504,0.9498094746993168
2800,0.21781437125748504,0.949809478965968
2801,0.23203592814371257,0.9999995310226607
2802,0.23178642714570857,0.9999917998833883
2804,0.001996007984031936,0.0
2805,0.33682634730538924,0.9914079085383424
2806,0.000998003992015968,0.0
2807,0.23203592814371257,0.9999995310225248
2809,0.23203592814371257,0.9883738302643212
2810,0.23203592814371257,0.9999995310230728
2811,0.22380239520958084,0.9505863580843442
2812,0.00998003992015968,0.03806422079556081
2813,0.23228542914171657,0.999999524120067
2814,0.001996007984031936,0.0
2815,0.218313373253493,0.9485363758642957
2816,0.42564870259481036,0.9819315737725495
2817,0.25249500998003993,0.9645247954161219
2818,0.23278443113772454,0.9989209059384109
2819,0.23278443113772454,0.9989209062500598
2821,0.4261477045908184,0.9819275440171819
2822,0.003243512974051896,0.7303592070834719
2823,0.4261477045908184,0.9819275419437502
2824,0.1843812375249501,0.9643456728100398
2825,0.4263972055888223,0.9819722401381495
2828,0.000249500998003992,2.474396930394184e-05
2829,0.00249500998003992,0.0
2830,0.001996007984031936,0.49899660696228054
2832,0.2280439121756487,0.8681462690667565
2833,0.09406187624750499,0.6371533382410756
2834,0.0062375249500998,0.7532213644846698
2835,0.09481037924151696,0.6380569065448317
2836,0.000249500998003992,0.0
2837,0.1906187624750499,0.9481825700972514
2839,0.002245508982035928,0.999913475117676
2841,0.02619760479041916,0.3230812758505328
2844,0.07784431137724551,0.621247365408493
2845,0.060129740518962076,0.9651788898064924
2846,0.000499001996007984,1.8989602972492626e-05
2849,0.000998003992015968,0.0
2850,0.000499001996007984,0.0
2851,0.3824850299401198,0.2418223203150105
2852,0.05963073852295409,0.966210290400976
2853,0.060129740518962076,0.9662673848480795
2855,0.000249500998003992,0.0001449036052040893
2856,0.002245508982035928,0.0
2858,0.000499001996007984,0.0865995423606394
2859,0.000249500998003992,0.0
2860,0.39595808383233533,0.24208986117215234
2861,0.059880239520958084,0.9657794281111313
2862,0.059880239520958084,0.9657794275750956
2863,0.34181636726546905,0.24902387782574661
2864,0.059880239520958084,0.9657794286468728
2866,0.09830339321357286,0.994321442981804
2869,0.11352295409181637,0.9587504294669653
2870,0.003243512974051896,0.005823359553596881
2871,0.1125249500998004,0.9567866729878404
2872,0.000998003992015968,0.0
2873,0.11526946107784432,0.9841613397721664
2876,0.003243512974051896,0.025659228069596515
2879,0.10703592814371257,0.9875537560794259
2880,0.003992015968063872,0.0
2881,0.26372255489021956,0.3138613543732426
2882,0.000249500998003992,0.0
2883,0.025698602794411177,0.3941884978318322
2884,0.003992015968063872,0.06285811085959045
2885,0.4204091816367265,0.21268801422665634
2886,0.24925149700598803,0.5085175290148599
2887,0.21681636726546907,0.6121069550589134
2888,0.23003992015968067,0.3341996153288433
2890,0.4101796407185629,0.5261435699573969
2891,0.41042914171656686,0.5261634108247114
2892,0.23952095808383234,0.848129173310002
2894,0.23852295409181637,0.8393621920291464
2895,0.03817365269461078,0.14320759906187278
2896,0.22904191616766467,0.3291236660366578
2897,0.20758483033932135,0.9752397416712834
2898,0.000249500998003992,0.0
2899,0.01472055888223553,0.028142456802954893
2900,0.23977045908183633,0.8514529632353947
2901,0.2377744510978044,0.8515069662205282
2902,0.20958083832335328,0.975708288986634
2903,0.03617764471057884,0.04224198060255822
2904,0.20808383233532934,0.987795865794996
2905,0.2280439121756487,0.8634804920019162
2908,0.000249500998003992,0.0
2909,0.00499001996007984,0.013932438312443316
2910,0.18562874251497008,0.5217493491957984
2911,0.001996007984031936,0.0
2912,0.4845309381237525,0.4373250578875851
2914,0.46506986027944114,0.40549350759452163
2915,0.47529940119760483,0.4738687465322993
2916,0.18188622754491013,0.5235765650363591
2917,0.0014970059880239522,0.0
2919,0.000249500998003992,0.0
2920,0.0074850299401197605,0.6212066666097822
2921,0.2597305389221557,0.5220364064935821
2922,0.000249500998003992,0.0
2923,0.35129740518962077,0.5781063501947964
2925,0.0007485029940119761,0.0
2926,0.18762475049900199,0.3881574239589844
2927,0.0249500998003992,0.18694558203309317
2928,0.000249500998003992,0.0
2930,0.2729540918163673,0.8688223934072463
2931,0.000249500998003992,0.0
2932,0.00249500998003992,0.0030998496685188627
2933,0.18038922155688622,0.4297784241888235
2936,0.029191616766467067,0.7958391055792806
2938,0.004740518962075849,0.06905320892721822
2939,0.00499001996007984,0.043111438260598094
2940,0.001996007984031936,0.0
2941,0.03093812375249501,0.8338625894196139
2942,0.03143712574850299,0.8353416429633345
2943,0.12125748502994012,0.9589572819406049
2944,0.09306387225548902,0.8141294579726702
2946,0.02594810379241517,0.3760007063461337
2947,0.000249500998003992,0.0
2948,0.000249500998003992,0.0
2949,0.12225548902195608,0.9588439372262307
2950,0.005988023952095809,0.7755576181179413
2951,0.4972554890219561,0.8325612611102132
2953,0.1217564870259481,0.9595758163472615
2954,0.4573353293413174,0.9136900379860198
2955,0.12225548902195608,0.9613388719351106
2956,0.4565868263473054,0.9137574771740228
2957,0.013972055888223553,0.617354151852503
2958,0.03143712574850299,0.8339848231242315
2959,0.007984031936127744,0.03777561791273933
2960,0.000249500998003992,0.0
2961,0.19261477045908182,0.8709513932281967
2962,0.005988023952095809,0.7755575435931401
2963,0.44835329341317365,0.9313209064039697
2964,0.4486027944111777,0.9312990859939604
2965,0.0037425149700598802,0.13941381384488993
2966,0.000249500998003992,0.0
2967,0.46007984031936133,0.9070372501311454
2969,0.00249500998003992,0.0
2970,0.000499001996007984,0.0
2971,0.018463073852295408,0.3608420014882305
2972,0.10953093812375249,0.751995752606164
2973,0.4263972055888223,0.8592479050923979
2974,0.41666666666666663,0.855472297369988
2975,0.1858782435129741,0.9814565279827978
2976,0.2000998003992016,0.9870463484338523
2978,0.19985029940119758,0.9748295147736366
2979,0.24276447105788423,0.9188858341451817
2980,0.2642215568862275,0.8970476298166501
2981,0.000249500998003992,0.0
2982,0.25249500998003993,0.9083424379158971
2983,0.2759481037924152,0.7884850075944664
2984,0.2759481037924152,0.7884850112260858
2985,0.27445109780439125,0.8833616058948922
2986,0.027694610778443114,0.9644502896599405
2988,0.31312375249501,0.8499812661004668
2989,0.4503493013972056,0.828213996239118
2990,0.25923153692614775,0.8678946846392089
2991,0.000499001996007984,0.0
2992,0.25,0.9098747834747188
2993,0.00124750499001996,0.0
2994,0.0029940119760479044,0.0
2995,0.000249500998003992,0.0
2997,0.000249500998003992,5.673538857165737e-06
2998,0.06487025948103792,0.6633180553253544
2999,0.0007485029940119761,0.0
3001,0.007235528942115769,0.7323370032415851
3002,0.2220558882235529,0.9486221603441503
3004,0.001746506986027944,0.08149608509520727
3005,0.49276447105788423,0.9111119106004937
3006,0.46482035928143717,0.907069873662462
3007,0.4925149700598802,0.9111127843527188
3008,0.000249500998003992,0.0
3010,0.001996007984031936,0.0
3011,0.4283932135728543,0.9919188796935324
3013,0.42864271457085823,0.9999994541296257
3014,0.000499001996007984,0.0
3015,0.4231536926147704,0.9951736263494398
3016,0.2435129740518962,0.9201895952782159
3017,0.0014970059880239522,0.0003211056813723105
3019,0.4283932135728543,0.999999999095391
3020,0.000249500998003992,0.0
3022,0.42864271457085823,0.9999999700946911
3023,0.000249500998003992,0.0
3024,0.00249500998003992,0.0
3025,0.4283932135728543,0.9919306858989503
3026,0.42789421157684626,0.9999999979921321
3027,0.42789421157684626,0.9999999979921375
3028,0.0074850299401197605,0.6212119901227326
3029,0.42789421157684626,0.9999999979921317
3030,0.42789421157684626,0.999999997992135
3031,0.4281437125748503,0.9999973097384179
3032,0.42789421157684626,0.9999999979921352
3033,0.000249500998003992,0.0
3034,0.42764471057884235,0.9999998468600847
3035,0.4226546906187625,0.9896018908774403
3038,0.0007485029940119761,0.0
3039,0.22355289421157684,0.9741028986355619
3040,0.005239520958083832,0.7755511954034167
3041,0.42789421157684626,0.9999999979921339
3042,0.4281437125748503,0.9999999407002698
3043,0.4236526946107785,0.9951722043931606
3045,0.4281437125748503,0.9999999999455955
3046,0.4283932135728543,0.9999999988878034
3047,0.001996007984031936,0.002152042600176599
3049,0.000249500998003992,0.0
3050,0.014970059880239521,0.8140710530405455
3052,0.4293912175648703,0.9679279704398169
3053,0.4283932135728543,0.9838543528802354
3054,0.06986027944111776,0.9999999790866138
3055,0.0007485029940119761,0.0
3057,0.000499001996007984,0.9680518458767104
3058,0.42764471057884235,0.9999904522301543
3059,0.14271457085828343,0.9681308727811826
3060,0.42789421157684626,0.9999999997830729
3062,0.000249500998003992,0.0
3063,0.000249500998003992,0.0
3064,0.4273952095808383,0.9999996075103063
3065,0.42764471057884235,0.9999998602608164
3066,0.4271457085828343,0.9999996426117099
3067,0.09505988023952096,0.6442172451261087
3068,0.4271457085828343,0.9999836103431153
3070,0.4271457085828343,0.9999836103463465
3071,0.4271457085828343,0.9999836103474645
3072,0.0007485029940119761,0.0
3073,0.42664670658682635,0.9999899695713732
3074,0.42789421157684626,0.9999997983945286
3075,0.06986027944111776,0.9999999790866315
3076,0.0007485029940119761,0.0
3077,0.4231536926147704,0.9951737032562573
3079,0.000249500998003992,0.0
3080,0.06986027944111776,0.9999999790866528
3081,0.004740518962075849,0.16308547834183043
3082,0.000249500998003992,0.0
3083,0.4281437125748503,0.9999999993413726
3085,0.025199600798403193,0.9993878353296192
3087,0.023952095808383235,0.8749848973956352
3088,0.001996007984031936,0.0034836647351022864
3089,0.000499001996007984,0.0
3090,0.000249500998003992,2.2658496903763462e-05
3092,0.4231536926147704,0.995171617051372
3093,0.4236526946107785,0.9871588723649679
3094,0.4231536926147704,0.9951700245529571
3095,0.000499001996007984,0.0
3096,0.49276447105788423,0.9869726475220372
3097,0.4231536926147704,0.994506315764374
3098,0.000998003992015968,0.0
3099,0.42215568862275454,0.9951779780919239
3100,0.000249500998003992,0.0
3101,0.000499001996007984,0.0
3102,0.4231536926147704,0.9951736278649962
3103,0.000249500998003992,0.0
3104,0.42340319361277445,0.9951224796393856
3105,0.4231536926147704,0.9951736243452749
3108,0.03493013972055888,0.999999995521333
3109,0.4316367265469062,0.9998085025645514
3110,0.43113772455089816,0.9914007000490938
3111,0.43088822355289425,0.9993799467679907
3114,0.000499001996007984,0.0
3115,0.007235528942115769,0.7323369611398128
3116,0.000249500998003992,0.0
3117,0.000249500998003992,0.0
3119,0.408433133732535,0.999999953094613
3120,0.000998003992015968,0.30553466977197263
3123,0.00124750499001996,0.0011777664881085842
3124,0.1277445109780439,0.9659185229541112
3125,0.0062375249500998,0.06620005812086577
3126,0.000499001996007984,0.0
3127,0.007235528942115769,0.025426830802776863
3128,0.0014970059880239522,0.02502187083943583
3129,0.0074850299401197605,0.7304012219358357
3130,0.0014970059880239522,0.025021854174091415
3131,0.0062375249500998,0.06518292842489963
3132,0.0027445109780439123,0.482527924368486
3133,0.000249500998003992,0.0
3134,0.0029940119760479044,0.0591324493634424
3135,0.000249500998003992,0.0
3136,0.38972055888223556,0.9570155430201079
3137,0.19635728542914177,0.9773397992764189
3138,0.48203592814371254,0.9670875157775872
3139,0.000249500998003992,0.0
3140,0.06337325349301397,0.6135757278533717
3143,0.15743512974051896,0.966949983294131
3146,0.07035928143712575,0.9816739344193971
3147,0.07035928143712575,0.981673930431086
3148,0.00124750499001996,0.001177766163121928
3149,0.03418163672654691,0.6087739043733056
3150,0.07035928143712575,0.9816739412903499
3151,0.000998003992015968,0.0030806609750043327
3152,0.016467065868263474,0.11452767496631513
3153,0.07035928143712575,0.9816739472653324
3156,0.1923652694610778,0.9803894921192702
3158,0.08882235528942116,0.9945743907785259
3160,0.0843313373253493,0.8862794148240216
3162,0.25823353293413176,0.9936193242074247
3163,0.014970059880239521,0.049226262761178155
3164,0.15918163672654695,0.9663565500972338
3165,0.0007485029940119761,0.0
3166,0.08832335329341318,0.9999731968439419
3168,0.17015968063872255,0.9999995617586932
3169,0.4338822355289421,0.9991201545976427
3171,0.000499001996007984,0.0
3174,0.056636726546906185,0.9987316830863894
3175,0.035179640718562874,0.9999999771839899
3176,0.12699600798403193,0.9999998967896662
3178,0.25024950099800397,0.9933901694656724
3179,0.25199600798403193,0.9933673959995095
3181,0.0843313373253493,0.9993786905482767
3183,0.05713572854291417,0.9999999916813982
3184,0.250499001996008,0.9933859921676695
3185,0.000499001996007984,0.0
3186,0.000249500998003992,0.0
3188,0.000249500998003992,2.102816634750498e-05
3189,0.1923652694610778,0.9948106637457085
3190,0.001996007984031936,0.9985418632744308
3192,0.07035928143712575,0.8516322387299898
3194,0.02869261477045908,0.9647807898759637
3195,0.0007485029940119761,0.0
3196,0.0027445109780439123,0.0
3197,0.15144710578842316,0.9220316676815091
3198,0.12699600798403193,0.9152535298565517
3199,0.021706586826347306,0.11358280884874394
3200,0.000249500998003992,0.0
3201,0.000249500998003992,0.0
3202,0.4336327345309381,0.9611628585753079
3203,0.0007485029940119761,0.0
3204,0.000499001996007984,0.0
3207,0.0187125748502994,0.04999970044243463
3208,0.000499001996007984,0.0
3211,0.0249500998003992,0.08171265451098128
3212,0.17440119760479042,0.8555288622211691
3214,0.004491017964071856,0.9981804870804143
3215,0.0062375249500998,0.6714829598897818
3216,0.0007485029940119761,0.0
3217,0.000249500998003992,0.0
3218,0.013972055888223553,0.10279636118965237
3219,0.02694610778443114,0.9489233989052476
3220,0.35279441117764476,0.8248017950449702
3223,0.00124750499001996,0.0
3225,0.0007485029940119761,0.0
3226,0.0007485029940119761,0.0
3227,0.2402694610778443,0.9377321493578626
3229,0.4468562874251497,0.9465245379679957
3230,0.000249500998003992,0.0
3231,0.003243512974051896,0.0
3232,0.000249500998003992,0.0
3233,0.0014970059880239522,0.0
3235,0.030189620758483034,0.6698382599307793
3236,0.00124750499001996,0.0014402180105739615
3238,0.000499001996007984,0.0
3239,0.06212574850299401,0.8983460976425837
3240,0.000499001996007984,0.0002167137013666139
3242,0.000499001996007984,0.0
3243,0.001996007984031936,0.0
3244,0.004740518962075849,0.001331872386129831
3245,0.000249500998003992,0.0
3246,0.005988023952095809,0.06518394144733733
3249,0.1309880239520958,0.8594423498112194
3250,0.4341317365269461,0.8722485318890241
3251,0.0007485029940119761,0.0
3252,0.061626746506986026,0.8986307784473565
3254,0.3183632734530938,0.8356604027409645
3255,0.09131736526946108,0.9757098687136834
3257,0.060129740518962076,0.9020258433028774
3258,0.0007485029940119761,0.0
3259,0.2791916167664671,0.9387436289237101
3260,0.0007485029940119761,0.0
3262,0.001996007984031936,0.17149783650427555
3263,0.0007485029940119761,0.0
3264,0.000998003992015968,0.0
3265,0.000249500998003992,0.0
3266,0.000499001996007984,0.0
3267,0.000499001996007984,0.0
3268,0.000998003992015968,0.016508071944623476
3269,0.18288423153692615,0.7750864327102087
3270,0.312125748502994,0.8231484180737745
3272,0.15568862275449102,0.7935170279690519
3273,0.4880239520958084,0.47377567219106986
3274,0.16367265469061876,0.38297298581197
3275,0.2936626746506986,0.6955240818658242
3276,0.18038922155688622,0.40896366741476015
3279,0.029191616766467067,0.8641968165792966
3280,0.14296407185628743,0.4818797659041627
3281,0.000499001996007984,0.0
3282,0.0007485029940119761,0.00016896076420021475
3283,0.2901696606786427,0.9577821044050209
3284,0.3011477045908184,0.9580180561710825
3285,0.2879241516966068,0.9140235000997301
3286,0.30064870259481036,0.9799865160553516
3287,0.00124750499001996,0.0024174787905354295
3288,0.1314870259481038,0.692991626227196
3289,0.000499001996007984,0.0
3291,0.000998003992015968,0.0983185009382232
3292,0.0007485029940119761,0.0
3295,0.000249500998003992,0.0
3296,0.005738522954091816,0.12004533215759197
3297,0.000499001996007984,0.0
3298,0.01472055888223553,0.17567382797953277
3299,0.19535928143712575,0.9742716981406222
3300,0.20808383233532934,0.8964153769355904
3301,0.11976047904191617,0.7061332932543711
3302,0.000499001996007984,0.0
3303,0.11926147704590818,0.7059171756807544
3304,0.03792415169660679,0.8533327640864208
3306,0.3937125748502994,0.9339144898832417
3307,0.000249500998003992,0.0
3308,0.0027445109780439123,0.0
3309,0.43912175648702595,0.9123689441321339
3310,0.19510978043912175,0.9999992320788138
3311,0.22629740518962077,0.8789266142519616
3312,0.031187624750499,0.935402418924376
3313,0.000998003992015968,0.0
3314,0.3290918163672655,0.841426627462634
3315,0.031686626746506984,0.9997991700114601
3317,0.008982035928143712,0.2681753949769891
3319,0.3013972055888223,0.9999995029612025
3321,0.30039920159680644,0.9989537554808783
3322,0.3388223552894212,0.9202896763787396
3324,0.19585828343313375,0.9962642896314662
3325,0.3008982035928144,0.9801520304745628
3326,0.03717564870259481,0.5735123381145895
3328,0.20683632734530938,0.896280535200576
3329,0.19535928143712575,0.9835341466890435
3330,0.024201596806387227,0.14134585374145253
3331,0.11776447105788423,0.6949686125143937
3332,0.0007485029940119761,0.0
3333,0.3008982035928144,0.9803436546549655
3334,0.003493013972055888,0.0034795666934361908
3335,0.2839321357285429,0.9718122355593909
3336,0.1998502994011976,0.9876084337538573
3337,0.11901197604790419,0.6925642592330636
3338,0.000249500998003992,0.0
3339,0.0014970059880239522,0.49899701100503796
3340,0.03218562874251497,0.9999999355988652
3341,0.000499001996007984,0.0
3344,0.0014970059880239522,0.0
3345,0.12250499001996008,0.6755359036456468
3346,0.40119760479041916,0.9278313367183239
3347,0.000499001996007984,0.0
3348,0.012724550898203593,0.09568896423029977
3350,0.00124750499001996,0.9999998709199578
3351,0.11776447105788423,0.6942475722948747
3352,0.006986027944111776,0.2155054024126418
3354,0.0014970059880239522,0.059632827651178034
3356,0.1996007984031936,0.9598808086258475
3357,0.004491017964071856,0.9999997867113846
3360,0.218063872255489,0.9636184233217924
3361,0.27345309381237526,0.8693023244093008
3362,0.06412175648702595,0.21995108031212446
3364,0.29241516966067865,0.9581694378404
3365,0.03243512974051896,0.9336036138545383
3367,0.21906187624750498,0.9999998847604348
3368,0.03817365269461078,0.8766217752031149
3369,0.00124750499001996,0.2892102867562852
3370,0.2894211576846307,0.9212322195958126
3371,0.12974051896207583,0.596541851085965
3372,0.000249500998003992,0.0
3373,0.3253493013972056,0.9820488570470745
3374,0.03243512974051896,0.9336036172983466
3377,0.000249500998003992,0.0
3379,0.01347305389221557,0.0018169546223218576
3380,0.026447105788423155,0.7354719889778153
3381,0.027694610778443114,0.7374631812491792
3382,0.3290918163672655,0.7769129380214046
3383,0.1000499001996008,0.7482360435442872
3384,0.08957085828343313,0.7491681889208199
3385,0.4553393213572854,0.8045976507598099
3386,0.006487025948103792,0.0026694614338237978
3387,0.24875249500998003,0.9154327886441429
3388,0.016966067864271458,0.12750116569438172
3389,0.4486027944111776,0.8670511236720202
3390,0.3076347305389222,0.851223491370602
3391,0.000249500998003992,0.00016855037658923338
3393,0.21332335329341318,0.9878276150166422
3395,0.0037425149700598802,0.0
3396,0.002245508982035928,0.06273355320338324
3397,0.000249500998003992,0.0
3398,0.003493013972055888,0.5038196768319758
3399,0.000249500998003992,0.0
3400,0.156437125748503,0.5478808183903146
3401,0.15593812375249502,0.5481839466099053
3402,0.000249500998003992,0.0
3404,0.015718562874251496,0.49671570632836465
3405,0.0014970059880239522,0.002148533427125618
3406,0.2218063872255489,0.8210768457594411
3407,0.30613772455089816,0.855136106391455
3409,0.000249500998003992,0.0
3410,0.00124750499001996,0.0
3411,0.24451097804391217,0.819124984558979
3412,0.0124750499001996,0.20918911530219136
3413,0.00249500998003992,0.0
3414,0.26696606786427146,0.8443025890829962
3415,0.0007485029940119761,0.0
3417,0.06786427145708583,0.49818761395805644
3418,0.000499001996007984,0.0
3419,0.06786427145708583,0.4981876090008859
3420,0.2275449101796407,0.759341020524252
3421,0.1691616766467066,0.7649664445865724
3424,0.007235528942115769,0.9977935887011493
3425,0.2679640718562874,0.8375484012145256
3426,0.2791916167664671,0.8311328751083641
3429,0.39520958083832336,0.9965339504500038
3430,0.000998003992015968,0.03808759888760274
3431,0.000249500998003992,0.0
3432,0.01721556886227545,0.1486019436166383
3433,0.04241516966067864,0.390831811241714
3434,0.000499001996007984,0.0
3435,0.14645708582834333,0.512672719274063
3436,0.09006986027944112,0.5827024413691906
3440,0.3013972055888223,0.571112524766042
3441,0.003493013972055888,0.0
3442,0.006736526946107785,0.06186656162658778
3444,0.00124750499001996,0.0
3445,0.002245508982035928,0.0
3447,0.000249500998003992,0.0
3448,0.375249500998004,0.4606289869299339
3449,0.16142714570858283,0.565195419082084
3450,0.03842315369261477,0.4184230070612067
3452,0.002245508982035928,0.0
3453,0.000249500998003992,0.0
3454,0.000499001996007984,0.3055275925957351
3456,0.020209580838323353,0.27415094377157145
3457,0.000249500998003992,0.0
3458,0.00124750499001996,0.0
3459,0.16392215568862276,0.5623366310230463
3460,0.02969061876247505,0.1626729966313004
3461,0.000249500998003992,0.0
3462,0.000249500998003992,0.9999999969653006
3463,0.000499001996007984,0.0
3465,0.000998003992015968,0.0
3466,0.000249500998003992,0.0
3467,0.000249500998003992,0.0
3468,0.000499001996007984,0.0
3469,0.000998003992015968,0.0003151504460466407
3470,0.000998003992015968,0.0
3471,0.000499001996007984,0.0
3472,0.001996007984031936,0.021874389855745767
3474,0.03218562874251497,0.39130843108232044
3476,0.000249500998003992,0.0
3478,0.1601796407185629,0.5770369363514677
3481,0.000499001996007984,0.0006339196187035198
3482,0.045159680638722555,0.3354903303412256
3484,0.007734530938123752,0.26924535412145234
3485,0.0062375249500998,0.030128764685281573
3486,0.000249500998003992,0.0
3487,0.0029940119760479044,0.0003157308397984033
3488,0.000499001996007984,0.20528677034311682
3490,0.012974051896207584,0.22936901366336876
3492,0.00124750499001996,0.0075445690006548044
3493,0.0007485029940119761,0.5005712615229437
3494,0.0062375249500998,0.11524025899547605
3495,0.04316367265469062,0.12856962455180293
3497,0.15818363273453093,0.642680240822165
3498,0.15843313373253493,0.6425112223034792
3500,0.000249500998003992,0.0
3501,0.000249500998003992,0.0
3502,0.000249500998003992,0.0
3503,0.012724550898203568,0.03232160358218297
3506,0.21132734530938124,0.999654302510626
3507,0.4723053892215569,0.40250445753080377
3508,0.030439121756487025,0.1856553556609224
3509,0.000499001996007984,0.00180138716238102
3510,0.000249500998003992,0.0
3513,0.0037425149700598802,0.8749048588598578
3514,0.0007485029940119761,0.0
3515,0.20209580838323354,0.7728721552016145
3517,0.40044910179640714,0.38594632663015754
3518,0.3705089820359282,0.3989542864363392
3519,0.37125748502994016,0.39885750623643146
3520,0.19436127744510978,0.43054828576990783
3521,0.34006986027944114,0.34251929251802
3522,0.000249500998003992,0.0
3523,0.04790419161676647,0.4699977883694974
3525,0.0027445109780439123,0.0020836101920034917
3526,0.000499001996007984,0.0
3528,0.000249500998003992,0.0
3529,0.31087824351297405,0.6470777540338051
3531,0.46506986027944114,0.8100836944182983
3532,0.05538922155688623,0.14630669330216547
3535,0.007984031936127744,0.36830157797955165
3536,0.000249500998003992,0.0
3537,0.002245508982035928,0.9993553791789455
3538,0.000998003992015968,0.0
3541,0.000499001996007984,0.0
3542,0.000249500998003992,0.0
3543,0.001996007984031936,0.2353865342676206
3544,0.000998003992015968,0.0
3545,0.07734530938123753,0.1670945163456083
3546,0.4189121756487026,0.8652726793628239
3547,0.2871756487025948,0.8627695183532592
3548,0.28642714570858285,0.8627516031675563
3549,0.006487025948103792,0.02206933191907226
3550,0.008233532934131737,0.3607912406436294
3551,0.38572854291417163,0.9181825450840837
3553,0.0843313373253493,0.999690167439175
3554,0.000998003992015968,0.0
3555,0.0037425149700598802,8.546345308373527e-06
3556,0.08408183632734531,0.9996902024877136
3557,0.000499001996007984,0.0
3558,0.08483033932135728,0.9727359042911663
3559,0.1631736526946108,0.9272876683012685
3560,0.0843313373253493,0.9999599598328112
3561,0.0007485029940119761,0.0
3562,0.2834331337325349,0.9517112909214769
3563,0.00124750499001996,0.0
3564,0.03842315369261477,0.8899442010909594
3565,0.37674650698602796,0.9545161789518101
3566,0.015469061876247504,0.43125498822224523
3567,0.015469061876247504,0.999961601212797
3568,0.2839321357285429,0.9517200995799285
3569,0.15194610778443118,0.779765375525208
3570,0.36726546906187624,0.9562935857361594
3571,0.4530938123752495,0.8997365403845247
3573,0.013223552894211578,0.18045588714275104
3574,0.2844311377245509,0.9516925460844856
3575,0.406187624750499,0.9423277534147922
3576,0.4530938123752495,0.8996824611917488
3577,0.00124750499001996,0.48511244236531265
3579,0.000998003992015968,0.0
3580,0.2836826347305389,0.9517103612730378
3581,0.001996007984031936,0.2353865633935842
3582,0.03842315369261477,0.8899441993251985
3583,0.3819860279441118,0.9119624105058657
3584,0.0042415169660678645,0.1992380750770562
3585,0.406187624750499,0.9499993654052147
3586,0.2846806387225549,0.9517292156345918
3587,0.2841816367265469,0.9517077834688841
3589,0.000499001996007984,0.0
3590,0.009730538922155689,0.4969836050387494
3591,0.0376746506986028,0.9544095449235482
3594,0.000499001996007984,0.0
3597,0.35479041916167664,0.9999334515679619
3599,0.35678642714570863,0.8821853210797245
3600,0.000249500998003992,0.0
3601,0.1062874251497006,0.9502448697064029
3602,0.38572854291417163,0.9238626211664208
3603,0.47529940119760483,0.9431688649284982
3604,0.000249500998003992,0.00018739086802270616
3606,0.375,0.9489974918195108
3607,0.16167664670658682,0.95700824882031
3608,0.015219560878243513,0.9999969678625927
3609,0.015219560878243513,0.9999969678706112
3610,0.000249500998003992,0.0
3611,0.18213572854291415,0.939749117827784
3613,0.000249500998003992,0.00013105203491316908
3614,0.43537924151696605,0.8880397099593605
3615,0.009481037924151697,0.038156122444165316
3616,0.3967065868263473,0.8986074496067965
3617,0.000499001996007984,0.08659942535576032
3618,0.000499001996007984,0.0
3619,0.0054890219560878245,0.9676366778362238
3620,0.000249500998003992,0.0
3621,0.000249500998003992,0.0
3622,0.000249500998003992,0.0
3623,0.000249500998003992,0.0004964166485762778
3626,0.000249500998003992,0.0
3627,0.2926646706586826,0.904633404733754
3629,0.2776946107784431,0.9282698823250012
3630,0.000249500998003992,0.0
3631,0.14870259481037923,0.9460607305717229
3632,0.311127744510978,0.8733952367585601
3633,0.2926646706586826,0.9046334031389773
3634,0.000249500998003992,0.0
3635,0.3772455089820359,0.831158746936912
3636,0.009231536926147704,0.007827651589033433
3637,0.015219560878243513,0.9999969678736164
3638,0.11801397205588822,0.8761744208967315
3639,0.000499001996007984,0.0
3640,0.015219560878243513,0.9999969678608381
3641,0.281936127744511,0.9181684935238766
3642,0.25449101796407186,0.8908155817791017
3643,0.0029940119760479044,0.0
3644,0.015968063872255488,0.9999951585633241
3645,0.468562874251497,0.9619444114474659
3647,0.16117764471057885,0.9313370364462942
3649,0.000249500998003992,0.0
3651,0.24750499001996007,0.8513478673502223
3652,0.000499001996007984,0.0
3653,0.000249500998003992,0.0
3654,0.000499001996007984,0.0
3656,0.000499001996007984,0.0
3657,0.0007485029940119761,0.0
3658,0.2934131736526946,0.7654499182389475
3659,0.02694610778443114,0.9986249501158113
3660,0.3370758483033932,0.8730099336574614
3661,0.018962075848303395,0.9999979838059099
3662,0.001746506986027944,0.1420060823005136
3663,0.36352295409181634,0.7726577659609944
3664,0.0007485029940119761,0.10628622901140061
3665,0.000249500998003992,0.0
3666,0.015219560878243513,0.05301770097284578
3668,0.1469560878243513,0.41888634957183113
3670,0.000499001996007984,0.0
3672,0.2846806387225549,0.5534811278363629
3673,0.000249500998003992,0.0
3674,0.10254491017964072,0.6517581849349838
3675,0.003992015968063872,0.13420327832799706
3677,0.0007485029940119761,0.999865574683399
3678,0.09555888223552894,0.6204457994464133
3679,0.000249500998003992,0.0
3680,0.07260479041916168,0.817968297193818
3681,0.005988023952095809,0.10976768924541187
3682,0.005988023952095809,0.1097676109056021
3683,0.12400199600798403,0.9069244902988055
3685,0.06661676646706587,0.9177770905892509
3686,0.08058882235528943,0.9806490401390934
3687,0.2834331337325349,0.8896340250412391
3688,0.000249500998003992,0.0
3689,0.21606786427145708,0.7961663864308389
3691,0.016716566866267466,0.6153665767926633
3693,0.007734530938123752,0.740490447052535
3694,0.125249500998004,0.9952405605935444
3695,0.062624750499002,0.9509930771175404
3696,0.0054890219560878245,0.9668287901028781
3700,0.005738522954091816,0.11400981579905027
3701,0.000998003992015968,0.9999995740608035
3703,0.0042415169660678645,0.0632775544938871
3704,0.000998003992015968,0.0
3705,0.000249500998003992,0.0
3706,0.1277445109780439,0.9774873824941059
3707,0.000249500998003992,0.0
3708,0.2719560878243513,0.9379088429116008
3709,0.3270958083832335,0.9681083529634723
3710,0.06487025948103792,0.9499610471265376
3712,0.000499001996007984,0.0
3713,0.014471057884231538,0.07271157826557353
3714,0.009231536926147704,0.3688353088971789
3715,0.43637724550898205,0.9842074629781195
3716,0.062624750499002,0.9509930724174614
3717,0.24051896207584833,0.9778534373404053
3718,0.0014970059880239522,0.0
3719,0.062624750499002,0.9509930722611586
3720,0.4433632734530938,0.9778986070789352
3722,0.3303393213572854,0.9605633631211056
3723,0.000249500998003992,0.0
3725,0.14845309381237526,0.8789588049761592
3726,0.000249500998003992,0.0
3729,0.000998003992015968,0.0
3730,0.001746506986027944,0.09882524140192442
3731,0.06536926147704591,0.9990044593351741
3733,0.00249500998003992,0.10932973079376951
3734,0.12674650698602793,0.9999284642340391
3735,0.000249500998003992,0.0
3736,0.000249500998003992,0.0
3737,0.00249500998003992,0.9999999640195517
3738,0.0014970059880239522,0.0001819569536902143
3739,0.06536926147704591,0.9990047871305271
3740,0.000249500998003992,0.0
3741,0.12100798403193613,0.9307194638217148
3742,0.000499001996007984,0.0
3744,0.2719560878243513,0.9491832000802243
3745,0.000998003992015968,0.0
3746,0.000249500998003992,8.158819559176606e-06
3747,0.010479041916167664,0.05828656066514513
3749,0.4543413173652695,0.99501536341729
3751,0.4543413173652695,0.9952380615580306
3752,0.001746506986027944,0.0
3754,0.12050898203592815,0.9338574181278624
3755,0.0054890219560878245,0.12302026373691462
3756,0.31037924151696605,0.9999476708011283
3758,0.12599800399201597,0.9999963405225121
3759,0.0074850299401197605,0.9991792556310368
3760,0.38997005988023953,0.9364168039795909
3762,0.012974051896207584,0.6134860966736909
3763,0.000499001996007984,0.01179293877827194
3764,0.007984031936127744,0.032836437706581095
3765,0.02944111776447106,0.8187207139678434
3766,0.010728542914171657,0.48678478888251164
3768,0.000998003992015968,0.0
3769,0.06037924151696607,0.44908283641487423
3770,0.000499001996007984,0.0
3772,0.2432634730538922,0.8591560492157919
3773,0.007235528942115769,0.04204724217161251
3774,0.000249500998003992,0.0
3775,0.010728542914171657,0.35900058809098406
3776,0.18113772455089822,0.8292838068030818
3777,0.017714570858283433,0.31786956685287737
3780,0.018463073852295408,0.5955037699822685
3781,0.002245508982035928,0.0013604698075805211
3782,0.4550898203592814,0.8492803858005039
3783,0.000499001996007984,5.477750211717244e-05
3784,0.002245508982035928,0.026277790601285954
3785,0.45434131736526945,0.857478357906237
3786,0.000499001996007984,0.0
3787,0.02445109780439122,0.060654324313551417
3790,0.000249500998003992,0.0
3791,0.15718562874251496,0.9936114587321365
3792,0.44011976047904194,0.8760737356028631
3793,0.000499001996007984,0.0
3794,0.009231536926147704,0.788224567506781
3795,0.156187624750499,0.9919874397977237
3796,0.00124750499001996,0.20116057900986023
3797,0.001996007984031936,0.10932978512670702
3798,0.22105788423153694,0.9573655044408894
3800,0.15818363273453093,0.9898280746635743
3801,0.000249500998003992,0.0
3802,0.003243512974051896,0.03674885825992953
3803,0.003243512974051896,0.20290108701865636
3804,0.003493013972055888,0.00039951097236789275
3805,0.0054890219560878245,0.0011437522326048282
3806,0.000499001996007984,0.0
3807,0.0007485029940119761,0.0
3808,0.00124750499001996,0.0
3809,0.21906187624750498,0.9573390419656117
3810,0.00124750499001996,4.314746589117688e-05
3811,0.000249500998003992,0.0
3812,0.0054890219560878245,0.00036893741380914657
3813,0.1155189620758483,0.9355741127634759
3816,0.000499001996007984,0.0
3817,0.000998003992015968,0.008379388660188693
3818,0.21906187624750498,0.9677076232152021
3820,0.000249500998003992,0.0
3821,0.000499001996007984,8.976218139548252e-05
3822,0.0007485029940119761,1.814557381591175e-05
3823,0.2250499001996008,0.9494340867196319
3825,0.21906187624750498,0.9677179948371198
3826,0.16042914171656686,0.9996404723992806
3827,0.466566866267465,0.9918435537983274
3828,0.000499001996007984,0.0
3829,0.1599301397205589,0.9859325428663883
3830,0.000249500998003992,0.0
3831,0.1599301397205589,0.9859325428663577
3834,0.0124750499001996,0.43381437906043774
3835,0.000499001996007984,0.0
3836,0.0007485029940119761,0.0
3837,0.00124750499001996,0.0
3838,0.000249500998003992,0.0
3839,0.009730538922155689,0.7830834787891497
3840,0.003243512974051896,0.0
3841,0.002245508982035928,0.03752049966307783
3842,0.0027445109780439123,0.0
3844,0.010728542914171657,0.847062156506865
3846,0.12000998003992017,0.9422690041547167
3847,0.218562874251497,0.9677095721297295
3848,0.2440119760479042,0.9427962932435069
3849,0.1601796407185629,0.999986559336014
3850,0.000249500998003992,0.0
3851,0.001746506986027944,0.0
3854,0.010479041916167664,0.2446056893805451
3855,0.000249500998003992,0.0
3856,0.218313373253493,0.9679944809128054
3857,0.000998003992015968,5.6875322301825175e-05
3858,0.000249500998003992,0.0
3859,0.0014970059880239522,9.29746633543032e-05
3860,0.04640718562874251,0.4165698340642722
3862,0.000998003992015968,0.0
3863,0.0027445109780439123,0.0
3864,0.02220558882235529,0.2963363007546435
3865,0.4041916167664671,0.9269117063371531
3867,0.0007485029940119761,0.0
3869,0.2407684630738523,0.8718915157691686
3871,0.000499001996007984,0.0
3872,0.43637724550898205,0.8919911624875453
3873,0.000249500998003992,0.0
3874,0.4166666666666667,0.8438173265601866
3875,0.124750499001996,0.9078401897744104
3876,0.0012475049900199098,0.03073769988233502
3877,0.015718562874251496,0.525398980241224
3878,0.2410179640718563,0.8656512361135152
3879,0.4338822355289421,0.8694167312135833
3880,0.44510978043912175,0.8338553871591895
3881,0.44510978043912175,0.8340355439902036
3882,0.2245508982035928,0.897100671510493
3883,0.19486027944111775,0.9041295664432456
3886,0.000249500998003992,0.0
3887,0.001996007984031936,0.0
3888,0.15194610778443118,0.8927365040516808
3889,0.000249500998003992,0.0
3892,0.18363273453093812,0.95677439179384
3893,0.000998003992015968,0.000212685003887272
3894,0.000249500998003992,0.0
3895,0.44086826347305386,0.9886727959608119
3896,0.3595309381237525,0.9721830889291523
3897,0.12250499001996007,0.9578969878743808
3898,0.3592814371257485,0.9714891186131159
3899,0.000249500998003992,0.0
3900,0.000249500998003992,0.0
3901,0.15369261477045904,0.9829070838461254
3902,0.44086826347305386,0.9885504009142704
3903,0.36751497005988026,0.9824919884946053
3904,0.000249500998003992,0.9999990946505857
3905,0.0007485029940119761,0.0
3906,0.02245508982035928,0.8258577680131994
3907,0.0007485029940119761,1.6160044978294406e-05
3908,0.4281437125748503,0.9985484127804083
3909,0.010229540918163672,0.00989197380525123
3910,0.42864271457085823,0.9983635052586955
3911,0.029940119760479042,0.935205087868906
3912,0.0007485029940119761,0.0
3913,0.4281437125748503,0.9991298224147944
3914,0.12225548902195604,0.9794061055379062
3915,0.002245508982035928,0.0
3919,0.15269461077844315,0.9999998438991932
3921,0.000249500998003992,0.0
3923,0.20184630738522957,0.9998915715313359
3924,0.003243512974051896,0.0007437595991173677
3925,0.35778443113772457,0.9471206822195349
3927,0.001996007984031936,9.026227329527015e-05
3929,0.1689121756487026,0.9424667687379439
3930,0.0014970059880239522,0.0
3931,0.20134730538922152,0.9999091613252417
3932,0.20034930139720564,0.9998928927847036
3933,0.20234530938123751,0.9999694124528098
3934,0.15518962075848308,0.999999993665549
3935,0.000249500998003992,0.0
3937,0.00124750499001996,0.0
3938,0.2000998003992016,0.9999997175994615
3939,0.15369261477045904,0.9999997106372199
3940,0.1913672654690619,0.9999988420175904
3941,0.1913672654690619,0.9999988420176237
3942,0.0007485029940119761,0.0
3943,0.2277944111776447,0.9893971266640841
3944,0.00124750499001996,0.0
3945,0.011976047904191617,0.9999990424600899
3946,0.000249500998003992,0.0
3947,0.1913672654690619,0.999998842017605
3948,0.15269461077844315,0.9999909743769045
3949,0.000499001996007984,0.0
3950,0.016966067864271458,0.8930213690553962
3951,0.1913672654690619,0.999998842017643
3953,0.1913672654690619,0.9999988420176281
3954,0.15269461077844315,0.9999738869171969
3956,0.000499001996007984,0.0
3957,0.1891217564870259,0.9994723085010256
3958,0.1891217564870259,0.9994723081850236
3959,0.001746506986027944,0.0
3960,0.003243512974051896,0.07754000832935058
3961,0.1891217564870259,0.9994723081838933
3962,0.01222554890219561,0.9996436139080105
3964,0.002245508982035928,0.0
3965,0.1891217564870259,0.999472307866173
3966,0.000249500998003992,0.0
3967,0.000998003992015968,0.0
3968,0.39620758483033935,0.9703198288348234
3969,0.000499001996007984,0.0
3970,0.000249500998003992,0.0
3971,0.374750499001996,0.9769174474840786
3972,0.37774451097804396,0.9830041798596588
3973,0.13348303393213568,0.9795324377373389
3974,0.06511976047904192,0.996852481700736
3975,0.3872255489021956,0.9829199333113146
3976,0.23053892215568864,0.989396726808781
3978,0.011976047904191617,0.9999990424594857
3980,0.23053892215568864,0.9893967268186508
3981,0.000249500998003992,1.67012431947092e-06
3982,0.3872255489021956,0.9828170002424629
3983,0.0062375249500998,0.07774790284216758
3984,0.3872255489021956,0.991136162390451
3985,0.3872255489021956,0.9911361619915638
3986,0.011976047904191617,0.9999990424610515
3988,0.3914670658682635,0.9920648219661642
3990,0.45683632734530943,0.9963773669542825
3991,0.000499001996007984,0.0
3992,0.12999001996007986,0.99999823244833
3993,0.06661676646706587,0.9996302350700595
3994,0.020958083832335328,0.32586320007496805
3996,0.4725548902195609,0.9951224219906407
3997,0.000499001996007984,0.0
3998,0.3355788423153693,0.9671892161130304
3999,0.0007485029940119761,0.0
4000,0.4730538922155688,0.9999962871055017
4001,0.000249500998003992,0.0
4002,0.4730538922155688,0.9999962871054711
4003,0.000249500998003992,3.3047009597345925e-05
4004,0.029940119760479042,0.9999994603246303
4005,0.23053892215568864,0.9999996513913567
4006,0.000249500998003992,0.0
4007,0.07460079840319361,0.8678118834647571
4008,0.02120758483033932,0.32531955923507905
4010,0.0007485029940119761,0.4979921389921277
4011,0.03343313373253493,0.9999964242541343
4014,0.0029940119760479044,0.0
4015,0.4730538922155688,0.9999962871054917
4016,0.4730538922155688,0.9999962871054773
4018,0.000499001996007984,0.0
4020,0.4730538922155688,0.9999962871054426
4021,0.4540918163672655,0.9916143002374974
4022,0.47230538922155685,0.9999946998346326
4024,0.06487025948103792,0.9673965985261603
4025,0.00249500998003992,0.9969337075699841
4026,0.22105788423153694,0.9999963096433732
4027,0.020209580838323353,0.08132986920514802
4029,0.23527944111776447,0.9935215120119028
4030,0.002245508982035928,0.9999999753917718
4031,0.009730538922155689,0.9977035995337542
4033,0.466566866267465,0.9999999768577547
4034,0.4660678642714571,0.9999995123066365
4035,0.000249500998003992,0.0
4036,0.4660678642714571,0.9999995123066348
4037,0.4660678642714571,0.9999995123066394
4038,0.000499001996007984,0.0
4039,0.46581836327345305,0.9999990249777332
4040,0.4660678642714571,0.9999995123066381
4041,0.46581836327345305,0.9840296983079692
4042,0.4660678642714571,0.9999995123066372
4044,0.027944111776447105,0.697259567772899
4045,0.00998003992015968,0.9977035798660018
4046,0.22105788423153694,0.9999963096433712
4047,0.12125748502994016,0.9999974764517334
4048,0.46457085828343314,0.9999842120902027
4049,0.46457085828343314,0.9999842120921578
4050,0.4653193612774451,0.999998268734137
4051,0.4660678642714571,0.9999995123066381
4052,0.47455089820359286,0.9940484032323934
4053,0.4663173652694611,0.999999600249003
4054,0.4660678642714571,0.999998907712034
4055,0.04890219560878244,0.9999926374772427
4057,0.4660678642714571,0.9999991089294524
4058,0.4805389221556886,0.9928494713003321
4059,0.043912175648702596,0.999998957500588
4064,0.4663173652694611,0.9999996002490081
4065,0.4660678642714571,0.9999991051141813
4066,0.000249500998003992,0.0
4067,0.027944111776447105,0.697259539464379
4068,0.4663173652694611,0.9999996002490061
4069,0.13073852295409183,0.9793322543155362
4070,0.46556886227544914,0.9999983240404601
4072,0.4650698602794411,0.9999004757458697
4074,0.23003992015968064,0.9999999993280524
4076,0.4663173652694611,0.9999991693502892
4077,0.4660678642714571,0.9999968189438719
4078,0.466566866267465,0.9999994410783922
4079,0.000499001996007984,0.0
4080,0.09131736526946108,0.9997222936586558
4081,0.0062375249500998,0.6623869876819036
4082,0.4663173652694611,0.9999996002509002
4083,0.4698103792415169,0.9840921576924243
4084,0.4660678642714571,0.9999991082390401
4085,0.4663173652694611,0.9919658785735828
4086,0.029940119760479042,0.9999994603246316
4087,0.469560878243513,0.97910037976932
4088,0.46556886227544914,0.9919677292057798
4090,0.46581836327345305,0.9919652055618343
4091,0.48078842315369263,0.9856716506768824
4092,0.46556886227544914,0.9919652337308974
4093,0.23053892215568864,0.9894166933925858
4094,0.000249500998003992,0.0
4095,0.00124750499001996,0.021410453479243887
4097,0.000249500998003992,0.0
4099,0.000998003992015968,0.0
4101,0.2345309381237525,0.9935273894939344
4102,0.005239520958083832,0.00039556191335164887
4103,0.469311377245509,0.9794693616893803
4104,0.015469061876247504,0.9999632715925989
4105,0.000249500998003992,0.0
4107,0.13947105788423153,0.9999912272768364
4108,0.23028942115768464,0.9894142516433597
4111,0.4750499001996008,0.9920012859939643
4113,0.2564870259481038,0.9876541034453228
4116,0.000249500998003992,0.0
4117,0.015219560878243513,0.9999642292378028
4118,0.015469061876247504,0.9999632715928163
4119,0.06761477045908183,0.9999953166160608
4120,0.008982035928143712,0.9977154251709739
4121,0.47030938123752497,0.9999584673051918
4122,0.023203592814371257,0.9999999621424688
4123,0.000249500998003992,0.0
4124,0.00124750499001996,0.0
4125,0.000249500998003992,0.00018643585619896192
4126,0.1292415169660679,0.9999906690870235
4127,0.030189620758483034,0.9999998838186164
4128,0.2744510978043912,0.9928337030803989
4130,0.2657185628742515,0.9936617825791922
4133,0.23478043912175647,0.9934788877173504
4134,0.2846806387225549,0.9896657125033439
4135,0.4473552894211577,0.9288616135334151
4137,0.06736526946107785,0.9999162818389512
4139,0.008982035928143712,0.22599333084685935
4140,0.22355289421157687,0.9521590764017385
4141,0.21781437125748504,0.9880551139605265
4142,0.000249500998003992,0.0
4144,0.008982035928143712,0.32578376665952063
4145,0.000499001996007984,0.0
4146,0.28967065868263475,0.8715998399391048
4147,0.1923652694610778,0.9563420112270723
4148,0.2467564870259481,0.9891994785349127
4149,0.07035928143712575,0.903454616397755
4150,0.000499001996007984,0.0
4151,0.000249500998003992,0.0
4153,0.19211576846307388,0.894230319269969
4155,0.15294411177644707,0.9840387989520224
4156,0.0014970059880239522,1.6111312401202562e-05
4157,0.0029940119760479044,0.8117693428712989
4158,0.000249500998003992,0.0
4159,0.3847305389221557,0.8664602152171089
4160,0.3340818363273453,0.9809598744798653
4161,0.01472055888223553,0.9992662243535583
4162,0.000249500998003992,0.0
4163,0.000998003992015968,0.0
4164,0.11127744510978044,0.9999696083719259
4165,0.004491017964071856,0.153661430744429
4166,0.004491017964071856,0.15366144113828226
4168,0.0007485029940119761,0.0
4169,0.07559880239520958,0.9999989464366584
4170,0.008483033932135729,0.09775345224761517
4171,0.04441117764471058,0.9364932120307007
4172,0.00124750499001996,3.998370431017399e-06
4173,0.07909181636726546,0.9978234898208472
4174,0.35578842315369263,0.9993443250763234
4175,0.11102794411177641,0.9999998197745216
4176,0.27644710578842313,0.9999418040753869
4177,0.02245508982035928,0.9999999992417687
4178,0.016716566866267466,0.9888718281184177
4179,0.15419161676646706,0.9999926806179843
4180,0.000499001996007984,0.0
4181,0.003243512974051896,0.49898857780485456
4182,0.02245508982035928,0.9999999992417672
4183,0.01621756487025948,0.023810413984652057
4184,0.000249500998003992,0.0
4185,0.27619760479041916,0.999941869636582
4186,0.0029940119760479044,0.0
4187,0.003493013972055888,0.03386304095839051
4188,0.02245508982035928,0.9999999992417679
4189,0.04491017964071856,0.9364937588036844
4191,0.15394211576846306,0.9999923973240366
4192,0.056636726546906185,0.9972520391754409
4193,0.27619760479041916,0.9999418696377786
4194,0.000249500998003992,0.0
4195,0.08033932135728543,0.9978231658113181
4197,0.009481037924151697,0.021624217950850875
4201,0.002245508982035928,0.03986039936868887
4202,0.15394211576846306,0.9999923973233122
4204,0.000249500998003992,0.0
4205,0.000249500998003992,0.0
4206,0.07984031936127745,0.9978230918752723
4207,0.2759481037924152,0.9999999858880952
4208,0.27619760479041916,0.9999995590153474
4209,0.003243512974051896,0.8146693898018302
4211,0.000249500998003992,0.0
4212,0.000249500998003992,0.0
4213,0.045159680638722555,0.9364916448256625
4214,0.000249500998003992,0.0
4215,0.3280938123752495,0.9849711176483877
4217,0.000499001996007984,0.0
4218,0.000249500998003992,0.0
4220,0.1536926147704591,0.9999999999391302
4221,0.27994011976047906,0.9999998068619431
4222,0.1536926147704591,0.9999999999391325
4225,0.05389221556886228,0.9999999914059023
4226,0.468313373253493,0.9995023222250579
4227,0.045159680638722555,0.936491635083864
4229,0.3338323353293413,0.9858783471683564
4230,0.05389221556886228,0.9999999551989199
4231,0.46806387225548907,0.9994966288694893
4232,0.05389221556886228,0.9999999914059043
4233,0.000249500998003992,0.0
4235,0.467564870259481,0.9994972974405996
4237,0.05389221556886228,0.9999999914059077
4238,0.000998003992015968,0.0
4239,0.000998003992015968,0.0
4240,0.024201596806387227,0.9999976087172104
4242,0.2744510978043912,0.9887983857317584
4243,0.00124750499001996,0.0
4244,0.000249500998003992,0.0
4248,0.000998003992015968,0.0
4249,0.3383233532934132,0.9992740700999894
4250,0.15244510978043913,0.922075499378164
4253,0.000249500998003992,0.0
4254,0.04266467065868264,0.9999992280067449
4255,0.000998003992015968,0.0
4256,0.16492015968063872,0.8448483232504337
4257,0.1656686626746507,0.8448701986544699
4258,0.16541916167664672,0.8464528957548857
4259,0.000499001996007984,0.0
4260,0.00499001996007984,0.0011384749429076255
4261,0.000249500998003992,0.0
4263,0.0007485029940119761,0.05827285693583915
4265,0.2969061876247505,0.9727612394745935
4266,0.33632734530938124,0.9909489823139608
4268,0.4932634730538922,0.9727181593935585
4269,0.0007485029940119761,0.0
4271,0.1664171656686627,0.8342788405982883
4272,0.0007485029940119761,0.0
4273,0.33632734530938124,0.9999958778303047
4274,0.16067864271457086,0.5969763749781082
4275,0.0014970059880239522,0.0
4276,0.33607784431137727,0.9998958092771255
4279,0.16467065868263472,0.8312081829277423
4281,0.33582834331337325,0.9907652024645971
4282,0.0014970059880239522,9.39654605973134e-06
4284,0.16467065868263472,0.8312081803532752
4285,0.000249500998003992,0.0
4286,0.4486027944111777,0.9999887081857344
4287,0.00124750499001996,0.0
4288,0.44835329341317365,0.9999894769452045
4289,0.1501996007984032,0.9170496224095614
4290,0.000499001996007984,0.0
4291,0.0074850299401197605,0.007620632855287205
4292,0.000249500998003992,0.0
4293,0.44835329341317365,0.9999785759075069
4294,0.44835329341317365,0.9999785759164477
4295,0.25299401197604793,0.9811591686968989
4296,0.00124750499001996,0.0
4297,0.3101297405189621,0.9615926325756616
4298,0.11252495009980035,0.9613226915356449
4299,0.0014970059880239522,0.10729940999106646
4300,0.001746506986027944,0.0
4302,0.4476047904191617,0.999704774182307
4303,0.003243512974051896,0.42137297030583193
4305,0.000249500998003992,0.0
4306,0.000249500998003992,0.0
4307,0.030189620758483034,0.07476925029596727
4308,0.3231037924151697,0.9983514329965469
4309,0.0037425149700598802,0.03386217650557854
4310,0.436127744510978,0.9854156746831148
4311,0.43762475049900196,0.9935768304975279
4312,0.04491017964071856,0.6928658552058224
4313,0.002245508982035928,0.12427098564531587
4315,0.000249500998003992,0.0
4317,0.003243512974051896,0.49898857779501943
4319,0.0007485029940119761,0.9999999957989738
4320,0.3046407185628742,0.9850147682314081
4321,0.002245508982035928,0.0
4323,0.07360279441117765,0.991891210532822
4324,0.11277445109780437,0.9613192643507789
4325,0.3819860279441118,0.9840823029020963
4326,0.000249500998003992,0.0
4327,0.312624750499002,0.9461336430588408
4328,0.000249500998003992,0.0
4330,0.000249500998003992,0.0
4332,0.07360279441117765,0.9918912141572508
4333,0.0027445109780439123,0.008312685776878877
4334,0.00124750499001996,0.0
4335,0.000249500998003992,0.0
4336,0.1631736526946108,0.8335700098528012
4337,0.01721556886227545,0.33829168160545753
4338,0.040419161676646706,0.9978261398719172
4339,0.4555888223552894,0.9922337915748293
4340,0.07360279441117765,0.991891213900687
4342,0.2944111776447106,0.9999968256527807
4343,0.008982035928143712,0.7070441348796052
4344,0.16192614770459082,0.8447984730548936
4345,0.0014970059880239522,0.6203415274153542
4346,0.00124750499001996,0.9992300727518478
4347,0.040419161676646706,0.9978261405192571
4350,0.11252495009980035,0.9613273349822922
4351,0.11277445109780437,0.961331610024716
4353,0.014970059880239521,0.7711552852752772
4355,0.009231536926147704,0.9993956566449174
4357,0.002245508982035928,0.3277355983395893
4360,0.07335329341317365,0.999975989325782
4361,0.000499001996007984,3.751908009118775e-05
4362,0.3166167664670659,0.9909329581561392
4363,0.11227544910179643,0.9815236284860788
4365,0.045159680638722555,0.7734248273932179
4366,0.3078842315369261,0.9855651789550818
4367,0.00249500998003992,0.6632064178500184
4368,0.3198602794411178,0.9759596408854764
4369,0.014221556886227544,0.9987839352264856
4370,0.14620758483033933,0.9401534696639452
4371,0.14620758483033933,0.9401534696666539
4373,0.01746506986027944,0.3382906972995104
4374,0.16716566866267465,0.8421912929955074
4375,0.000249500998003992,0.0
4376,0.01746506986027944,0.3382905825774407
4377,0.000249500998003992,0.0
4379,0.1467065868263473,0.9566894938676737
4380,0.32010978043912175,0.9814514601083277
4382,0.01746506986027944,0.33825895005579526
4383,0.4533433133732535,0.9440253888038159
4384,0.0007485029940119761,0.0
4385,0.0014970059880239522,0.20647982567492448
4386,0.002245508982035928,0.0
4387,0.4338822355289421,0.999999991368322
4388,0.1467065868263473,0.9566894972806842
4390,0.45059880239520955,0.9918117051585976
4391,0.4508483033932136,0.9918110231666071
4392,0.000249500998003992,0.0
4393,0.0007485029940119761,0.0
4394,0.0074850299401197605,0.04645294708208107
4396,0.000499001996007984,0.0
4397,0.000499001996007984,0.0
4398,0.45034930139720564,0.9836777564353152
4399,0.43113772455089816,0.9836927278800804
4400,0.016966067864271458,0.334647865380707
4401,0.020459081836327345,0.4088222658447868
4403,0.11027944111776444,0.9796170093834393
4404,0.4488522954091816,0.9999728001224547
4405,0.000998003992015968,0.0
4407,0.4313872255489022,0.9999999601795955
4408,0.000499001996007984,0.0
4410,0.000249500998003992,0.0
4411,0.3213572854291417,0.999999500761498
4412,0.000249500998003992,0.0
4413,0.31087824351297405,0.9892154699898911
4414,0.000998003992015968,0.0
4415,0.0014970059880239522,0.0
4416,0.0042415169660678645,0.795079981643756
4417,0.001996007984031936,0.008378420014141654
4419,0.01721556886227545,0.33829161886476844
4420,0.44835329341317365,0.9980825615058155
4421,0.0007485029940119761,0.0
4422,0.000249500998003992,0.0
4424,0.000249500998003992,0.0
4425,0.000249500998003992,0.0
4426,0.1469560878243513,0.9724105750530938
4427,0.017964071856287425,0.5092477438748204
4429,0.003243512974051896,0.9743491176051169
4431,0.000249500998003992,0.0
4432,0.000249500998003992,0.0
4433,0.001996007984031936,0.387207684477828
4434,0.000499001996007984,0.49777060210068014
4435,0.1469560878243513,0.9557203426682559
4436,0.0007485029940119761,0.9999999944521119
4438,0.311127744510978,0.9892184720144138
4439,0.000249500998003992,0.0
4441,0.31137724550898205,0.9803227355733889
4442,0.25523952095808383,0.9814276518796805
4443,0.000249500998003992,0.0
4444,0.11052894211576847,0.9796173140932933
4446,0.37524950099800397,0.991281120385081
4447,0.000998003992015968,0.0
4448,0.01222554890219561,0.34070358731957145
4449,0.003992015968063872,0.007967465104580688
4451,0.00124750499001996,0.010753559897420262
4452,0.000249500998003992,0.0
4453,0.000499001996007984,0.010653378770826482
4454,0.011477045908183632,0.5199352457223239
4455,0.000998003992015968,0.0
4456,0.44835329341317365,0.9918698579005799
4457,0.4486027944111777,0.9999937226728883
4458,0.1467065868263473,0.9723716475668129
4460,0.11052894211576847,0.9796215031931597
4461,0.42440119760479045,0.9836722352627011
4462,0.02220558882235529,0.17612676162934246
4463,0.000998003992015968,0.0
4464,0.000998003992015968,0.0
4465,0.0029940119760479044,0.4023625930353023
4467,0.4186626746506986,0.9999989489864244
4468,0.4186626746506986,0.9999989489860647
4469,0.0014970059880239522,0.0
4470,0.0042415169660678645,0.0005285611530729626
4471,0.000249500998003992,0.0
4472,0.4540918163672655,0.9999792364171187
4475,0.16092814371257486,0.9958347081587672
4476,0.000249500998003992,0.0
4477,0.3091317365269461,0.9999580330772573
4480,0.001996007984031936,9.026226662708968e-05
4482,0.4194111776447106,0.9991760486752107
4483,0.000998003992015968,0.0
4484,0.1594311377245509,0.9959995482319037
4485,0.000998003992015968,0.06436870417056059
4486,0.000249500998003992,0.0
4487,0.4229041916167665,0.9931970477999432
4488,0.3088822355289421,0.9999656767651552
4489,0.0037425149700598802,0.9995881796065424
4490,0.000249500998003992,0.0
4491,0.014970059880239521,0.753325056010629
4492,0.000998003992015968,0.0
4493,0.0007485029940119761,0.0
4494,0.000499001996007984,0.0
4496,0.4229041916167665,0.9901437777217711
4498,0.3884730538922156,0.9915549833504704
4499,0.16167664670658682,0.9663646985134194
4500,0.004740518962075849,0.1674377748501599
4502,0.011477045908183632,0.5199352466436582
4503,0.000499001996007984,0.0
4504,0.311626746506986,0.9676557591116179
4505,0.000249500998003992,0.0
4506,0.19136726546906188,0.8890714234082667
4507,0.17964071856287425,0.9029726419620231
4509,0.11052894211576847,0.9796215031931402
4510,0.11102794411177641,0.9999786533434575
4511,0.000499001996007984,0.0
4512,0.000249500998003992,4.583165955629804e-05
4513,0.010728542914171657,0.2726080846582486
4514,0.436127744510978,0.9759512862309707
4515,0.3246007984031936,0.9843794115248352
4516,0.25898203592814373,0.9270106707319061
4517,0.0007485029940119761,0.0
4518,0.2559880239520958,0.9270954878399705
4521,0.3592814371257485,0.9783052557731053
4522,0.1107784431137725,0.9796045191287258
4523,0.000499001996007984,0.0
4524,0.1107784431137725,0.97960451913355
4525,0.218562874251497,0.977818647093173
4526,0.218313373253493,0.9778237983654509
4528,0.3595309381237525,0.9782968621921055
4529,0.37100798403193613,0.9913831226461531
4530,0.3695109780439122,0.9904553156063571
4532,0.37150698602794413,0.9914466484091659
4533,0.26596806387225547,0.98442719800968
4534,0.2662175648702595,0.9844043589451346
4535,0.2662175648702595,0.9844129916321145
4536,0.2994011976047904,0.9998087081668894
4538,0.26596806387225547,0.9844113375809829
4540,0.3762475049900199,0.9886616393430405
4544,0.007734530938123752,0.2773201650860268
4545,0.37774451097804396,0.9886921930441874
4546,0.3268463073852296,0.9999999987697825
4547,0.2959081836327345,0.9901259815335698
4548,0.30863273453093815,0.9891796031328257
4549,0.000998003992015968,0.00012345817634192818
4550,0.3268463073852296,0.9999999987697847
4551,0.32659680638722555,0.9999999981380685
4552,0.2959081836327345,0.990125981619403
4553,0.29890219560878245,0.9902153923817181
4554,0.3268463073852296,0.9999999981983996
4555,0.3405688622754491,0.9909798561772682
4556,0.0007485029940119761,0.0
4557,0.3141217564870259,0.9855987817263099
4558,0.011976047904191617,0.9917322196634201
4559,0.3408183632734531,0.9909791400827286
4561,0.32659680638722555,0.9906433179387707
4562,0.3922155688622755,0.9915025110454312
4563,0.3268463073852296,0.9999999999242393
4564,0.29565868263473055,0.9901130391755398
4566,0.3268463073852296,0.9999999999242257
4567,0.3268463073852296,0.9999999999242404
4568,0.3268463073852296,0.9999999999242328
4569,0.0027445109780439123,0.7996262077228898
4570,0.32659680638722555,0.9999999994452613
4571,0.06511976047904192,0.9999626203186261
4573,0.2667165668662675,0.9983960138439063
4575,0.3924650698602794,0.9999998420467462
4576,0.37549900199600794,0.9999997060085711
4578,0.000249500998003992,0.0
4579,0.11177644710578842,0.9997781892727057
4580,0.310129740518962,0.9999999923703229
4581,0.2667165668662675,0.9983858686993127
4582,0.0007485029940119761,0.27497439119096445
4583,0.000249500998003992,0.0
4584,0.09505988023952096,0.9997412942564301
4585,0.003992015968063872,0.2649649260770358
4587,0.000249500998003992,0.0
4588,0.0027445109780439123,0.048386123804553316
4589,0.01746506986027944,0.9806594240739085
4591,0.3582834331337325,0.9999999974605032
4592,0.32659680638722555,0.999999999805834
4593,0.000499001996007984,0.0
4594,0.3096307385229541,0.9999999930967509
4595,0.000249500998003992,3.550844329127557e-05
4596,0.001746506986027944,0.3125448417200808
4599,0.32659680638722555,0.9999999998058386
4600,0.312375249500998,0.9913999805122844
4601,0.06786427145708583,0.8915942379221102
4602,0.42240518962075846,0.9947000991516814
4603,0.2667165668662675,0.9983858691693944
4604,0.000499001996007984,0.0
4605,0.09505988023952096,0.9999999996544555
4606,0.2667165668662675,0.9983858701094352
4608,0.16217564870259482,0.9423925610518673
4609,0.37325349301397204,0.9999994768451814
4610,0.000249500998003992,0.0
4611,0.26771457085828343,0.9976982883807335
4612,0.30813373253493015,0.9999998891789614
4613,0.000249500998003992,0.0
4616,0.0007485029940119761,0.0
4617,0.000249500998003992,0.0
4618,0.1641716566866267,0.9416865808543861
4621,0.09481037924151696,0.9999999995337288
4622,0.4244011976047904,0.9946438913325775
4623,0.000249500998003992,0.0
4624,0.003243512974051896,0.0
4625,0.312375249500998,0.9820442629447539
4626,0.35903193612774453,0.9999719421265693
4627,0.35903193612774453,0.9999719421267222
4629,0.30713572854291415,0.9999999884005626
4630,0.30688622754491013,0.9999999890984674
4632,0.000249500998003992,0.0
4633,0.373003992015968,0.9999998330390266
4636,0.30688622754491013,0.9999999890984523
4637,0.35903193612774453,0.9988276021671164
4638,0.000249500998003992,0.0
4640,0.26771457085828343,0.999711543304761
4641,0.003243512974051896,0.06834042646345055
4643,0.3043912175648703,0.9999998922909574
4644,0.000249500998003992,0.0
4645,0.30389221556886226,0.9903283399413622
4646,0.31786427145708585,0.9997109583557188
4649,0.0029940119760479044,0.49897873059608894
4651,0.31312375249500995,0.991065801819465
4652,0.31312375249500995,0.9910658018104019
4655,0.31137724550898205,0.9998697736369481
4656,0.3657684630738523,0.9998604937773306
4657,0.312874251497006,0.9999788924762155
4658,0.3046407185628742,0.9991388002532998
4659,0.3046407185628742,0.9991474055185389
4660,0.05214570858283433,0.9602789326316394
4661,0.000499001996007984,0.0005585429380413333
4662,0.000249500998003992,0.0
4664,0.3046407185628742,0.9991474055185489
4665,0.26771457085828343,0.9997115433047601
4667,0.3787425149700599,0.9971928400945869
4670,0.26771457085828343,0.9997115434038698
4671,0.1968562874251497,0.9321658142237428
4672,0.09456087824351297,0.9998987532565364
4673,0.11127744510978044,0.9999097959817276
4674,0.003992015968063872,0.013835438392039632
4675,0.19710578842315374,0.9458771877575963
4676,0.013972055888223553,0.8878331416092499
4677,0.00124750499001996,0.0
4678,0.3468063872255489,0.9929597060327351
4680,0.26746506986027946,0.9999415739606047
4681,0.000499001996007984,0.0
4682,0.26746506986027946,0.999941573964398
4683,0.2662175648702595,0.9997627800760848
4684,0.24326347305389218,0.9500371428828964
4685,0.017964071856287425,0.016392091557714754
4687,0.26422155688622756,0.9937791757431479
4689,0.3847305389221557,0.9688914968099583
4691,0.26397205588822353,0.9747764889477931
4692,0.26397205588822353,0.9747764887279365
4693,0.09730538922155689,0.9999054202550018
4694,0.000249500998003992,0.0
4695,0.26397205588822353,0.984155727990729
4696,0.26397205588822353,0.9841557291330111
4697,0.0027445109780439123,3.999458741852808e-06
4698,0.000249500998003992,0.0
4701,0.000249500998003992,0.004457440805680722
4704,0.34530938123752497,0.9821430408567577
4705,0.27045908183632733,0.9487200517145045
4707,0.000499001996007984,0.0
4708,0.000249500998003992,0.00012454464255696863
4711,0.4129241516966068,0.9636779260615812
4712,0.0007485029940119761,0.0
4713,0.009481037924151697,0.2669762432754443
4714,0.20109780439121758,0.4221285728013282
4715,0.2597305389221557,0.669421958781802
4716,0.0029940119760479044,0.0002461778638818728
4717,0.05139720558882235,0.8457974217205146
4718,0.30164670658682635,0.8527194676466561
4720,0.34056886227544914,0.9807596052018973
4722,0.000249500998003992,0.0
4723,0.0007485029940119761,0.0
4724,0.2218063872255489,0.8751853140388923
4725,0.000249500998003992,0.0
4726,0.23827345309381237,0.9439323650807503
4728,0.2370259481037924,0.9432254908355402
4729,0.002245508982035928,0.9920033890780163
4730,0.23927145708582834,0.8814147011437896
4731,0.32759481037924154,0.9901985796290176
4735,0.000499001996007984,0.00013289206215932775
4736,0.000249500998003992,0.0
4737,0.29840319361277445,0.9253976322068725
4738,0.000499001996007984,0.0
4739,0.05239520958083832,0.8456465898636636
4740,0.2375249500998004,0.9325626857107644
4741,0.008233532934131737,0.9936984996367282
4743,0.2375249500998004,0.9433031628791818
4744,0.23927145708582834,0.9471526295770235
4745,0.2375249500998004,0.9433031674394308
4746,0.29790419161676646,0.9175708355331733
4747,0.23952095808383234,0.9471505239153216
4748,0.3293413173652695,0.9995430055339928
4749,0.2377744510978044,0.9426325114624854
4750,0.20733532934131738,0.9881104353306704
4751,0.20708582834331338,0.9883130102783579
4752,0.000998003992015968,0.9999999999902682
4753,0.000499001996007984,0.0
4755,0.3283433133732535,0.9901888884141644
4756,0.32659680638722555,0.9980708346594359
4758,0.0007485029940119761,0.0
4759,0.23478043912175647,0.9555435320902195
4760,0.3410678642714571,0.9891739951135702
4761,0.4249001996007984,0.931159084810292
4762,0.00124750499001996,0.0
4763,0.36926147704590817,0.8599505630503952
4764,0.000499001996007984,0.0
4765,0.08308383233532934,0.610974160575103
4770,0.01472055888223553,0.05976708971499051
4772,0.000249500998003992,0.0
4775,0.000249500998003992,0.0
4776,0.001996007984031936,0.03449797834452205
4779,0.000499001996007984,0.0
4780,0.000249500998003992,0.0
4781,0.000249500998003992,0.0
4782,0.000499001996007984,0.0
4783,0.4471057884231537,0.9344227768771486
4784,0.000249500998003992,0.0
4785,0.3221057884231537,0.9999447502132703
4786,0.000249500998003992,0.0
4788,0.000249500998003992,0.0
4792,0.018213572854291416,0.49674730856152755
4795,0.000499001996007984,0.0
4796,0.0007485029940119761,0.0
4797,0.000499001996007984,3.407560848679332e-06
4798,0.42065868263473055,0.9508083989091243
4800,0.000499001996007984,0.0
4801,0.11776447105788423,0.9999503256419249
4802,0.000249500998003992,0.0
4803,0.001996007984031936,0.0
4804,0.0007485029940119761,0.0
4805,0.000249500998003992,0.0
4806,0.009231536926147704,0.9992265369878118
4807,0.000249500998003992,0.0006139484277266097
4808,0.000499001996007984,0.0
4809,0.000998003992015968,0.0
4810,0.000249500998003992,0.0
4811,0.0029940119760479044,0.9996445289927732
4812,0.3208582834331337,0.9997009646713774
4813,0.000249500998003992,0.0
4814,0.4291417165668663,0.9414850379201645
4816,0.4318862275449102,0.9393866326939796
4817,0.05064870259481038,0.9627530288324985
4819,0.29890219560878245,0.9388245354646487
4820,0.4318862275449102,0.9179440409217421
4821,0.000249500998003992,0.0
4823,0.3153692614770459,0.9639454575455071
4824,0.009730538922155689,0.9999999998654667
4825,0.23303393213572854,0.8380752133939648
4826,0.000249500998003992,0.0
4827,0.0007485029940119761,0.0
4828,0.003992015968063872,0.011242600684678828
4829,0.00124750499001996,0.018654872142484374
4832,0.32010978043912175,0.9999868028857014
4834,0.053642714570858285,0.9602289341036008
4835,0.000249500998003992,0.0
4836,0.000249500998003992,0.0
4838,0.009481037924151697,0.9999999996530264
4839,0.014471057884231538,0.9086200142201306
4840,0.0007485029940119761,0.0
4841,0.2647205588822355,0.9766346990428829
4843,0.2949101796407186,0.969358460977918
4844,0.000249500998003992,0.0
4845,0.4001996007984032,0.9925533678471702
4846,0.003992015968063872,0.9981440521044977
4848,0.27569860279441116,0.9897944599530437
4849,0.013722554890219561,0.2717670530024703
4851,0.004491017964071856,0.3995062364947945
4854,0.281686626746507,0.9704210565396848
4857,0.000249500998003992,0.0
4858,0.000249500998003992,2.6913269807099522e-05
4859,0.003992015968063872,0.00020726461388995937
4860,0.000249500998003992,0.0
4861,0.3248502994011976,0.9996822404264714
4862,0.001746506986027944,0.0
4864,0.000499001996007984,0.0
4865,0.36726546906187624,0.9999488588865981
4867,0.000998003992015968,0.990457187194017
4869,0.0499001996007984,0.9618455706641198
4870,0.000998003992015968,4.344712917358563e-05
4872,0.34830339321357284,0.9840344615079756
4873,0.014221556886227544,0.7408801791482775
4874,0.0007485029940119761,0.0
4876,0.0007485029940119761,0.0
4877,0.016716566866267466,0.08354723735699833
4879,0.001746506986027944,0.0
4880,0.0499001996007984,0.9618455705180221
4881,0.26921157684630737,0.9811527317996299
4882,0.000499001996007984,0.0
4883,0.003243512974051896,0.9995791052858349
4884,0.009730538922155689,0.9999999995244384
4885,0.00499001996007984,1.489788242042886e-06
4886,0.00499001996007984,1.4897837117412985e-06
4888,0.3280938123752495,0.9999999362455995
4889,0.3280938123752495,0.9999999362455706
4891,0.00124750499001996,0.03304059839012194
4896,0.000499001996007984,0.0
4897,0.000499001996007984,0.0
4899,0.35254491017964074,0.9897905518053143
4901,0.000249500998003992,0.0
4904,0.3690119760479042,0.9999745247639503
4905,0.27220558882235524,0.9482947786409254
4906,0.00024950099800402636,0.0
4909,0.022704590818363273,0.9985326411709194
4910,0.36751497005988026,0.999973374024101
4911,0.0007485029940119761,0.0
4912,0.3348303393213573,0.9995412650375124
4913,0.000998003992015968,0.46861147069088077
4914,0.000499001996007984,0.0
4915,0.3782435129740519,0.991116115564186
4916,0.344810379241517,0.9848359736040857
4917,0.32110778443113774,0.7239717559435112
4920,0.001996007984031936,0.15835503764441733
4922,0.000499001996007984,1.2904296879876269e-05
4923,0.000998003992015968,0.0
4924,0.000499001996007984,0.6435278555378547
4925,0.000499001996007984,0.0
4926,0.3535429141716567,0.999410755405926
4927,0.3530439121756487,0.9994138878217762
4929,0.000249500998003992,0.0
4930,0.000249500998003992,0.0
4931,0.000249500998003992,0.0
4932,0.3333333333333333,0.9999702260529896
4933,0.3236027944111776,0.9995051126758001
4935,0.028193612774451097,0.21699329714373503
4937,0.38897205588822353,0.9995539978174398
4938,0.00249500998003992,0.009693487854110169
4939,0.000249500998003992,0.0
4940,0.0014970059880239522,0.9999999999471318
4941,0.12125748502994012,0.9347129966421313
4943,0.000249500998003992,0.0
4944,0.007984031936127744,0.1430595166598384
4945,0.3236027944111776,0.9997222997923884
4946,0.3458083832335329,0.9844560122899095
4947,0.2761976047904192,0.9820983132954796
4949,0.000998003992015968,5.955815023316041e-06
4950,0.0187125748502994,0.999686191798869
4951,0.26771457085828343,0.9150624094487437
4952,0.36177644710578843,0.977861805623916
4953,0.000998003992015968,0.0
4954,0.023952095808383235,0.3083752169674328
4955,0.000499001996007984,8.457542865622455e-05
4956,0.0029940119760479044,0.3974073507768164
4958,0.000249500998003992,0.0
4959,0.000249500998003992,0.0
4960,0.000499001996007984,0.0
4963,0.30938123752495006,0.9915266445695818
4964,0.00249500998003992,1.5892355119586724e-05
4965,0.23278443113772454,0.946738857953759
4966,0.003992015968063872,0.9014262978175763
4967,0.000998003992015968,0.0
4968,0.19211576846307385,0.9721549280847659
4969,0.0029940119760479044,0.0026815714519811415
4971,0.37250499001996007,0.9240332205337196
4972,0.29840319361277445,0.9907294153763991
4973,0.29840319361277445,0.9907294155907195
4974,0.0014970059880239522,0.0
4975,0.000499001996007984,0.00019028437516965794
4976,0.06387225548902195,0.8336920619384458
4977,0.00249500998003992,0.0
4979,0.000249500998003992,0.0
4980,0.000249500998003992,0.0
4981,0.08283433133732535,0.721937036064855
4984,0.00249500998003992,0.0
4985,0.000249500998003992,0.0
4986,0.0027445109780439123,0.9996378055221475
4987,0.10054890219560879,0.7918909850433121
4988,0.4411177644710579,0.9999999683591898
4989,0.000249500998003992,0.0
4990,0.4406187624750499,0.9999999754217276
4992,0.4403692614770459,0.9999734373387311
4993,0.4406187624750499,0.9999729280477102
4994,0.41467065868263475,0.9994914158846766
4995,0.001996007984031936,0.23422253357939682
4996,0.000249500998003992,0.0
4998,0.4406187624750499,0.9999999754217285
4999,0.000998003992015968,6.3365440413499654e-06
5000,0.000249500998003992,0.0
5004,0.4406187624750499,0.99996312469057
5005,0.06087824351297405,0.27585138595943315
5006,0.4403692614770459,0.9918179858332841
5007,0.4403692614770459,0.9999999815002173
5008,0.000249500998003992,0.0
5009,0.000249500998003992,0.0019012171879264866
5011,0.4403692614770459,0.9999999815002157
5012,0.4403692614770459,0.9999999815002186
5013,0.4144211576846307,0.9997888526944819
5014,0.04815369261477046,0.999999024187207
5015,0.44411177644710575,0.9151306711049506
5016,0.4408682634730539,0.9999959681301868
5017,0.4408682634730539,0.9999959681316507
5018,0.4406187624750499,0.9999959943900232
5019,0.000998003992015968,0.4989313185700097
5021,0.4403692614770459,0.9999999815002173
5022,0.000499001996007984,2.1022597059750633e-06
5025,0.4403692614770459,0.9918067546212177
5026,0.43862275449101795,0.9917163212234784
5028,0.4411177644710579,0.9918262401752578
5030,0.000249500998003992,0.0
5031,0.0007485029940119761,0.0
5032,0.0014970059880239522,0.0
5035,0.47430139720558884,0.9248186185957451
5037,0.4406187624750499,0.9991086729342681
5038,0.000249500998003992,0.0
5040,0.010978043912175649,0.15764193482062572
5041,0.0027445109780439123,0.0
5044,0.10479041916167664,0.8293858149964187
5045,0.000499001996007984,0.0
5046,0.001746506986027944,0.10387370173848016
5047,0.04765469061876248,0.999993432412791
5048,0.17065868263473055,0.8717618015605497
5051,0.32435129740518964,0.7639586121177506
5052,0.000249500998003992,0.0
5053,0.051646706586826345,0.9322163730816015
5054,0.04840319361277445,0.9999945716063116
5056,0.04840319361277445,0.9999763629240085
5057,0.000499001996007984,0.0
5058,0.001746506986027944,0.0
5059,0.00249500998003992,0.9989255939017555
5062,0.0054890219560878245,0.7817046472772609
5063,0.000249500998003992,8.41975308128314e-05
5064,0.021457085828343315,0.8514131482678446
5065,0.000998003992015968,0.0
5066,0.000249500998003992,0.0
5069,0.000249500998003992,0.0
5070,0.016467065868263474,0.9999840887250919
5071,0.04765469061876248,0.9999997357415517
5074,0.00124750499001996,0.0
5075,0.008233532934131737,0.10826728660247702
5076,0.0007485029940119761,0.0
5077,0.10029940119760479,0.855189119447738
5078,0.09381237524950099,0.8684407670751705
5079,0.000249500998003992,1.0140484504631735e-05
5080,0.010728542914171657,0.1576636504061114
5081,0.12574850299401197,0.8149407013541082
5082,0.000249500998003992,0.0
5084,0.04765469061876248,0.9999997357415084
5085,0.0027445109780439123,0.0012949170799572713
5086,0.000249500998003992,1.6190485819011917e-05
5087,0.0042415169660678645,0.0002541069302216521
5088,0.001996007984031936,0.0
5089,0.0007485029940119761,0.0
5090,0.21357285429141717,0.7951104792866833
5091,0.000499001996007984,0.0
5094,0.00124750499001996,0.0
5097,0.016966067864271458,0.9999992043498673
5098,0.016966067864271458,0.9999992043501462
5099,0.016966067864271458,0.9999992043500714
5100,0.015219560878243513,0.994984199492996
5101,0.0007485029940119761,0.07525298487975242
5102,0.000249500998003992,0.0
5103,0.05563872255489022,0.8978019781770646
5105,0.002245508982035928,0.24303177955116687
5107,0.000998003992015968,6.200519773095462e-06
5108,0.4226546906187625,0.8850777395266711
5109,0.0007485029940119761,0.0
5110,0.015968063872255488,0.07086809091160551
5111,0.0014970059880239522,1.6308215310234516e-05
5112,0.000499001996007984,0.0
5113,0.000249500998003992,0.00023838006560917646
5114,0.000249500998003992,0.0
5116,0.00124750499001996,0.16015000097087068
5119,0.026447105788423155,0.22750064332806572
5121,0.000499001996007984,0.999998871541229
5123,0.009481037924151697,0.2439322028503921
5124,0.000249500998003992,0.0
5125,0.00124750499001996,0.23432640297855806
5127,0.0014970059880239522,0.6653255068128628
5128,0.19211576846307385,0.56901306867616
5129,0.000499001996007984,0.0016005397676752693
5130,0.005738522954091816,0.01329914906514167
5131,0.006487025948103792,0.9881448211597701
5134,0.0014970059880239522,0.9999990579277525
5135,0.01122754491017964,0.26716578793164375
5136,0.11477045908183632,0.9639164181795492
5138,0.37350299401197606,0.9239794196015719
5141,0.000249500998003992,0.0
5142,0.00249500998003992,0.0033662611579208636
5144,0.000249500998003992,0.0
5145,0.000249500998003992,0.0
5147,0.000249500998003992,0.0
5148,0.11526946107784432,0.9820620970423334
5149,0.0014970059880239522,0.9999990579314311
5150,0.000998003992015968,0.0
5151,0.02370259481037924,0.6208611163904644
5153,0.0029940119760479044,0.42174134174412276
5154,0.08582834331337326,0.3526573112715235
5155,0.13597804391217566,0.9999937082247045
5157,0.02370259481037924,0.6208611286255198
5158,0.0027445109780439123,0.16536885325887246
5160,0.1412175648702595,0.9834932996481557
5161,0.000249500998003992,0.0
5162,0.19286427145708582,0.9135632966406387
5163,0.00124750499001996,0.0
5164,0.007734530938123752,0.45079311199034927
5166,0.2088323353293413,0.8723099833102217
5167,0.000998003992015968,3.831622906976172e-05
5168,0.003493013972055888,0.9999988762797521
5169,0.15269461077844312,0.9615797241347483
5170,0.1155189620758483,0.9999937827387684
5171,0.19286427145708582,0.9135627341409182
5172,0.08582834331337326,0.34946153874912844
5173,0.11526946107784432,0.999988372219874
5175,0.14221556886227546,0.9673372894267617
5176,0.06212574850299401,0.7419955982499475
5177,0.000249500998003992,0.0
5178,0.00124750499001996,0.9997380952989754
5179,0.37974051896207583,0.9997827597409504
5181,0.0014970059880239522,0.9999990579303122
5183,0.001746506986027944,0.0
5184,0.016716566866267466,0.7304896707798778
5186,0.11926147704590818,0.9658921501848009
5187,0.0014970059880239522,0.9999990579301514
5188,0.02120758483033932,0.6500020012120616
5189,0.022954091816367265,0.6211157692972934
5190,0.00124750499001996,0.0
5192,0.00124750499001996,0.0
5193,0.000249500998003992,0.0
5194,0.02345309381237526,0.3995487478167115
5195,0.000499001996007984,0.0
5196,0.004740518962075849,0.0
5197,0.41342315369261473,0.9429769880953265
5198,0.007984031936127744,0.0490519985179563
5199,0.1157684630738523,0.9642057508179219
5200,0.11601796407185629,0.9641798679394613
5201,0.1157684630738523,0.9642057507937316
5202,0.00998003992015968,0.04170954541239343
5203,0.15219560878243513,0.972112535889023
5204,0.03468063872255489,0.9196860647730347
5205,0.00124750499001996,0.6455404612380526
5206,0.001746506986027944,0.659460478429723
5207,0.3458083832335329,0.9702290474937937
5208,0.0014970059880239522,0.0
5209,0.2310379241516966,0.950991703001759
5210,0.25474051896207583,0.9571728927458345
5211,0.0014970059880239522,0.09635453158354876
5212,0.2754491017964072,0.9641824123828123
5213,0.008233532934131737,0.4887317130955469
5214,0.03318363273453094,0.9157417511727308
5215,0.0014970059880239522,0.9999990579296729
5218,0.4164171656686627,0.9830445483413849
5219,0.07460079840319361,0.31325252358093814
5220,0.0014970059880239522,0.9999990579295095
5222,0.21756487025948104,0.912143944715432
5223,0.0027445109780439123,0.9999988640675272
5224,0.0014970059880239522,0.9999990579280706
5225,0.2722055888223553,0.9845646975010628
5226,0.23502994011976047,0.9263869408660776
5227,0.2310379241516966,0.9340618996396576
5228,0.3817365269461078,0.9999885875680694
5229,0.000998003992015968,0.0
5230,0.41691616766467066,0.9738872434979253
5231,0.0062375249500998,0.9903806931651471
5232,0.3824850299401198,0.9903704524215899
5233,0.001746506986027944,4.038219608710242e-06
5234,0.009481037924151697,0.6191446917520774
5235,0.0014970059880239522,0.9999990579280729
5236,0.41991017964071853,0.9454469487690571
5238,0.41691616766467066,0.9738872440832573
5239,0.06462075848303393,0.5826679224166581
5240,0.000499001996007984,0.08053249305756632
5241,0.4925149700598802,0.9722137631008027
5242,0.009730538922155689,0.9763463483781561
5246,0.48927145708582837,0.9999954227590839
5247,0.48927145708582837,0.9999954227577292
5248,0.008233532934131737,0.4887318904250442
5249,0.000499001996007984,0.0
5250,0.011976047904191617,0.21187520970736076
5251,0.000249500998003992,0.0
5252,0.38198602794411174,0.999990014574598
5253,0.00499001996007984,0.1300826142524129
5254,0.000249500998003992,0.03542473721074978
5256,0.000499001996007984,0.0
5257,0.21307385229540918,0.9328455169141812
5258,0.4620758483033932,0.9987043315846131
5259,0.000249500998003992,0.05452830748568797
5262,0.000998003992015968,0.005637072675512347
5263,0.0054890219560878245,0.24425585484900889
5264,0.000499001996007984,0.00048618624695150606
5265,0.0014970059880239522,0.0
5267,0.38672654690618763,0.958112911407616
5268,0.38223552894211577,0.9905700063304297
5269,0.02594810379241517,0.6446651470645997
5270,0.012974051896207584,0.9460720060406569
5271,0.0042415169660678645,0.4715910636521566
5272,0.000249500998003992,0.0
5273,0.27320359281437123,0.9869368644855222
5275,0.000249500998003992,0.0
5276,0.033682634730538924,0.8579560200317539
5278,0.000499001996007984,0.0
5279,0.38198602794411174,0.9999900145745876
5280,0.002245508982035904,0.0
5281,0.0062375249500998,0.00024793822962677025
5282,0.12649700598802396,0.9220589312860906
5283,0.000249500998003992,0.0
5284,0.006986027944111776,0.1269422649620965
5285,0.0014970059880239522,0.0
5287,0.001746506986027944,0.999999732177953
5289,0.3794910179640718,0.9999711910769437
5290,0.000499001996007984,0.0
5292,0.08358283433133733,0.9999999979105021
5293,0.000249500998003992,0.0
5294,0.08507984031936128,0.9999999938495636
5295,0.08532934131736528,0.9999999936734343
5296,0.000249500998003992,0.0
5297,0.001746506986027944,0.9999997321774672
5298,0.08408183632734531,0.9999468769823685
5299,0.0843313373253493,0.9999092546040151
5300,0.000249500998003992,0.0
5301,0.07310379241516966,0.8927397293549708
5302,0.015469061876247504,0.26397353750592767
5303,0.08507984031936128,0.999999985551228
5305,0.08507984031936128,0.999999993849567
5306,0.08507984031936128,0.9999999938495647
5307,0.000249500998003992,0.0
5308,0.08507984031936128,0.9999999938495663
5309,0.000249500998003992,0.0
5310,0.08557884231536926,0.9999999994018105
5311,0.00124750499001996,3.793828078200081e-05
5312,0.08582834331337326,0.9999999942551392
5313,0.001746506986027944,0.9999997321779115
5317,0.16991017964071856,0.9589588860314171
5318,0.000249500998003992,0.0
5319,0.08557884231536926,0.999999999401809
5320,0.08582834331337326,0.9999999941557518
5322,0.045409181636726546,0.9984291205364232
5323,0.09655688622754491,0.8996837278469384
5326,0.0062375249500998,0.6940164314311641
5327,0.10054890219560879,0.8815891626457185
5329,0.08907185628742514,0.9999999911967485
5330,0.10454091816367266,0.9155888610489868
5332,0.08907185628742514,0.9999999911970163
5334,0.08907185628742514,0.9999999911969659
5336,0.00998003992015968,0.33000595572952857
5337,0.0007485029940119761,0.0
5339,0.000499001996007984,0.0
5340,0.18463073852295409,0.9575279560318258
5341,0.10404191616766467,0.9155412530383555
5342,0.08882235528942116,0.9999879132438764
5343,0.002245508982035928,0.6653278619218527
5344,0.01621756487025948,0.4108917302179901
5345,0.0054890219560878245,0.693904895827043
5346,0.1719061876247505,0.9729857450968638
5347,0.04915169660678643,0.9999743704587123
5348,0.0027445109780439123,0.0
5349,0.0686127744510978,0.8235546073600469
5350,0.000249500998003992,0.0
5351,0.12375249500998003,0.8769670407976952
5352,0.09006986027944112,0.9999999920963993
5354,0.003243512974051896,0.08004859289009363
5355,0.0042415169660678645,0.5085871891788348
5356,0.001996007984031936,0.0
5360,0.020459081836327345,0.5004636418221338
5361,0.156187624750499,0.9326913788318857
5362,0.000998003992015968,0.9999967628585412
5365,0.000998003992015968,0.999996762867443
5366,0.000499001996007984,0.0
5367,0.000249500998003992,0.0
5368,0.04940119760479042,0.9999995223419023
5369,0.03767465069860276,0.0992266593779203
5370,0.38123752495009977,0.968205197008855
5371,0.00124750499001996,0.0
5372,0.000998003992015968,0.9999967628591352
5373,0.000249500998003992,0.0
5374,0.000998003992015968,0.9999967628674443
5375,0.37924151696606784,0.9930822263557995
5376,0.000249500998003992,6.6982302413380165e-06
5377,0.04116766467065868,0.9999995238718624
5379,0.07135728542914171,0.7982048082648535
5380,0.001746506986027944,0.0
5382,0.0014970059880239522,0.0
5383,0.1185129740518962,0.9246291178683055
5384,0.000249500998003992,0.0
5385,0.08832335329341318,0.8770807643288548
5386,0.000249500998003992,0.0
5388,0.05389221556886228,0.9999995545113808
5389,0.32010978043912175,0.9906789646268557
5390,0.08807385229540918,0.8771669822990253
5392,0.00124750499001996,9.623145356852342e-05
5393,0.041666666666666664,0.9999995210533607
5395,0.11901197604790419,0.9787114655809922
5397,0.1062874251497006,0.8973782911336464
5398,0.08507984031936128,0.8794921358675513
5399,0.000998003992015968,0.8550723861605114
5400,0.0007485029940119761,0.0
5402,0.3213572854291417,0.9999300947025583
5403,0.21382235528942115,0.987475769257712
5404,0.3208582834331337,0.9999451822602078
5405,0.10379241516966067,0.9630539238246831
5406,0.043912175648702596,0.4998103212404244
5407,0.010479041916167664,0.4399604110753832
5408,0.000249500998003992,0.0
5410,0.3216067864271457,0.9997236228803809
5412,0.0750998003992016,0.6438589049728399
5413,0.000998003992015968,0.0
5414,0.011477045908183632,0.622064617530506
5415,0.11976047904191617,0.9816524174045436
5416,0.000499001996007984,0.00011753930728761537
5417,0.000249500998003992,0.0
5418,0.000249500998003992,0.0
5419,0.000499001996007984,0.0
5420,0.04765469061876248,0.9999999739944483
5421,0.000499001996007984,0.0
5422,0.2866766467065868,0.9240505957752513
5423,0.000249500998003992,0.0
5425,0.1187624750499002,0.9590615597498591
5426,0.08732534930139721,0.8771184410086539
5428,0.000998003992015968,0.9999967628763472
5430,0.2911676646706587,0.9332472742694948
5431,0.000998003992015968,0.9999967628680394
5432,0.10429141716566866,0.9449880750301043
5433,0.000998003992015968,0.9999967628561698
5434,0.08557884231536926,0.8792049840597457
5435,0.000998003992015968,0.9999967628662566
5436,0.000998003992015968,0.9999967628656624
5437,0.000998003992015968,0.999996762863289
5438,0.000998003992015968,0.0
5440,0.000998003992015968,0.9999967628674425
5441,0.046656686626746505,0.9999999763368385
5443,0.000998003992015968,0.9999967628626943
5444,0.000998003992015968,0.9999967628591339
5445,0.000998003992015968,0.9999967628615077
5446,0.000998003992015968,0.9999967628751602
5447,0.000998003992015968,0.9999967628662579
5448,0.000998003992015968,0.9999967628674403
5450,0.00124750499001996,0.9999904187467156
5451,0.000998003992015968,0.9999967628638818
5452,0.000998003992015968,0.999996762866851
5453,0.000998003992015968,0.9999967628626941
5454,0.11901197604790419,0.9605835413252085
5455,0.000499001996007984,0.0
5456,0.000249500998003992,0.0
5457,0.000249500998003992,8.05436276367517e-06
5458,0.000249500998003992,0.0
5461,0.003243512974051896,0.08028984103108268
5462,0.003493013972055888,0.08028894369840357
5463,0.003243512974051896,0.08028981604540199
5464,0.003243512974051896,0.08028978922897766
5465,0.000249500998003992,0.0
5466,0.000249500998003992,0.0
5467,0.020209580838323353,0.13314767377413997
5469,0.000249500998003992,0.0
5470,0.053642714570858285,0.6497269783804518
5471,0.4488522954091816,0.6148783803433147
5472,0.0007485029940119761,0.0
5473,0.4663173652694611,0.6576908516886824
5474,0.001996007984031936,2.636640074203409e-06
5476,0.000249500998003992,0.0
5478,0.4154191616766467,0.9044050114664838
5479,0.00124750499001996,0.9993748774161713
5480,0.00873253493013972,0.5351714987778553
5481,0.005239520958083832,0.0
5483,0.0007485029940119761,0.32405985454606706
5485,0.000499001996007984,0.0
5487,0.3036427145708583,0.8967279812676437
5488,0.12599800399201597,0.9595346066635356
5489,0.004740518962075849,0.33395591062379976
5491,0.3977045908183633,0.8612624843884276
5492,0.0014970059880239522,0.49858651174342083
5493,0.4403692614770459,0.9208473724535197
5494,0.30439121756487025,0.8871603205726152
5495,0.03592814371257485,0.5433304730554316
5497,0.41417165668662675,0.8892962591381101
5498,0.03942115768463074,0.854829833578164
5500,0.4358782435129741,0.892187032141496
5502,0.00124750499001996,0.9993748768570448
5503,0.000249500998003992,0.0
5504,0.03817365269461078,0.858961369188035
5505,0.1279940119760479,0.9806407718258806
5506,0.21432135728542914,0.9610133365150952
5507,0.09231536926147704,0.4337437288421819
5508,0.00124750499001996,0.9993748770431236
5509,0.49950099800399206,0.9189595155303639
5511,0.04815369261477046,0.8118120577069414
5512,0.001996007984031936,0.0
5514,0.0007485029940119761,0.0
5515,0.000249500998003992,0.0
5516,0.000499001996007984,0.0
5517,0.001996007984031936,0.0
5518,0.06811377245508982,0.7156582503953651
5519,0.000499001996007984,0.4989967534983906
5522,0.06836327345309381,0.7142866872940491
5523,0.028942115768463075,0.8548480005362894
5524,0.0007485029940119761,0.0
5525,0.004740518962075849,0.007936427223163947
5527,0.48303393213572854,0.8670129167785816
5528,0.00124750499001996,0.03303868590201134
5529,0.03493013972055888,0.5320627204588132
5531,0.000499001996007984,0.0
5532,0.05389221556886228,0.8794376307028334
5534,0.000998003992015968,0.9914827301167439
5535,0.000998003992015968,0.0
5537,0.35054890219560875,0.8371672885414944
5540,0.000499001996007984,0.0
5541,0.0007485029940119761,0.0
5543,0.25149700598802394,0.9881542576128616
5545,0.00124750499001996,0.4870473808940541
5547,0.18313373253493015,0.8694082539680157
5548,0.000499001996007984,0.0
5551,0.08807385229540918,0.6475286127691163
5554,0.19960079840319356,0.8827890681609359
5555,0.000499001996007984,0.0
5557,0.001746506986027944,0.0
5558,0.000998003992015968,0.0
5559,0.0249500998003992,0.4400929338049796
5561,0.000499001996007984,0.0
5563,0.21382235528942115,0.8674947665599623
5564,0.21032934131736528,0.9909440728888194
5565,0.000499001996007984,0.24507461071317396
5568,0.00249500998003992,0.13115763122570598
5569,0.000499001996007984,3.4272414737963895e-05
5570,0.0014970059880239522,0.0
5571,0.2370259481037924,0.8427318372141263
5572,0.005988023952095809,0.9972743087651036
5573,0.001746506986027944,4.021780316284177e-06
5575,0.0014970059880239522,0.28272390104629674
5576,0.16716566866267465,0.9223519929760166
5577,0.0014970059880239522,0.0
5579,0.000499001996007984,0.0
5581,0.1691616766467066,0.894815881543982
5582,0.005738522954091816,0.7731280885064076
5587,0.20459081836327342,0.9746836959066809
5589,0.06586826347305386,0.9760724578503741
5591,0.2043413173652695,0.97475729141166
5592,0.000249500998003992,0.0
5593,0.17664670658682635,0.8013804120464012
5594,0.06586826347305386,0.9765234663435279
5595,0.004740518962075849,0.4828341524727693
5596,0.000249500998003992,0.0
5599,0.000998003992015968,0.020256911963160918
5600,0.0027445109780439123,0.13120836829591287
5602,0.0007485029940119761,0.020258542871444383
5604,0.3642714570858283,0.980296543930753
5605,0.000499001996007984,2.5921916408520403e-05
5606,0.20808383233532934,0.9914704218791613
5608,0.00124750499001996,0.3240578885392108
5609,0.07060878243512969,0.9999813573516784
5610,0.000249500998003992,0.0
5612,0.0007485029940119761,0.4657125900018889
5613,0.20783433133732532,0.9914574302162006
5614,0.07060878243512969,0.9999813573516979
5615,0.030189620758483034,0.954089217079906
5616,0.001746506986027944,0.004697008067687102
5617,0.000249500998003992,0.0
5618,0.20808383233532934,0.9914704165864253
5619,0.000249500998003992,0.08309473056481011
5620,0.20808383233532934,0.9913810456857909
5621,0.20084830339321358,0.991313560303634
5622,0.004491017964071856,0.09663739906857481
5624,0.0007485029940119761,0.0
5625,0.000499001996007984,0.0
5626,0.001996007984031936,0.9999986065932671
5627,0.3874750499001996,0.9138107348130833
5628,0.20833333333333337,0.9999983688487702
5629,0.005738522954091816,0.7731280499676756
5630,0.20808383233532934,0.9999605616347276
5631,0.07110778443113774,0.999994657061684
5633,0.0037425149700598802,0.05084106926565868
5634,0.003992015968063872,0.08017937961302335
5635,0.20858283433133729,0.9999999871656569
5637,0.0007485029940119761,0.487229168533808
5640,0.17689620758483035,0.788969695425747
5641,0.17040918163672655,0.9071883398995109
5642,0.20858283433133729,0.9999999871656724
5643,0.0007485029940119761,0.06717633929603503
5644,0.000499001996007984,0.0046717963779347475
5645,0.20833333333333337,0.9999998827762918
5646,0.000249500998003992,0.0
5647,0.20833333333333337,0.999999988306403
5648,0.20808383233532934,0.9999999945633551
5649,0.000249500998003992,0.0
5650,0.053393213572854294,0.9416607771346688
5652,0.000249500998003992,0.0
5653,0.20783433133732532,0.9999998823666235
5654,0.07060878243512969,0.9999999837802839
5655,0.02969061876247505,0.9547245246724587
5656,0.15419161676646706,0.999690706278047
5657,0.20858283433133729,0.9999999954914736
5658,0.21132734530938124,0.9999998951358421
5659,0.000249500998003992,0.00013066893644118533
5660,0.20808383233532934,0.9999999945633438
5662,0.07085828343313372,0.9999989992001178
5663,0.000249500998003992,0.0
5664,0.0007485029940119761,0.0
5665,0.20833333333333337,0.9999999897516325
5666,0.003992015968063872,0.08017939198256016
5667,0.20783433133732532,0.9999998823667425
5668,0.000249500998003992,0.0
5669,0.000249500998003992,0.0
5671,0.4466067864271457,0.9324882403111175
5672,0.001996007984031936,0.004695981379374887
5673,0.000249500998003992,0.0
5674,0.004491017964071856,0.6012981862113128
5677,0.21457085828343314,0.9984414396908199
5679,0.3762475049900199,0.9907210628692122
5681,0.20808383233532934,0.9913832419949663
5682,0.0007485029940119761,0.0
5683,0.0027445109780439123,0.05147825832301141
5684,0.00249500998003992,0.49899790591233023
5685,0.07060878243512969,0.9999999837803074
5687,0.004491017964071856,0.0
5688,0.07085828343313372,0.9999962596265144
5691,0.07110778443113774,0.9761072973224586
5692,0.217564870259481,0.976258550021407
5693,0.21931137724550898,0.9984140173233991
5696,0.2537425149700599,0.9422186358022817
5697,0.2532435129740519,0.941600433577084
5698,0.23078842315369263,0.73410631378977
5699,0.010978043912175649,0.2160243869137274
5700,0.32460079840319356,0.9811160959519283
5701,0.0007485029940119761,0.0
5702,0.000249500998003992,0.0
5703,0.12300399201596801,0.9997542497542622
5704,0.0014970059880239522,0.15649464665321677
5705,0.2120758483033932,0.9999367190531977
5706,0.000998003992015968,0.0
5707,0.1220059880239521,0.919522135459799
5708,0.07085828343313372,0.99999625774639
5709,0.004491017964071856,0.23356641341037732
5710,0.406936127744511,0.9283217197635881
5711,0.001746506986027944,0.053799589567773046
5712,0.002245508982035928,0.014801669305902111
5713,0.000499001996007984,0.0
5714,0.156437125748503,0.986947936117669
5715,0.008233532934131737,0.47713056893268574
5716,0.15394211576846306,0.9388419437959754
5718,0.012974051896207584,0.11704186028790563
5719,0.22005988023952094,0.987450323967952
5720,0.000249500998003992,0.0
5722,0.0007485029940119761,0.5889813276971415
5724,0.000249500998003992,0.0
5725,0.0007485029940119761,0.0
5726,0.001996007984031936,0.0
5727,0.0843313373253493,0.6497844664451906
5730,0.000249500998003992,0.0
5732,0.000499001996007984,0.0
5734,0.018463073852295408,0.8392171393849628
5736,0.15918163672654695,0.9353145111704768
5737,0.005988023952095809,0.0686584655222777
5738,0.005988023952095809,0.06865846199627516
5739,0.000249500998003992,0.0
5740,0.000499001996007984,0.0
5741,0.001996007984031936,0.0008497845699705225
5743,0.000249500998003992,0.0
5744,0.003992015968063872,0.49614989536690735
5745,0.15918163672654695,0.9353145112543567
5746,0.07160678642714569,0.9320748451497263
5747,0.21931137724550898,0.9640197305211008
5748,0.0007485029940119761,0.0
5749,0.0007485029940119761,0.0
5750,0.000998003992015968,0.00014288254476579613
5751,0.012724550898203593,0.868268161831244
5752,0.00998003992015968,0.28979913583323025
5753,0.000249500998003992,0.0
5754,0.000249500998003992,0.0
5755,0.00124750499001996,0.0
5758,0.000499001996007984,6.20197669304165e-05
5759,0.00249500998003992,0.37528641830715703
5760,0.0014970059880239522,0.2901277302348176
5761,0.000249500998003992,0.0
5762,0.000998003992015968,0.14087004983589577
5763,0.030189620758483034,0.55309082258288
5764,0.006986027944111776,0.0016055430663076847
5765,0.002245508982035928,0.23141339690728752
5767,0.003243512974051896,0.957497435851698
5769,0.000249500998003992,0.9999999960972299
5770,0.001746506986027944,0.0
5771,0.003243512974051896,0.22630757678420257
5772,0.02944111776447106,0.7082821597044257
5773,0.0007485029940119761,0.9999999646913184
5774,0.00249500998003992,0.13123889097559244
5775,0.03318363273453094,0.9401855293364908
5776,0.004491017964071856,0.0
5777,0.0007485029940119761,0.0
5778,0.15593812375249502,0.9845992051508661
5779,0.07035928143712578,0.9301789008320861
5780,0.15743512974051896,0.9989222406049192
5781,0.009231536926147704,0.6809926986175181
5782,0.0007485029940119761,0.0
5784,0.313373253493014,0.9912300982262123
5786,0.000249500998003992,0.0
5788,0.000249500998003992,0.0
5789,0.005738522954091816,0.6408782688778273
5790,0.000249500998003992,0.0
5791,0.000249500998003992,0.0
5792,0.06112774451097804,0.9384691301668259
5793,0.008233532934131737,0.886979511336487
5794,0.000499001996007984,0.0
5796,0.3148702594810379,0.9913379356612912
5797,0.03642714570858283,0.9881065303524845
5798,0.014221556886227544,0.940359359359465
5800,0.0007485029940119761,0.1691114597926153
5801,0.000249500998003992,0.0
5804,0.008233532934131737,0.8321427096474363
5805,0.012974051896207584,0.8718036016005507
5806,0.0007485029940119761,0.0
5807,0.0007485029940119761,0.0
5809,0.008982035928143712,0.42626006603900785
5811,0.000249500998003992,0.0
5812,0.000249500998003992,0.0
5817,0.03243512974051896,0.8929965035936782
5818,0.000249500998003992,0.0
5819,0.014970059880239521,0.37055912300153837
5821,0.18363273453093812,0.8035564541904177
5822,0.15144710578842316,0.9832857756613772
5823,0.000249500998003992,0.0
5824,0.018213572854291416,0.8404675924848701
5825,0.15718562874251496,0.9999991883227943
5827,0.000499001996007984,0.0
5828,0.000249500998003992,0.0
5829,0.1719061876247505,0.9984691213200353
5830,0.000249500998003992,0.0
5831,0.0027445109780439123,0.4250983335004606
5832,0.002245508982035928,0.9999999847037521
5834,0.000499001996007984,0.0
5835,0.1195109780439122,0.9494367382902028
5837,0.156437125748503,0.9999084571253986
5838,0.015469061876247504,0.369058835601229
5839,0.312874251497006,0.9912616436240402
5840,0.30439121756487025,0.9914048331203961
5841,0.156437125748503,0.9999084573192626
5842,0.000998003992015968,0.0
5843,0.313373253493014,0.991520892573546
5844,0.000249500998003992,0.0
5845,0.000249500998003992,0.0
5846,0.0187125748502994,0.4042708242312876
5850,0.0007485029940119761,0.0
5851,0.0007485029940119761,0.0
5852,0.054890219560878244,0.8031478506752371
5853,0.00499001996007984,0.0
5854,0.003243512974051896,0.0
5856,0.04466067864271457,0.9999977035933575
5857,0.02120758483033932,0.9474029344918735
5858,0.003493013972055888,0.3312586303715845
5859,0.09131736526946108,0.9471906548468166
5860,0.02245508982035928,0.0010543148739774247
5861,0.02245508982035928,0.0010543177649229999
5865,0.000499001996007984,0.0
5866,0.15518962075848303,0.9978111360114881
5870,0.003243512974051896,0.0
5871,0.000499001996007984,0.0
5872,0.000249500998003992,0.0
5873,0.000249500998003992,0.0
5874,0.012724550898203593,0.8723642843773451
5875,0.0027445109780439123,0.999999999951009
5876,0.03143712574850299,0.5800978986531731
5877,0.1534431137724551,0.9978704577467088
5878,0.021457085828343315,0.9384045834869627
5880,0.31786427145708585,0.9911859247554705
5881,0.000499001996007984,0.397692851893287
5884,0.17065868263473055,0.9998318381146326
5886,0.000249500998003992,0.0
5887,0.31462075848303395,0.9919415894691502
5888,0.17065868263473055,0.9998400648400246
5889,0.43912175648702595,0.9835943360374981
5892,0.003493013972055888,0.3974898197718348
5893,0.0014970059880239522,0.013979703673393441
5894,0.15494011976047903,0.9977960530738046
5896,0.0054890219560878245,0.9999925094913595
5897,0.000998003992015968,0.06462367707195024
5900,0.006487025948103792,0.24426328761567107
5901,0.000249500998003992,0.0
5903,0.0014970059880239522,0.0
5904,0.000249500998003992,0.0
5905,0.000249500998003992,0.0
5906,0.00124750499001996,0.0
5907,0.15568862275449102,0.9988330302591859
5909,0.00124750499001996,0.0
5910,0.000499001996007984,0.0
5911,0.000249500998003992,0.0
5912,0.15568862275449102,0.9988330307508715
5914,0.000998003992015968,0.0
5917,0.000499001996007984,0.0
5918,0.000499001996007984,0.0
5919,0.17115768463073852,0.9862681968136628
5920,0.000499001996007984,0.0
5921,0.000249500998003992,0.0
5922,0.000249500998003992,0.0
5923,0.00124750499001996,0.999999999994184
5926,0.312375249500998,0.991069940382072
5927,0.003992015968063872,0.7342145070759353
5931,0.000249500998003992,0.0
5932,0.000249500998003992,0.0
5933,0.09031936127744511,0.972748749434847
5934,0.000499001996007984,0.0
5936,0.000249500998003992,0.0
5937,0.4199101796407186,0.9760730341026157
5939,0.000249500998003992,0.0
5943,0.000249500998003992,0.0
5944,0.000499001996007984,0.0009058779049295164
5945,0.003243512974051896,0.07100123280348529
5947,0.000998003992015968,0.0
5948,0.000499001996007984,0.0
5950,0.000499001996007984,0.0
5951,0.15444111776447106,0.9975906783611391
5954,0.0029940119760479044,0.0
5955,0.000249500998003992,0.0
5956,0.000249500998003992,0.0
5957,0.001746506986027944,6.875380035308895e-06
5959,0.000499001996007984,0.0
5960,0.1284930139720559,0.9045069237353669
5961,0.11402195608782435,0.7697756370263157
5962,0.12025948103792415,0.9299163865112657
5964,0.016716566866267466,0.713275952715864
5965,0.00499001996007984,0.0005265494061575273
5966,0.021457085828343315,0.7507594238179708
5967,0.0027445109780439123,0.0
5968,0.0124750499001996,0.7983661477038805
5970,0.05064870259481038,0.8352175721046284
5971,0.002245508982035928,0.3665478611092352
5972,0.49600798403193613,0.9902080720700847
5973,0.0014970059880239522,0.0
5974,0.0007485029940119761,0.9999999646913175
5975,0.000249500998003992,0.0
5976,0.001746506986027944,6.874671135054909e-06
5977,0.000998003992015968,0.0
5978,0.00124750499001996,0.06273794351103129
5979,0.000249500998003992,0.0
5980,0.000499001996007984,0.0
5981,0.02370259481037924,0.9473367021209516
5984,0.001996007984031936,0.998999778697237
5985,0.003493013972055888,0.09618681150943864
5986,0.0027445109780439123,1.1504281615323984e-08
5987,0.33358283433133734,0.9936311250760593
5988,0.0007485029940119761,0.0
5989,0.000249500998003992,0.0
5992,0.000249500998003992,0.0
5993,0.000499001996007984,0.0
5995,0.02594810379241517,0.9321942412561384
5996,0.000499001996007984,0.0
5997,0.0014970059880239522,0.3240629760984885
5998,0.036676646706586824,0.9880575582326784
5999,0.15144710578842316,0.9830552781715995
6000,0.000998003992015968,0.0
6001,0.002245508982035928,0.9999999931956223
6002,0.000249500998003992,0.0
6003,0.000249500998003992,0.0
6004,0.05439121756487026,0.9600725401065381
6005,0.000499001996007984,0.0
6007,0.000249500998003992,0.0
6008,0.3268463073852295,0.9823004740809329
6009,0.000998003992015968,0.9883714380303842
6012,0.005738522954091816,0.019910019072334893
6015,0.000249500998003992,0.0
6017,0.0042415169660678645,0.2450244917042307
6018,0.023453093812375248,0.9920305414746906
6020,0.00249500998003992,0.6494395970024793
6021,0.15494011976047903,0.9999802842969813
6022,0.15469061876247506,0.9999652707929291
6024,0.000249500998003992,0.0
6025,0.43812375249500995,0.9833845581443162
6026,0.3323353293413174,0.9937805283449586
6027,0.0027445109780439123,0.0
6028,0.002245508982035928,0.36654782169532024
6029,0.000249500998003992,0.0
6030,0.000499001996007984,0.0
6036,0.000998003992015968,0.0
6037,0.000499001996007984,0.0
6038,0.15593812375249502,0.999947315879206
6039,0.0007485029940119761,0.0
6040,0.009231536926147704,0.9957211461146838
6042,0.3333333333333333,0.9931402242871896
6043,0.0029940119760479044,0.6493506278532761
6044,0.000249500998003992,0.000300036066112017
6045,0.000249500998003992,0.0
6046,0.000249500998003992,0.0
6048,0.156936127744511,0.9968808521835008
6050,0.000998003992015968,0.0
6052,0.007734530938123752,0.0016094234254209606
6053,0.000998003992015968,0.0
6054,0.008233532934131737,0.0
6056,0.003493013972055888,0.8601523498150684
6057,0.156936127744511,0.99582119780112
6059,0.0007485029940119761,0.283130016244366
6060,0.001996007984031936,2.3212205021639474e-06
6062,0.0042415169660678645,0.5811035413170689
6063,0.000249500998003992,0.0
6064,0.001996007984031936,0.0
6065,0.0007485029940119761,0.0
6066,0.022954091816367265,0.8517429903432736
6067,0.000499001996007984,0.0
6068,0.0007485029940119761,0.0
6069,0.003243512974051896,0.0
6070,0.001996007984031936,0.0
6071,0.3345808383233533,0.9926565398022072
6073,0.021706586826347306,0.0776414943530381
6074,0.000249500998003992,0.0
6075,0.015469061876247504,0.2734743356726342
6077,0.000499001996007984,0.0
6079,0.14296407185628743,0.9992049098386152
6080,0.14296407185628743,0.9992049098380388
6081,0.001996007984031936,0.14123689812592535
6082,0.003243512974051896,0.0
6083,0.000499001996007984,0.0
6084,0.000499001996007984,0.00024330231490813994
6085,0.18063872255489022,0.8652691969960444
6086,0.000499001996007984,0.0
6087,0.000249500998003992,0.0
6088,0.005239520958083832,7.44482846938379e-05
6090,0.030688622754491017,0.5791665887580082
6091,0.005988023952095809,0.7731515410355583
6092,0.02120758483033932,0.6136932495969295
6093,0.0014970059880239522,0.945668936382469
6094,0.000499001996007984,0.00021488775868337747
6095,0.000499001996007984,0.00021488773784164738
6096,0.0029940119760479044,9.935595499229193e-07
6097,0.013722554890219561,0.2758941998587803
6098,0.3408183632734531,0.936556709254547
6099,0.006487025948103792,0.33196439125402766
6100,0.000249500998003992,0.0
6102,0.000998003992015968,0.00014043668207820516
6103,0.15494011976047903,0.9999602497667223
6104,0.03093812375249501,0.850380239948024
6105,0.00124750499001996,0.0
6106,0.06761477045908182,0.9756601768091665
6110,0.000249500998003992,0.0
6113,0.000249500998003992,0.0
6115,0.1534431137724551,0.9999630334181681
6117,0.001996007984031936,0.9992584552619329
6120,0.000499001996007984,0.0
6121,0.00124750499001996,0.0
6122,0.001996007984031936,0.022493052733378635
6123,0.000249500998003992,0.0
6124,0.002245508982035928,0.9999999931956176
6125,0.1536926147704591,0.9999973461713404
6127,0.000249500998003992,0.0
6128,0.008233532934131737,0.8813672249777377
6130,0.000499001996007984,0.0
6132,0.000998003992015968,0.0
6133,0.007235528942115769,0.08845711980316703
6134,0.3290918163672655,0.9906342659546697
6136,0.3328343313373254,0.9999883629021765
6137,0.00249500998003992,7.534336893173354e-05
6139,0.000249500998003992,0.0
6141,0.0014970059880239522,6.728915840698946e-06
6142,0.000249500998003992,0.0
6143,0.0007485029940119761,0.0
6144,0.000249500998003992,0.0
6147,0.007734530938123752,0.8694599833916306
6148,0.000249500998003992,0.0
6149,0.03293413173652695,0.7445198966051726
6150,0.031936127744510975,0.7982561558811415
6151,0.0014970059880239522,6.729254176746086e-06
6152,0.33308383233532934,0.999988409320706
6153,0.000249500998003992,0.0010445698957474699
6154,0.33308383233532934,0.9999884094535729
6157,0.0014970059880239522,0.0
6158,0.1531936127744511,0.999999886961013
6159,0.010728542914171657,0.5209322334871302
6160,0.013972055888223553,0.9403762523293925
6161,0.000249500998003992,0.014158330145244232
6164,0.1531936127744511,0.9999998869610366
6166,0.00499001996007984,0.00012662615059361748
6167,0.000249500998003992,0.0
6168,0.0029940119760479044,0.0710011360627663
6169,0.000998003992015968,0.0
6170,0.0037425149700598802,0.7341934710116885
6171,0.000249500998003992,0.0
6172,0.000499001996007984,0.0
6173,0.14870259481037923,0.9992947351128825
6174,0.006986027944111776,0.6597859408181128
6175,0.000249500998003992,0.0
6176,0.05264471057884232,0.9973916821997488
6177,0.24825349301397207,0.9994486755032094
6178,0.000499001996007984,6.611329082214194e-05
6179,0.02220558882235529,0.6345844475358096
6180,0.000249500998003992,0.0
6181,0.000499001996007984,0.0
6182,0.000249500998003992,0.0
6184,0.013972055888223553,0.9403762314737563
6185,0.01347305389221557,0.99994924022151
6186,0.00499001996007984,0.9999987689345607
6188,0.15169660678642716,0.9993240701013805
6189,0.000249500998003992,0.0
6190,0.000998003992015968,8.660842892371478e-05
6191,0.00249500998003992,0.6446586510044923
6192,0.002245508982035928,0.9999999931956194
6196,0.000249500998003992,8.068582713203035e-05
6197,0.01347305389221557,0.9999492398775218
6198,0.38897205588822353,0.9519686370281993
6199,0.0062375249500998,0.019909477642138306
6200,0.000249500998003992,8.228875123766775e-06
6202,0.06312375249501001,0.9468661269143022
6205,0.000249500998003992,0.0
6206,0.000249500998003992,0.0
6207,0.000249500998003992,0.0
6208,0.043912175648702596,0.8236435610237266
6209,0.00249500998003992,0.0
6211,0.010229540918163672,0.3570267230357896
6212,0.3313373253493014,0.9999918520662777
6213,0.000998003992015968,0.9987801451363373
6214,0.00124750499001996,0.0
6215,0.15169660678642716,0.9998437019706226
6216,0.000249500998003992,0.0
6217,0.006986027944111776,0.0029333354287068734
6218,0.0007485029940119761,0.0
6219,0.000249500998003992,0.0
6221,0.000998003992015968,0.0
6222,0.3348303393213573,0.9993706579308128
6223,0.0042415169660678645,0.0
6225,0.1531936127744511,0.9999992878977086
6228,0.000249500998003992,0.0
6231,0.010479041916167664,0.2539964492502616
6232,0.3338323353293413,0.9993485105406805
6234,0.024201596806387227,0.9470119151631701
6235,0.027445109780439122,0.42490217946219505
6237,0.05364271457085823,0.9383779747937878
6238,0.00249500998003992,0.99905565712987
6240,0.15244510978043913,0.9998439511426727
6241,0.000249500998003992,0.0
6243,0.000499001996007984,0.0
6244,0.015469061876247504,0.43261564603478364
6245,0.000499001996007984,0.0
6247,0.1529441117764471,0.99984394621811
6248,0.000249500998003992,0.0
6249,0.0042415169660678645,0.7342027349253807
6251,0.005239520958083832,0.0005034309088217206
6252,0.32759481037924154,0.9999842859554449
6253,0.1781437125748503,0.8522492710600617
6254,0.17365269461077845,0.9014893449121685
6255,0.06287425149700598,0.9997422349448408
6256,0.003992015968063872,0.9562961995392083
6258,0.000499001996007984,0.0
6259,0.00124750499001996,0.0
6261,0.027445109780439122,0.36590482926012574
6262,0.01746506986027944,0.26818717282507515
6263,0.05239520958083832,0.16268483106878312
6264,0.16691616766467066,0.9174117955127616
6265,0.18313373253493015,0.8790101835547215
6266,0.011976047904191617,0.5817671216073785
6267,0.010229540918163672,0.4888245499416128
6268,0.012974051896207584,0.7386357681604624
6269,0.00499001996007984,0.519311326818731
6270,0.021956087824351298,0.27089228643303803
6271,0.01472055888223553,0.638873927078626
6274,0.003992015968063872,0.9346767366206566
6275,0.00249500998003992,0.0
6276,0.000499001996007984,1.691864131201952e-05
6277,0.003992015968063872,0.9999999947204574
6278,0.37125748502994016,0.9560343237558006
6279,0.000499001996007984,0.0
6280,0.06362275449101795,0.9995753379410487
6281,0.000499001996007984,0.00018893864349269306
6282,0.0074850299401197605,0.8292642684062212
6283,0.000249500998003992,0.0
6284,0.0062375249500998,0.9851377515441211
6286,0.0037425149700598802,0.9999999996865006
6287,0.000499001996007984,8.076909247913105e-06
6288,0.0029940119760479044,1.3591089419640787e-05
6289,0.000499001996007984,0.0
6291,0.007984031936127744,0.8666857821368515
6292,0.000499001996007984,0.0
6293,0.438373253493014,0.9699660408465913
6294,0.000249500998003992,0.0
6295,0.000249500998003992,0.0
6296,0.43812375249500995,0.9698959712110725
6297,0.018962075848303395,0.27449084711791577
6298,0.000499001996007984,5.793288723921271e-05
6300,0.000499001996007984,0.0
6301,0.00124750499001996,0.03430578221828461
6303,0.15394211576846306,0.9700633447618932
6304,0.000249500998003992,0.0
6305,0.32759481037924154,0.9698467370428847
6306,0.000499001996007984,0.0
6307,0.000249500998003992,0.0
6308,0.06337325349301393,0.9993149805946194
6309,0.000499001996007984,0.00010730125216982848
6310,0.0007485029940119761,9.502984080288513e-06
6311,0.0014970059880239522,0.999551137967627
6313,0.010728542914171657,0.5007827439992597
6314,0.0007485029940119761,0.0
6316,0.000998003992015968,0.0
6317,0.000249500998003992,0.0
6318,0.000499001996007984,0.0
6320,0.014221556886227544,0.7037619711791679
6321,0.00998003992015968,0.6801033728794482
6323,0.013223552894211578,0.7176429640344204
6324,0.000249500998003992,0.0
6325,0.000249500998003992,0.0
6326,0.001996007984031936,0.0
6327,0.0007485029940119761,0.0
6328,0.00124750499001996,0.000211419545220807
6329,0.06711576846307388,0.8265577547567151
6330,0.003243512974051896,0.9575157152228868
6331,0.0641217564870259,0.8933285821924128
6332,0.006986027944111776,0.05428642334932023
6333,0.0007485029940119761,0.0
6334,0.009231536926147704,0.005009231576057926
6336,0.003992015968063872,0.9999850171843606
6338,0.15094810379241516,0.8210031328818553
6339,0.001996007984031936,0.3658600687427171
6340,0.2619760479041916,0.3770894819962006
6341,0.006736526946107785,0.33114813849893765
6343,0.000249500998003992,0.0
6344,0.00124750499001996,0.9982153311866604
6345,0.0007485029940119761,0.9998498186856112
6346,0.001746506986027944,0.06548818527283828
6347,0.001746506986027944,0.06548816343051689
6348,0.000249500998003992,0.0
6349,0.15568862275449102,0.8303698170358363
6350,0.02594810379241517,0.4942241539765267
6351,0.03243512974051896,0.35305207254960524
6353,0.006986027944111776,0.5205535348881868
6354,0.03967065868263473,0.08347809668563498
6355,0.030189620758483034,0.1314126281102024
6357,0.0029940119760479044,0.022265440798986496
6358,0.027694610778443114,0.16751077617015173
6359,0.003493013972055888,0.29745329993394065
6360,0.013972055888223553,0.16252280428196128
6361,0.000249500998003992,0.0
6362,0.000499001996007984,8.670463569118756e-05
6363,0.000249500998003992,0.0
6364,0.000998003992015968,0.0
6365,0.000998003992015968,0.0
6366,0.000499001996007984,0.0
6367,0.06087824351297405,0.9999964424518254
6369,0.0014970059880239522,7.750101618289331e-06
6370,0.010728542914171657,0.0005323639900214509
6371,0.000499001996007984,7.439422396231459e-05
6373,0.001996007984031936,0.00012144402073457394
6375,0.013972055888223553,0.2185850627079361
6376,0.018962075848303395,0.00036349962008908494
6377,0.0007485029940119761,0.0
6380,0.003493013972055888,0.002705524350320548
6381,0.0007485029940119761,0.0
6382,0.13872255489021956,0.18897058086020604
6383,0.001746506986027944,0.0013099831040802807
6385,0.000249500998003992,0.0
6386,0.0007485029940119761,0.9999999194328703
6387,0.0007485029940119761,1.2864812345992457e-06
6388,0.00124750499001996,8.006839215789872e-06
6389,0.000249500998003992,0.0
6391,0.000249500998003992,0.0
6393,0.000249500998003992,0.00015159914789675854
6394,0.000998003992015968,1.3202011685543812e-05
6395,0.00124750499001996,5.696645964389845e-05
6397,0.0007485029940119761,0.0
6398,0.000249500998003992,1.3913424603943917e-05
6399,0.008982035928143712,0.036700061585443804
6400,0.000499001996007984,0.0
6401,0.24001996007984033,0.4023375690863816
6402,0.013223552894211578,0.34990402098430423
6403,0.30114770459081835,0.46271879419645134
6404,0.000249500998003992,0.0
6405,0.3008982035928144,0.46979847534009467
6406,0.0054890219560878245,2.8096319186360854e-05
6407,0.013223552894211578,0.3672953989042007
6408,0.00124750499001996,0.0
6409,0.000249500998003992,0.0
6410,0.008982035928143712,0.7218816991380257
6411,0.000499001996007984,8.064548875723742e-06
6412,0.000499001996007984,7.281209293081777e-05
6413,0.4076846307385229,0.10697185158567674
6414,0.2754491017964072,0.4451327546206772
6415,0.005239520958083832,0.0
6416,0.32235528942115765,0.4912726052797782
6419,0.001746506986027944,0.0
6420,0.000249500998003992,0.0
6421,0.033682634730538924,0.4574884065541912
6422,0.025199600798403193,0.0350829875555811
6423,0.000499001996007984,0.0
6424,0.000249500998003992,0.0
6425,0.003493013972055888,0.8921136757194762
6426,0.000499001996007984,0.0
6427,0.00124750499001996,0.0
6428,0.02120758483033932,0.08017543080037963
6429,0.0187125748502994,0.014133095787077238
6430,0.000249500998003992,0.0
6431,0.020958083832335328,0.000470991734685574
6432,0.000249500998003992,0.0
6433,0.17989021956087825,0.4634560939031114
6436,0.003992015968063872,0.011578835842503262
6437,0.008233532934131737,0.00013678769042861579
6438,0.08333333333333333,0.6237287511887929
6439,0.26746506986027946,0.6394749904923007
6440,0.003243512974051896,0.018695441954110513
6441,0.003243512974051896,0.0007187613135326773
6442,0.000998003992015968,0.005237454517171904
6443,0.19461077844311378,0.79290993223288
6444,0.002245508982035928,7.510689085034511e-05
6445,0.17714570858283432,0.7545584996784391
6446,0.3263473053892216,0.6860806483182746
6449,0.005239520958083832,0.0
6450,0.000499001996007984,2.093722737103673e-05
6453,0.000249500998003992,0.0
6454,0.2991516966067864,0.8705466081545319
6456,0.001746506986027944,4.524895831255932e-06
6457,0.2624750499001996,0.891329445653748
6458,0.2619760479041916,0.8913785746581068
6459,0.0014970059880239522,0.0
6460,0.26497005988023953,0.8886666174476278
6461,0.002245508982035928,1.8657814216622572e-05
6462,0.013223552894211578,0.441602629082427
6463,0.0007485029940119761,0.0
6465,0.015219560878243513,0.03027195049558145
6466,0.04266467065868264,0.4589074592657604
6467,0.18912175648702595,0.9462959870291762
6468,0.4086826347305389,0.7362223206674521
6469,0.000499001996007984,0.0
6470,0.26422155688622756,0.9313198377386351
6471,0.003243512974051896,0.0
6472,0.2839321357285429,0.9313835774924066
6473,0.27694610778443113,0.7505397851254283
6474,0.00249500998003992,0.0006856951477770141
6476,0.009231536926147704,0.5022095754257991
6477,0.000499001996007984,0.0
6479,0.3066367265469062,0.989734099540272
6480,0.1337325349301397,0.9999978538638072
6482,0.012724550898203593,0.18644385456337484
6484,0.20334331337325348,0.9313928074031489
6485,0.04940119760479042,0.9987920339740286
6486,0.0007485029940119761,0.9999999999894293
6488,0.00249500998003992,0.0
6490,0.18987025948103792,0.9333232892323873
6491,0.2028443113772455,0.7026716748616542
6492,0.2030938123752495,0.930504501029875
6493,0.0531437125748503,0.883954554884693
6496,0.000249500998003992,0.0
6497,0.000499001996007984,0.0005778473719836294
6498,0.20409181636726548,0.9157358569550342
6499,0.10479041916167664,0.8890876415926895
6500,0.10479041916167664,0.8890876468896666
6501,0.027944111776447105,0.4726184876436453
6502,0.2028443113772455,0.915999278833947
6503,0.000249500998003992,0.0
6504,0.20234530938123751,0.916585274156743
6505,0.04216566866267465,0.46331875547142726
6506,0.003493013972055888,0.0
6507,0.18987025948103792,0.9303897987854521
6508,0.001996007984031936,0.0
6509,0.00873253493013972,0.9998388410781542
6511,0.20783433133732535,0.8964621565430783
6512,0.000249500998003992,0.0
6514,0.0062375249500998,0.018074217635725
6517,0.2025948103792415,0.9156168287752496
6520,0.0007485029940119761,0.0
6521,0.04890219560878244,0.9983311172614504
6522,0.18687624750499002,0.804704858007403
6525,0.006736526946107785,0.9999999736017873
6527,0.3600299401197605,0.5282521250814736
6529,0.005738522954091816,0.0017374930604988083
6530,0.1936127744510978,0.817067231314464
6531,0.000499001996007984,0.0
6532,0.000249500998003992,0.0
6533,0.2250499001996008,0.852249880608749
6534,0.001996007984031936,0.005406397467082842
6535,0.22554890219560877,0.851711514633098
6536,0.22554890219560877,0.851711517639543
6537,0.0007485029940119761,0.0
6538,0.03093812375249501,0.8186979490765303
6539,0.22554890219560877,0.8506500721926893
6540,0.1843812375249501,0.8530910217223521
6541,0.000249500998003992,0.0
6542,0.0014970059880239522,0.0
6543,0.00124750499001996,0.0005667362160147899
6544,0.0007485029940119761,0.0
6545,0.020958083832335328,0.810589195215296
6547,0.0124750499001996,0.0932191557008583
6548,0.0124750499001996,0.0932190967033251
6550,0.000499001996007984,0.0
6551,0.28517964071856283,0.38895422140040864
6552,0.36751497005988026,0.3359929464089253
6553,0.19286427145708582,0.9592103814323573
6554,0.24201596806387227,0.9359729399443336
6555,0.43962075848303395,0.43508631096407213
6556,0.005738522954091816,0.04012083257120771
6558,0.000249500998003992,0.0
6559,0.27869261477045904,0.36309125468785214
6560,0.36327345309381237,0.3453357750080138
6561,0.013972055888223553,0.06743177278396442
6563,0.07385229540918163,0.6195920881550527
6565,0.000249500998003992,0.0
6566,0.002245508982035928,2.002654055037439e-06
6567,0.3647704590818363,0.35278479661447726
6568,0.000499001996007984,0.0
6569,0.016966067864271458,0.1606492457782053
6570,0.2774451097804391,0.33550193685420826
6571,0.2280439121756487,0.8048006098302104
6572,0.003493013972055888,0.49497870287996437
6573,0.30538922155688625,0.7374317017926891
6574,0.015219560878243513,0.0004107381806552377
6576,0.015968063872255488,0.04889945797376744
6577,0.019461077844311378,0.10478319392700591
6578,0.1631736526946108,0.19525230158674847
6580,0.016467065868263474,0.2639022744451336
6581,0.000249500998003992,0.0
6583,0.01347305389221557,0.379366093081377
6584,0.0037425149700598802,0.7489880462272026
6585,0.4760479041916168,0.887002289307399
6586,0.156437125748503,0.6939448372311778
6587,0.004740518962075849,0.00010879699957023325
6588,0.01721556886227545,0.7191791452048865
6589,0.000249500998003992,0.0
6591,0.15543912175648703,0.6988550288832512
6592,0.16167664670658682,0.9228430798378843
6594,0.2467564870259481,0.5501683805009604
6595,0.15518962075848303,0.8905983241005018
6596,0.16142714570858283,0.9361472090314963
6597,0.1624251497005988,0.922689944086746
6598,0.1626746506986028,0.9226876300957032
6599,0.11601796407185629,0.6204456595933585
6600,0.01621756487025948,0.7174088826835028
6602,0.00998003992015968,0.5042191906538067
6603,0.4134231536926148,0.8108729734230719
6604,0.005239520958083832,0.7158088593476191
6605,0.48003992015968067,0.9698073939620534
6606,0.04341317365269461,0.13096586082643344
6607,0.16192614770459082,0.9507627744855821
6608,0.014970059880239521,0.719098355799855
6609,0.000499001996007984,0.0
6610,0.001996007984031936,0.012960788139428763
6611,0.08682634730538923,0.8485342590902841
6612,0.002245508982035928,0.0
6614,0.02470059880239521,0.04554594811213376
6615,0.0007485029940119761,0.0
6616,0.000249500998003992,0.0
6618,0.002245508982035928,0.33806294996624975
6619,0.002245508982035928,0.3380629505269031
6620,0.11976047904191617,0.6307429937258119
6621,0.41916167664670656,0.9573121781601129
6622,0.22579840319361277,0.8998400966008275
6624,0.22629740518962077,0.8995714036905205
6625,0.000499001996007984,0.0
6626,0.061377245508982034,0.8497136961614827
6627,0.000249500998003992,0.0
6628,0.0029940119760479044,0.2558066958763473
6629,0.08682634730538923,0.8476074610840525
6630,0.000998003992015968,0.0
6631,0.18787425149700598,0.9196131346099315
6632,0.00124750499001996,0.0
6633,0.0721057884231537,0.956228134540349
6634,0.001996007984031936,0.104497353262342
6635,0.0042415169660678645,0.001744158649595283
6636,0.001996007984031936,0.9788165752375447
6640,0.49750499001996007,0.985475068082828
6641,0.25673652694610777,0.8175479472315527
6642,0.00499001996007984,1.884094362744493e-05
6643,0.08233532934131736,0.7050017274204354
6644,0.09755489021956087,0.769000073173179
6645,0.01122754491017964,0.7900505876663051
6646,0.17090818363273452,0.8019069803061645
6647,0.3158682634730539,0.893323387618616
6648,0.12050898203592815,0.7192861390016938
6649,0.07035928143712575,0.960252160067278
6650,0.09705588822355289,0.7454780672411758
6651,0.07035928143712575,0.9602521588454095
6652,0.07035928143712575,0.9806499111946831
6653,0.2345309381237525,0.9632927267973098
6654,0.004491017964071856,0.10342008855358799
6655,0.000499001996007984,0.0
6656,0.08383233532934131,0.9746245757691987
6657,0.21706586826347304,0.9615450031801591
6658,0.23053892215568864,0.9553773288592687
6659,0.000499001996007984,0.0
6660,0.005738522954091816,0.4961160876304096
6661,0.16741516966067865,0.9848039811282837
6662,0.001746506986027944,0.9679111734936697
6664,0.003243512974051896,0.2657058423551596
6665,0.26047904191616766,0.9141622571551263
6667,0.20733532934131738,0.6864979551695637
6669,0.05114770459081836,0.06845236340248498
6670,0.2345309381237525,0.9878281877685698
6671,0.002245508982035928,0.017353269697132002
6672,0.4630738522954092,0.8973850948881621
6673,0.2377744510978044,0.9763272879703436
6674,0.4328842315369261,0.9698817614836356
6675,0.000499001996007984,0.0
6676,0.23353293413173654,0.9999919214746708
6677,0.000249500998003992,3.081029253957981e-05
6679,0.1220059880239521,0.6968240940943943
6680,0.12250499001996008,0.6928960099040674
6681,0.12400199600798403,0.7019954804020649
6682,0.000249500998003992,0.0
6683,0.22330339321357284,0.9591568405067279
6685,0.3171157684630739,0.9220478951847816
6686,0.000499001996007984,0.0
6687,0.34555888223552894,0.9547341449723163
6688,0.3278443113772455,0.8608287213842517
6689,0.08507984031936128,0.6769881415109961
6690,0.006487025948103792,0.21801247870519716
6691,0.000499001996007984,0.0
6694,0.16816367265469062,0.9999999805073075
6695,0.2624750499001996,0.8961902127264485
6696,0.030189620758483034,0.04188483185936399
6697,0.25349301397205587,0.8813235687367617
6699,0.0007485029940119761,0.0
6700,0.16841317365269462,0.9999999475153298
6701,0.42989021956087825,0.9920991010107086
6702,0.16841317365269462,0.999999947515323
6704,0.000249500998003992,0.0
6705,0.001996007984031936,0.21869530691830216
6707,0.49925149700598803,0.8958024572738401
6709,0.030189620758483034,0.040901376279254255
6711,0.23253493013972057,0.8507420577047162
6713,0.08408183632734531,0.6235255510781041
6715,0.12749500998003993,0.9666749993987249
6716,0.06836327345309381,0.6996353786084751
6717,0.000499001996007984,0.0
6718,0.44835329341317365,0.991098011501387
6719,0.0007485029940119761,0.0
6720,0.015219560878243513,0.09424003555893799
6721,0.01222554890219561,0.0012016520146448896
6722,0.43862275449101795,0.9957651525275532
6723,0.18188622754491018,0.9679196024373058
6725,0.000998003992015968,0.017346343200914025
6726,0.000249500998003992,2.694872073152112e-05
6728,0.000249500998003992,0.0
6729,0.06786427145708583,0.700136982047355
6730,0.000249500998003992,0.0
6731,0.000499001996007984,0.0
6732,0.20384231536926148,0.8429615387854019
6733,0.07684630738522955,0.973953416623856
6734,0.3380738522954092,0.9640558030886293
6735,0.025199600798403193,0.22848598946771217
6736,0.2085828343313373,0.8951535872745866
6739,0.2662175648702595,0.8822412380308456
6740,0.014221556886227544,0.07606647469097785
6741,0.20808383233532934,0.8952287408688816
6742,0.41566866267465075,0.9856199843331273
6743,0.3033932135728543,0.8933213688223929
6744,0.3358283433133733,0.9827854387764792
6745,0.000499001996007984,0.0
6747,0.0014970059880239522,0.02246451708566205
6748,0.13498003992015967,0.8720376908474757
6749,0.12874251497005987,0.24003279146263828
6751,0.000249500998003992,0.0
6755,0.2120758483033932,0.9108385884672765
6756,0.1407185628742515,0.9237180570825194
6757,0.1407185628742515,0.9237180562469915
6759,0.25523952095808383,0.9322651024239522
6760,0.1407185628742515,0.9082107454377735
6761,0.07984031936127745,0.9960773163998551
6765,0.3390718562874252,0.5632584534894866
6767,0.0054890219560878245,0.9988962566931868
6768,0.014221556886227544,0.03888681762945508
6769,0.000249500998003992,0.0
6770,0.001746506986027944,2.407268315036922e-05
6771,0.08782435129740519,0.7907210752855405
6772,0.020459081836327345,0.012372342750681048
6773,0.00873253493013972,0.06554337784925769
6774,0.005738522954091816,0.0061809749100754235
6776,0.000249500998003992,0.0
6777,0.00873253493013972,0.9999999873927232
6779,0.003992015968063872,0.3634526194680202
6780,0.000499001996007984,0.0
6781,0.000249500998003992,0.0
6782,0.001746506986027944,0.09819628971690934
6783,0.0014970059880239522,7.640814025059545e-07
6784,0.2437624750499002,0.5283298973308963
6786,0.1347305389221557,0.9547103202422814
6787,0.03967065868263473,0.642463098922934
6788,0.12974051896207583,0.9233123473430717
6789,0.00124750499001996,0.0
6790,0.000499001996007984,0.0
6791,0.14196606786427146,0.797105898021298
6792,0.13073852295409183,0.9999999771256588
6793,0.004740518962075849,0.0
6795,0.000499001996007984,0.0
6796,0.0042415169660678645,0.020171661962559154
6797,0.000249500998003992,0.0
6798,0.001746506986027944,0.11984096740820023
6799,0.000499001996007984,0.03139202797489742
6800,0.0007485029940119761,0.0
6803,0.0007485029940119761,0.0
6804,0.10454091816367266,0.9999999992887292
6808,0.10528942115768464,0.9995747214167916
6809,0.11901197604790419,0.8492792142797051
6810,0.000249500998003992,0.0
6811,0.046906187624750496,0.19627560328657678
6813,0.1282435129740519,0.7917413965400503
6815,0.05538922155688623,0.21663097423130745
6818,0.0042415169660678645,0.3813979225850573
6819,0.11501996007984032,0.4110969113701491
6821,0.0054890219560878245,0.6657995497214299
6822,0.000499001996007984,0.0
6823,0.2694610778443114,0.6707532394231847
6824,0.006487025948103792,0.23881938547739592
6825,0.2694610778443114,0.6707532374469893
6826,0.2694610778443114,0.6707532476296155
6827,0.014221556886227544,0.25775546343585654
6829,0.0007485029940119761,0.0024987618038642355
6830,0.00124750499001996,1.3554417008769769e-06
6831,0.12125748502994012,0.7935638299886374
6832,0.000249500998003992,0.0
6833,0.007984031936127744,0.11354098824854597
6834,0.001746506986027944,0.10963545857382063
6835,0.2694610778443114,0.6706500075624133
6836,0.09231536926147704,0.9076314422258296
6837,0.00249500998003992,0.007094401718614488
6838,0.00124750499001996,0.00015121720904345742
6839,0.27020958083832336,0.6709003578615761
6842,0.26746506986027946,0.663190228108858
6843,0.000249500998003992,0.0
6844,0.016966067864271458,0.012737032878488657
6845,0.001996007984031936,0.0
6846,0.0029940119760479044,0.15936513313439638
6848,0.0007485029940119761,0.9999993111930927
6849,0.000998003992015968,0.053634738249593944
6851,0.000249500998003992,8.04050980244376e-05
6852,0.1314870259481038,0.4493061886660671
6853,0.000499001996007984,0.0
6854,0.15893213572854292,0.9749272402861477
6855,0.000249500998003992,0.0
6857,0.16417165668662675,0.7033982923973646
6858,0.000249500998003992,0.0
6859,0.0054890219560878245,6.414435468840064e-06
6861,0.002245508982035928,0.0
6862,0.2537425149700599,0.7639024540284332
6863,0.1467065868263473,0.7716888619874168
6864,0.3413173652694611,0.7823014512258429
6865,0.12075848303393213,0.9292741320704113
6866,0.37200598802395207,0.829355478223473
6868,0.000998003992015968,0.0
6869,0.0027445109780439123,0.18966034362864298
6870,0.000249500998003992,0.0
6871,0.0029940119760479044,0.0
6872,0.39246506986027946,0.7935538148751795
6873,0.020708582834331336,0.7224542668547929
6874,0.0014970059880239522,0.0
6875,0.015718562874251496,0.1574156288325806
6876,0.000499001996007984,0.031391992053200916
6877,0.3944610778443114,0.8018529607909083
6878,0.1506986027944112,0.8379464925574005
6880,0.38547904191616766,0.8110318811667977
6881,0.11976047904191617,0.9764018794095548
6882,0.08682634730538923,0.9218015514667008
6883,0.3939620758483034,0.8017963172366497
6884,0.020459081836327345,0.060019345892197616
6889,0.013722554890219561,0.24585709649439552
6890,0.3096307385229541,0.746767342661023
6891,0.00249500998003992,0.0
6893,0.0074850299401197605,0.039658724762623554
6894,0.002245508982035928,0.05749553783032463
6896,0.0007485029940119761,0.0
6897,0.000998003992015968,4.038010552785982e-06
6898,0.005738522954091816,0.15343532877515115
6899,0.12574850299401197,0.9722176009471023
6900,0.00249500998003992,0.0
6901,0.13522954091816367,0.9419052756530564
6902,0.000499001996007984,0.0
6904,0.004740518962075849,0.004741583746758673
6906,0.000499001996007984,0.0
6907,0.024201596806387227,0.011775801192080606
6908,0.000499001996007984,0.0
6909,0.0007485029940119761,0.5145013048472894
6910,0.000499001996007984,0.0
6911,0.1277445109780439,0.9884309640896316
6912,0.08932135728542914,0.991071396046477
6913,0.12674650698602793,0.9942382306550047
6915,0.003992015968063872,0.033649344741131966
6916,0.008233532934131737,0.7957665692022974
6917,0.10029940119760479,0.9405661876286545
6918,0.0007485029940119761,0.0
6919,0.14595808383233533,0.9180450272990744
6921,0.001746506986027944,0.0008741069021221841
6923,0.000499001996007984,6.88889185367163e-05
6926,0.006986027944111776,0.0
6927,0.0014970059880239522,0.0523436380177791
6928,0.3917165668662675,0.9999764757551426
6930,0.3917165668662675,0.9833596012183907
6933,0.003992015968063872,0.033649329273853355
6934,0.003243512974051896,0.09301871816336867
6935,0.003243512974051896,0.0
6936,0.125499001996008,0.9718586219793284
6937,0.000499001996007984,1.617649306262651e-05
6938,0.000499001996007984,0.0
6939,0.10204590818363274,0.9345170794352077
6941,0.006736526946107785,0.9999998552743147
6942,0.21057884231536927,0.953794898300992
6943,0.000249500998003992,0.0
6944,0.12674650698602793,0.9999615623428467
6945,0.12699600798403193,0.9997361898407332
6946,0.09505988023952096,0.9613289940139518
6947,0.00124750499001996,0.0
6949,0.000249500998003992,0.0
6950,0.375,0.9892154135200416
6951,0.003493013972055888,0.0028647116727412484
6952,0.38822355289421157,0.9927673787577048
6954,0.11626746506986028,0.9993162322437353
6956,0.10703592814371257,0.803895104007252
6957,0.1157684630738523,0.9996591741892484
6958,0.11452095808383234,0.9999664514529314
6959,0.0014970059880239522,0.0
6960,0.028193612774451097,0.651319777057731
6961,0.03842315369261477,0.7670529314304039
6962,0.10703592814371257,0.7865273344905772
6963,0.09830339321357286,0.9084817782434781
6964,0.000499001996007984,0.0
6965,0.1155189620758483,0.9817355135540033
6966,0.015219560878243513,0.9839345022881147
6967,0.11402195608782435,0.9851825669579766
6969,0.10678642714570859,0.8038637057474995
6970,0.000249500998003992,0.0
6971,0.000499001996007984,0.0
6972,0.00124750499001996,0.0
6973,0.000249500998003992,0.0
6975,0.00124750499001996,0.00016574594778836078
6977,0.000249500998003992,0.0
6980,0.0014970059880239522,0.0
6982,0.32110778443113774,0.999994659227349
6983,0.3216067864271457,0.9990467973125997
6986,0.00499001996007984,3.736703078566885e-08
6987,0.000249500998003992,0.0
6988,0.000499001996007984,0.0
6989,0.000249500998003992,0.0
6990,0.00249500998003992,0.24497186335348006
6991,0.05239520958083832,0.5580326860952557
6992,0.09955089820359281,0.6784828657823986
6994,0.18163672654690619,0.6814713248164587
6995,0.000998003992015968,0.3247298689175064
6996,0.05414171656686627,0.5331179228996521
6998,0.0007485029940119761,0.2381909548310762
6999,0.008982035928143712,0.033664975028646085
7000,0.000499001996007984,0.0
7001,0.000249500998003992,0.0
7005,0.000249500998003992,0.0
7007,0.000249500998003992,0.0
7009,0.35578842315369263,0.4687989515128276
7010,0.13922155688622753,0.8602375316258011
7012,0.13972055888223553,0.8458192292066253
7013,0.3587824351297405,0.8532345500686807
7016,0.000249500998003992,0.0
7017,0.000249500998003992,0.0
7018,0.3620259481037924,0.8348442864951164
7020,0.36327345309381237,0.8348843852948269
7021,0.49975049900199603,0.6898207868609967
7022,0.000499001996007984,0.0
7024,0.11676646706586827,0.592132355878799
7025,0.01222554890219561,0.02719094518714172
7026,0.000249500998003992,0.0
7028,0.0007485029940119761,0.025173820381444615
7030,0.27719560878243515,0.7758146300238274
7032,0.0007485029940119761,0.025173826610710354
7033,0.35429141716566864,0.8141138200911916
7034,0.000249500998003992,0.0
7035,0.015219560878243513,0.24742551824787476
7036,0.40494011976047906,0.8375923122082677
7039,0.06986027944111776,0.7866868523360354
7040,0.000249500998003992,0.0
7042,0.3350798403193613,0.9279321759988469
7043,0.001746506986027944,0.0
7045,0.2405189620758483,0.9792737963325423
7046,0.2402694610778443,0.9895172970400451
7047,0.000998003992015968,0.9999999994373103
7048,0.009481037924151697,0.0867222504477069
7049,0.311626746506986,0.935539861230575
7051,0.0007485029940119761,0.9999853336877641
7052,0.08383233532934131,0.9466954444045743
7053,0.006487025948103792,0.006877106333581256
7054,0.000249500998003992,0.0
7055,0.000249500998003992,0.0
7057,0.000249500998003992,0.0
7058,0.30988023952095806,0.9003722835468494
7059,0.000249500998003992,0.0
7060,0.06412175648702595,0.89936878611961
7061,0.35404191616766467,0.9385425980022554
7062,0.000249500998003992,0.0
7064,0.000249500998003992,0.0
7065,0.002245508982035928,0.00030810322759062587
7066,0.000249500998003992,0.0
7068,0.000249500998003992,0.0
7069,0.44560878243512975,0.9338446542978541
7071,0.000249500998003992,0.0
7072,0.001746506986027944,0.0009175190244574653
7073,0.000499001996007984,0.0
7074,0.4441117764471058,0.9425974119000803
7075,0.4473552894211577,0.9569849838320171
7076,0.4481037924151697,0.9569333162784147
7077,0.0029940119760479044,0.0
7078,0.000249500998003992,0.007048740239509055
7079,0.004740518962075849,0.2636620850110394
7080,0.15718562874251496,0.9335575139598558
7081,0.000249500998003992,0.0
7082,0.4583333333333333,0.9348957503086028
7084,0.4463572854291417,0.9928131368065268
7086,0.0007485029940119761,0.0
7090,0.000499001996007984,0.0
7091,0.007984031936127744,0.2350966013050945
7093,0.3907185628742515,0.9999999463589049
7094,0.14146706586826346,0.9283200521660105
7095,0.000499001996007984,0.0
7096,0.38897205588822353,0.9999999618898433
7097,0.38872255489021956,0.999999967625113
7098,0.4194111776447106,0.9551644199588726
7099,0.3907185628742515,0.9999966526674507
7101,0.3907185628742515,0.9998203250370562
7102,0.3907185628742515,0.9998203247480429
7103,0.38897205588822353,0.9999919608506478
7104,0.000998003992015968,0.011683200010692245
7105,0.00499001996007984,0.08589940252894494
7106,0.38872255489021956,0.9999985637089511
7107,0.38922155688622756,0.9994693125699879
7108,0.38897205588822353,0.9978970134493135
7111,0.38822355289421157,0.9990845395965463
7112,0.000249500998003992,0.0
7113,0.0014970059880239522,0.0
7114,0.12749500998003993,0.9758166795131207
7115,0.000249500998003992,0.0
7116,0.031686626746506984,0.6556456675700015
7117,0.3879740518962076,0.9990317196571183
7119,0.3874750499001996,0.9917652188845656
7120,0.000249500998003992,0.0
7122,0.24476047904191617,0.9767907165167047
7123,0.002245508982035928,0.0
7124,0.000249500998003992,0.0
7125,0.38073852295409183,0.9526554849411035
7126,0.000249500998003992,0.0
7128,0.24476047904191617,0.976790716107212
7129,0.24525948103792417,0.9767456023480445
7130,0.000499001996007984,0.0
7131,0.13048902195608783,0.9844268530197157
7135,0.24476047904191617,0.976789638881969
7136,0.4593313373253493,0.9538289092722612
7137,0.37574850299401197,0.9916850491364348
7138,0.375998003992016,0.9999994070482519
7139,0.000249500998003992,0.0
7140,0.374001996007984,0.9999966947089295
7141,0.000249500998003992,0.0
7142,0.37425149700598803,0.9923001510631987
7144,0.000249500998003992,0.0
7146,0.2435129740518962,0.9563832120221459
7147,0.4595808383233533,0.9380307023891912
7150,0.003243512974051896,0.08152773338735439
7151,0.41691616766467066,0.9757132676291106
7152,0.00124750499001996,0.033774125161553085
7155,0.48278443113772457,0.7904167021475508
7157,0.4752994011976048,0.8071811587335455
7158,0.0037425149700598802,1.125745431853587e-05
7159,0.49401197604790414,0.604379244286774
7160,0.05414171656686627,0.3215655558503619
7161,0.000249500998003992,0.0
7162,0.000499001996007984,0.0
7163,0.1691616766467066,0.444958822564336
7164,0.07909181636726546,0.6154793655969434
7165,0.48103792415169666,0.5373344846361234
7166,0.000249500998003992,0.0
7167,0.2125748502994012,0.4884911734576758
7168,0.000499001996007984,1.616607448059564e-05
7170,0.07085828343313373,0.7082408267334755
7171,0.046656686626746505,0.9999650753930995
7172,0.4673153692614771,0.5530330776313941
7173,0.4728043912175649,0.5396181289232039
7174,0.405439121756487,0.3443227515931276
7175,0.17939121756487025,0.4248666273078069
7176,0.000249500998003992,0.0
7178,0.007984031936127744,0.1968308604029218
7180,0.002245508982035928,0.15461455383309616
7181,0.000499001996007984,0.0
7182,0.001746506986027944,0.03577529013875873
7183,0.1309880239520958,0.3713453217433987
7184,0.000249500998003992,0.0
7185,0.4812874251497006,0.48133095666924003
7186,0.000499001996007984,0.0
7187,0.00873253493013972,0.1888214313825082
7188,0.4760479041916168,0.6694710779163456
7190,0.4488522954091816,0.5655714577271571
7191,0.000249500998003992,0.0
7192,0.000249500998003992,0.0
7193,0.000249500998003992,0.0
7194,0.00249500998003992,0.0
7195,0.000249500998003992,0.0
7196,0.000499001996007984,0.0
7197,0.3867265469061876,0.735799878778953
7199,0.007235528942115769,0.9953618740608527
7200,0.000249500998003992,0.0
7201,0.000249500998003992,0.0
7202,0.00249500998003992,0.6944096168681978
7203,0.000249500998003992,0.0
7204,0.000249500998003992,0.0
7205,0.0007485029940119761,0.23523885314119464
7206,0.36551896207584833,0.7502176514867315
7207,0.006736526946107785,0.9894201387549986
7209,0.36352295409181634,0.767715775357354
7210,0.12799401197604787,0.642538044150747
7211,0.000249500998003992,0.0
7213,0.000249500998003992,0.0
7214,0.04940119760479042,0.6667047461157004
7216,0.0027445109780439123,0.7106849232342698
7217,0.000249500998003992,0.0
7218,0.000499001996007984,0.0
7219,0.003493013972055888,0.4406742567477825
7221,0.000249500998003992,0.0
7222,0.000249500998003992,0.0
7223,0.000249500998003992,0.0
7224,0.062624750499002,0.7383945334239467
7225,0.0007485029940119761,0.0
7226,0.018463073852295408,0.1557513016466511
7227,0.23228542914171657,0.9256654196733762
7228,0.008483033932135729,0.015745704049528388
7229,0.000249500998003992,0.0
7231,0.000249500998003992,0.0
7232,0.0037425149700598802,0.013855390695116472
7233,0.002245508982035928,0.15888236316819437
7234,0.04216566866267465,0.872924018921556
7235,0.000249500998003992,0.0
7236,0.0007485029940119761,0.5071134041329951
7238,0.09630738522954092,0.5957263491590553
7239,0.000499001996007984,0.0013691003734245906
7240,0.09605788423153692,0.6099305236985045
7241,0.000998003992015968,0.033254642897419556
7242,0.2310379241516966,0.9382335246333671
7245,0.0027445109780439123,0.7106849501923543
7246,0.000499001996007984,0.0
7247,0.000499001996007984,0.0
7248,0.002245508982035928,2.455079591832076e-07
7250,0.001996007984031936,0.0
7251,0.041666666666666664,0.9942448490767285
7252,0.000249500998003992,0.0
7253,0.001996007984031936,0.0
7254,0.0007485029940119761,0.0
7256,0.001996007984031936,0.0
7257,0.10379241516966067,0.6852842503853768
7258,0.000249500998003992,0.0
7259,0.000249500998003992,0.0
7260,0.10429141716566866,0.7335120034292356
7261,0.000249500998003992,0.0
7262,0.08632734530938124,0.7320625341796022
7263,0.06487025948103792,0.6200193137289014
7264,0.09456087824351297,0.9991727331243069
7266,0.0062375249500998,0.9949794200235896
7268,0.000998003992015968,0.024174420084663313
7269,0.000249500998003992,0.0
7270,0.000249500998003992,0.0
7271,0.014221556886227544,0.35350135706260816
7274,0.003992015968063872,0.0
7276,0.24426147704590817,0.9560685750360627
7277,0.25773453093812376,0.8549513964131784
7278,0.09780439121756487,0.9999067566655011
7279,0.3290918163672655,0.9126737513030216
7280,0.001996007984031936,0.331577785452186
7281,0.32934131736526945,0.9127176092294008
7282,0.000249500998003992,0.0
7283,0.003243512974051896,0.0535050893180076
7286,0.11377245508982035,0.8568216678668665
7287,0.49525948103792417,0.9981338519657289
7290,0.09206586826347306,0.9526343733782748
7291,0.00124750499001996,0.24315684772757137
7293,0.033932135728542916,0.06251127289100303
7296,0.000249500998003992,0.0
7297,0.4655688622754491,0.9871101929916606
7299,0.09331337325349301,0.9393830698700075
7300,0.09356287425149701,0.9394222793549886
7301,0.09356287425149701,0.9394222827903982
7302,0.4922654690618763,0.9962037411662218
7303,0.09356287425149701,0.918316123507186
7304,0.000249500998003992,0.0
7305,0.09356287425149701,0.9183344964498534
7306,0.09256487025948104,0.9182125990070631
7307,0.005239520958083832,0.1716989389637512
7308,0.000249500998003992,0.0
7309,0.003493013972055888,0.0005478328502079657
7311,0.0187125748502994,0.16295604162273195
7312,0.0074850299401197605,0.9861650454915444
7315,0.468562874251497,0.9879557526747508
7316,0.000998003992015968,0.9999843285730454
7317,0.008233532934131737,0.2732537734976756
7318,0.16741516966067865,0.9804195706639738
7319,0.08408183632734531,0.9822725177554451
7321,0.1377245508982036,0.5160854272242502
7322,0.025449101796407185,0.49175467614318796
7323,0.13672654690618763,0.9385466887096222
7324,0.4977544910179641,0.9667190821127027
7325,0.07335329341317365,0.49531468677788015
7326,0.000249500998003992,0.0
7327,0.004491017964071856,0.0
7328,0.36402195608782434,0.9576163430392095
7329,0.001746506986027944,0.0
7330,0.000998003992015968,0.0
7331,0.15169660678642716,0.976128556862239
7332,0.15244510978043913,0.977951671769934
7334,0.45109780439121755,0.9917097380912694
7335,0.499001996007984,0.9919557530520249
7336,0.4513473053892216,0.9994248216616198
7337,0.000998003992015968,0.015653975993157897
7339,0.000249500998003992,0.0
7340,0.44935129740518964,0.9864766193359125
7341,0.000249500998003992,0.0
7342,0.4505988023952096,0.991689223842137
7344,0.000998003992015968,0.0
7345,0.00873253493013972,0.0024448817277350995
7349,0.000499001996007984,0.0
7350,0.006487025948103792,0.47499647957336516
7351,0.45159680638722555,0.9923248608826194
7352,0.16117764471057885,0.9583703522708822
7355,0.000249500998003992,0.0
7356,0.15119760479041916,0.9750242368724812
7357,0.002245508982035928,0.0
7358,0.18662674650698602,0.9700312615286898
7359,0.4505988023952096,0.9910654561181775
7361,0.00124750499001996,8.16597132956299e-05
7362,0.0007485029940119761,0.3319916787759205
7363,0.0249500998003992,0.657790995946464
7364,0.000499001996007984,0.0
7365,0.21107784431137724,0.9350056564998042
7366,0.21132734530938124,0.934985471714105
7367,0.4925149700598802,0.9934232529727126
7368,0.005988023952095809,0.796747951529723
7372,0.4837824351297405,0.9999467357064573
7373,0.18013972055888225,0.9948506265370552
7376,0.000249500998003992,0.0
7378,0.4276447105788423,0.9738631595660637
7381,0.000249500998003992,0.0
7383,0.2312874251497006,0.9962994674638854
7384,0.000249500998003992,0.0
7385,0.000249500998003992,0.0
7386,0.2213073852295409,0.999856502443835
7387,0.0014970059880239522,0.0
7388,0.001996007984031936,0.9999994703527484
7389,0.42714570858283435,0.9807544868041408
7391,0.19411177644710578,0.9973215904896549
7393,0.0007485029940119761,0.0
7394,0.2215568862275449,0.9999999951963745
7395,0.001996007984031936,0.0
7397,0.000499001996007984,0.0
7398,0.0042415169660678645,7.294872383017642e-07
7399,0.19386227544910178,0.9991622965297173
7400,0.22380239520958084,0.9698376924775067
7401,0.003493013972055888,0.00024850421099929614
7402,0.19411177644710578,0.9991592170254971
7404,0.0007485029940119761,5.960121527672512e-05
7405,0.43637724550898205,0.9741737500097184
7406,0.2058383233532934,0.994032093125891
7407,0.43587824351297405,0.9739469760934649
7408,0.23502994011976047,0.9929371225386748
7409,0.000249500998003992,0.0
7410,0.20184630738522955,0.999599426506386
7411,0.000249500998003992,0.0
7415,0.2123253493013972,0.99498679683251
7416,0.4643213572854291,0.9816516175521806
7417,0.009730538922155689,0.9957255335953088
7418,0.21382235528942115,0.9999674083933308
7420,0.007734530938123752,0.005268117542338201
7421,0.0014970059880239522,0.9999999792405424
7423,0.48627744510978044,0.9839068440130244
7427,0.20184630738522955,0.9998858705625884
7428,0.1499500998003992,0.9999833952799415
7429,0.48403193612774453,0.9999442610775832
7430,0.20209580838323354,0.999571202033277
7431,0.20184630738522955,0.9995994269483217
7433,0.20184630738522955,0.9995994272009061
7434,0.19211576846307385,0.9936348717505163
7435,0.0007485029940119761,0.0
7436,0.22080838323353294,0.9366299302877037
7437,0.2282934131736527,0.9890637453150058
7438,0.007984031936127744,0.46050242024996363
7439,0.22904191616766467,0.9999999979258867
7441,0.4842814371257485,0.9999439699117133
7442,0.2282934131736527,0.9999999927647447
7443,0.000499001996007984,0.0
7444,0.000249500998003992,0.0
7446,0.20184630738522955,0.9995994263801157
7447,0.4837824351297405,0.9999467357720688
7449,0.000249500998003992,0.0
7450,0.4301397205588822,0.9843284443495852
7451,0.218812375249501,0.9938662065911006
7452,0.43038922155688625,0.9843288233222757
7453,0.43038922155688625,0.9843288253837065
7454,0.000249500998003992,0.0
7455,0.4301397205588822,0.9843284402874516
7456,0.4301397205588822,0.9843284457811436
7457,0.4301397205588822,0.9843284462342884
7458,0.20184630738522955,0.9995994272008843
7460,0.008233532934131737,0.8981669729676699
7461,0.000249500998003992,0.0
7462,0.0014970059880239522,0.0
7463,0.43038922155688625,0.98432745715889
7464,0.4296407185628742,0.9797867454653375
7466,0.009231536926147704,0.9520803547826171
7468,0.4301397205588822,0.9843284395009154
7469,0.010978043912175649,0.28405774811212453
7471,0.4301397205588822,0.9843284394776196
7473,0.48353293413173654,0.9999439536902291
7475,0.008982035928143712,0.08947710139989436
7476,0.0027445109780439123,0.9890351390700329
7477,0.19386227544910178,0.9878486503577827
7478,0.00124750499001996,0.0
7479,0.06536926147704591,0.6954592871071882
7480,0.004491017964071856,0.9882479673582516
7481,0.4241516966067864,0.9842517474852268
7482,0.0029940119760479044,0.0
7484,0.42240518962075846,0.9840612336008641
7485,0.000249500998003992,0.0
7486,0.4159181636726547,0.9998776454786551
7487,0.21706586826347304,0.9822487409608032
7488,0.4161676646706587,0.9998781229786473
7490,0.41791417165668665,0.9999999878651915
7493,0.4176646706586826,0.9999999977749094
7495,0.001996007984031936,7.193371861374863e-05
7496,0.0007485029940119761,0.0
7498,0.00873253493013972,0.5651536274202691
7499,0.06511976047904192,0.6949045512034231
7501,0.0029940119760479044,0.9860842371824452
7503,0.0007485029940119761,0.0001796677638299228
7504,0.4106786427145709,0.9264570414487532
7505,0.43962075848303395,0.9516643509146094
7507,0.08008982035928144,0.931873886828394
7509,0.000499001996007984,0.0
7510,0.000249500998003992,4.3448254862057695e-06
7511,0.08033932135728543,0.9533448124333489
7512,0.0014970059880239522,0.9999999792405364
7513,0.11127744510978044,0.788896499869005
7514,0.017964071856287425,0.9957912502506684
7515,0.08108782435129741,0.9533099295990128
7516,0.000499001996007984,0.0
7517,0.19011976047904192,0.883611671235868
7518,0.406936127744511,0.9647190056593707
7519,0.015718562874251496,0.9990986192960677
7520,0.000249500998003992,0.0
7524,0.3912175648702595,0.9869861767816297
7525,0.22280439121756487,0.9628398777551294
7526,0.0014970059880239522,0.0
7527,0.011726546906187624,0.9313127975648089
7528,0.015718562874251496,0.9990986198625804
7529,0.0007485029940119761,0.0
7531,0.07784431137724551,0.9994120540256207
7532,0.13522954091816367,0.9998951195749386
7533,0.41791417165668665,0.9993983961271746
7534,0.1439620758483034,0.9828019912666222
7535,0.000249500998003992,0.0
7536,0.1467065868263473,0.9572207037055472
7537,0.1439620758483034,0.9829398676889026
7538,0.005239520958083832,0.000792446493246757
7540,0.000998003992015968,0.0
7541,0.00249500998003992,0.01929966041903822
7543,0.07784431137724551,0.999412053415929
7544,0.0007485029940119761,1.3972699428234425e-05
7545,0.2248003992015968,0.9518171581299438
7546,0.22255489021956087,0.9625105027514842
7547,0.0007485029940119761,0.5020180954921446
7548,0.4748003992015968,0.9999876538296367
7549,0.07784431137724551,0.9994120531780606
7550,0.015718562874251496,0.999098620318781
7552,0.010229540918163672,0.7767406633761318
7553,0.0813373253493014,0.8587955424716341
7554,0.000249500998003992,0.0
7555,0.002245508982035928,0.5095943861087566
7558,0.4748003992015968,0.9999876538036895
7559,0.2791916167664671,0.9855029069838409
7560,0.13522954091816367,0.9774659253931564
7561,0.000499001996007984,0.0
7562,0.1439620758483034,0.9937149142175197
7564,0.05289421157684631,0.48464839245942753
7565,0.48403193612774453,0.9999378723138148
7568,0.4181636726546906,0.9999995501674053
7569,0.012724550898203593,0.7993174695335743
7570,0.001996007984031936,0.157385697740099
7572,0.4214071856287425,0.9999995629627365
7573,0.00124750499001996,0.0
7574,0.025199600798403193,0.5835808791612687
7575,0.000998003992015968,0.0
7578,0.000249500998003992,0.0
7579,0.49750499001996007,0.8628288683681498
7581,0.07385229540918163,0.9999912838133174
7582,0.07884231536926148,0.8268128713980001
7583,0.14271457085828343,0.994011602277262
7584,0.46831337325349304,0.8508733595503538
7585,0.468063872255489,0.8508419303818983
7586,0.46831337325349304,0.850873353614796
7588,0.000249500998003992,0.0
7589,0.46831337325349304,0.850873354272502
7590,0.000499001996007984,0.0
7591,0.39870259481037923,0.9834841852722961
7592,0.39845309381237526,0.9834952361532504
7593,0.0119760479041916,0.06419396726365297
7594,0.000249500998003992,0.0
7596,0.001746506986027944,0.0
7597,0.007734530938123707,0.06932968062039187
7599,0.000249500998003992,0.0
7600,0.08907185628742514,0.9740032505018347
7601,0.04341317365269461,0.8169455376291912
7603,0.058632734530938126,0.9630239416415984
7606,0.000249500998003992,0.0
7607,0.08008982035928144,0.9999999962599431
7608,0.000249500998003992,8.399278769026805e-05
7613,0.13597804391217566,0.9650147258059143
7614,0.003493013972055888,0.0
7615,0.000998003992015968,0.06673478267195901
7616,0.00124750499001996,0.0
7617,0.14296407185628743,0.9821645313884808
7618,0.026447105788423155,0.5649602943638697
7620,0.09755489021956087,0.9999999986465582
7621,0.0029940119760479044,0.0012884076281787754
7623,0.0007485029940119761,0.0
7624,0.19560878243512975,0.9999976934416057
7626,0.19560878243512975,0.9999976934416039
7628,0.015718562874251496,0.9997516001312288
7629,0.004740518962075849,0.8056234682416649
7630,0.015968063872255488,0.9999645289875547
7631,0.000499001996007984,0.0
7632,0.00249500998003992,0.07503289010187116
7633,0.24476047904191617,0.9826619701816659
7634,0.4406187624750499,0.9956848076624122
7635,0.19560878243512975,0.9999896101609465
7636,0.14296407185628743,0.9831038544869101
7637,0.24500998003992017,0.9826408664283696
7638,0.4408682634730539,0.9958198247224193
7639,0.09730538922155689,0.9999999969828102
7640,0.02719560878243513,0.6556476679605194
7641,0.015968063872255488,0.9999663257895074
7642,0.4875249500998004,0.9948734390555998
7645,0.000249500998003992,0.0
7646,0.00998003992015968,0.9782008914641308
7647,0.000998003992015968,0.0
7648,0.08408183632734531,0.9284157783317399
7649,0.013722554890219561,0.00651517304487894
7650,0.09481037924151696,0.9999999923210035
7651,0.42390219560878245,0.9986889814776639
7653,0.08333333333333333,0.9999999492788594
7654,0.18188622754491018,0.9999713290669301
7655,0.13572854291417166,0.9652017197040361
7657,0.002245508982035928,0.6679590589705577
7658,0.003243512974051896,0.0053999603976732985
7659,0.4436127744510978,0.9999888183183105
7660,0.4438622754491018,0.9999986056580075
7661,0.09730538922155689,0.9999999969828071
7664,0.001746506986027944,0.3205514462758558
7666,0.4431137724550898,0.9999998536748611
7667,0.015968063872255488,0.9999645289481157
7668,0.4431137724550898,0.9999998536749806
7669,0.000249500998003992,0.0
7670,0.005239520958083832,0.0007452259639798567
7671,0.44286427145708585,0.9999998498408519
7672,0.000499001996007984,0.0
7673,0.015968063872255488,0.9999645289650076
7674,0.00124750499001996,0.0
7675,0.000499001996007984,0.0
7676,0.000249500998003992,0.0
7677,0.009231536926147704,0.012722543277393672
7678,0.4306387225548902,0.999994206051397
7680,0.015968063872255488,0.999964528948119
7681,0.4268962075848303,0.999988560200428
7682,0.015968063872255488,0.9999645289650099
7683,0.0014970059880239522,0.007987483211857178
7685,0.49850299401197606,0.999965338210037
7686,0.13572854291417166,0.9633125622724374
7687,0.000249500998003992,0.0
7688,0.18313373253493015,0.999055397997048
7689,0.18313373253493015,0.999055397754151
7691,0.18313373253493015,0.9990553980094228
7692,0.4466067864271457,0.9999956084993072
7693,0.4466067864271457,0.999995608491809
7696,0.014471057884231538,0.07615237574378911
7697,0.4583333333333333,0.9846840029710789
7698,0.09580838323353294,0.987734091464862
7699,0.005738522954091816,0.8312074855449181
7700,0.00998003992015968,0.3387089907261093
7701,0.00249500998003992,0.01600397302804225
7704,0.000998003992015968,0.9995070186093983
7705,0.49700598802395207,0.9854658233903973
7707,0.000499001996007984,0.0
7708,0.03143712574850299,0.21516308711357005
7709,0.07460079840319361,0.9759561067114629
7710,0.0007485029940119761,0.0001019586732862253
7712,0.4772954091816367,0.9943744722044559
7713,0.011976047904191617,0.04114857016316598
7714,0.000998003992015968,0.0
7715,0.11477045908183632,0.9964065114528071
7716,0.47754491017964074,0.9943938909349507
7717,0.000249500998003992,0.0
7718,0.003243512974051896,0.009293580734257744
7719,0.0007485029940119761,0.0
7721,0.08632734530938124,0.9995610486795047
7722,0.003493013972055888,0.0
7723,0.000998003992015968,0.00013202210210946255
7724,0.046656686626746505,0.6505826307647021
7725,0.0037425149700598802,0.248620467736812
7727,0.14196606786427146,0.999975057941715
7728,0.16492015968063872,0.9354011674275486
7729,0.01347305389221557,0.7939789525169427
7730,0.001746506986027944,0.0
7731,0.4166666666666667,0.9994099668326417
7732,0.07759481037924151,0.9996928599267884
7733,0.15818363273453093,0.9838490802585227
7734,0.14296407185628743,0.9410943553053935
7735,0.1591816367265469,0.9855180254626311
7736,0.1591816367265469,0.9855140101013392
7737,0.20034930139720558,0.9846685740116259
7739,0.010728542914171657,0.9377823031278026
7740,0.000249500998003992,0.0
7741,0.0062375249500998,0.30233126173697233
7742,0.000998003992015968,0.0
7743,0.4977544910179641,0.9999844640273102
7744,0.1601796407185629,0.9334091410197578
7745,0.010229540918163672,0.0007099541945552122
7749,0.003493013972055888,0.0
7750,0.1601796407185629,0.9341738930138513
7751,0.001996007984031936,3.968697096876163e-05
7752,0.00124750499001996,0.0
7753,0.1601796407185629,0.9334091380042675
7754,0.14296407185628743,0.9999996952705493
7756,0.3181137724550898,0.9451631580289357
7757,0.14271457085828343,0.9999563704083502
7758,0.1601796407185629,0.933409139491042
7759,0.1372255489021956,0.9789445485765874
7760,0.000249500998003992,0.0
7761,0.000499001996007984,0.0
7762,0.08308383233532934,0.9703936636737486
7763,0.15743512974051896,0.9999789076219805
7765,0.13947105788423153,0.9958970731387133
7766,0.14171656686626746,0.9961625356135618
7767,0.14196606786427146,0.9959023775170138
7768,0.13947105788423153,0.9958970731385819
7769,0.0007485029940119761,0.00011411481658598771
7772,0.13972055888223553,0.9998353582127617
7773,0.005239520958083832,0.025493253219716492
7774,0.01347305389221557,0.9807004476706572
7775,0.4820359281437126,0.9523695276443584
7776,0.000249500998003992,0.0
7777,0.14895209580838323,0.9354703128763021
7778,0.13947105788423153,0.9958970731384629
7779,0.003243512974051896,0.0
7780,0.13947105788423153,0.9958970731383167
7781,0.13972055888223553,0.9985009617896979
7782,0.13972055888223553,0.9985009617896684
7783,0.000249500998003992,0.0
7784,0.13947105788423153,0.99589707313847
7785,0.13922155688622753,0.9958972019565754
7786,0.13947105788423153,0.9958970721764623
7787,0.007984031936127744,0.7761690548177252
7789,0.000249500998003992,0.0
7790,0.000249500998003992,0.0
7791,0.13847305389221556,0.9998845449613843
7792,0.00249500998003992,0.19678716860625106
7793,0.22355289421157684,0.9999999452823366
7795,0.18188622754491018,0.9999999293106935
7797,0.18188622754491018,0.9999999293106928
7799,0.002245508982035928,0.019510575977878006
7801,0.0007485029940119761,0.4989979042843736
7803,0.13872255489021956,0.98323967460297
7805,0.17290419161676646,0.9713699902122018
7806,0.13897205588822356,0.9973087187571168
7809,0.18163672654690619,0.9999999772400582
7810,0.010479041916167664,0.9981387000841829
7811,0.000499001996007984,0.0
7813,0.4620758483033932,0.9991696383224153
7815,0.003243512974051896,0.49571217709091175
7816,0.06312375249500998,0.998470975917435
7818,0.18188622754491018,0.9999999510315277
7819,0.003243512974051896,0.0
7820,0.38597804391217566,0.9999999965323656
7821,0.000249500998003992,0.0
7822,0.07235528942115768,0.9497680709490182
7823,0.000998003992015968,0.0
7824,0.07235528942115768,0.949768068307913
7825,0.001996007984031936,0.0
7826,0.0014970059880239522,0.0
7827,0.000249500998003992,0.0
7828,0.000499001996007984,0.0
7829,0.000249500998003992,0.0
7830,0.13872255489021956,0.9970949993558488
7833,0.13872255489021956,0.998871744131543
7834,0.469311377245509,0.9991601586742086
7835,0.000249500998003992,0.0
7836,0.13847305389221556,0.9998845449613821
7837,0.000499001996007984,0.0
7838,0.000249500998003992,0.0
7840,0.000998003992015968,0.2260169602587191
7841,0.13972055888223553,0.8692882873312167
7842,0.12075848303393213,0.9987332408138747
7843,0.13822355289421157,0.9998788984956409
7845,0.0007485029940119761,0.9999991935667445
7846,0.00124750499001996,0.0
7848,0.000249500998003992,4.19249251421907e-06
7850,0.34605788423153694,0.9655910413888187
7852,0.498003992015968,0.9908015472721325
7853,0.18288423153692615,0.9277715877389663
7854,0.3468063872255489,0.9579422818181781
7855,0.3473053892215569,0.9579316815789727
7856,0.000249500998003992,0.0
7858,0.1379740518962076,0.9999992299527397
7860,0.48952095808383234,0.9988091113612965
7861,0.000499001996007984,0.0
7862,0.00124750499001996,0.36832422472045045
7863,0.001746506986027944,1.772731824820859e-06
7864,0.1374750499001996,0.9999509190541398
7865,0.002245508982035928,0.2371320420527821
7867,0.000249500998003992,0.0
7868,0.00124750499001996,0.9999999661331348
7869,0.000249500998003992,9.755832934871435e-05
7870,0.043912175648702596,0.7497115436033389
7872,0.14021956087824353,0.9968504988683687
7873,0.13972055888223553,0.9968712638939
7874,0.3498003992015968,0.9923045969263353
7875,0.34555888223552894,0.9910961299539013
7878,0.5,0.9923149615396935
7879,0.000249500998003992,0.0
7880,0.000249500998003992,0.0
7881,0.49001996007984033,0.9905520669719798
7882,0.49001996007984033,0.9905520683377785
7883,0.11776447105788423,0.9529577827161722
7884,0.48952095808383234,0.9906050832890856
7885,0.07385229540918163,0.9414533702560963
7886,0.49001996007984033,0.990552068646622
7887,0.1783932135728543,0.9755120265465607
7888,0.0007485029940119761,0.0
7889,0.000499001996007984,0.0
7891,0.001746506986027944,0.9892669204126519
7894,0.49326347305389223,0.982836119181402
7895,0.000998003992015968,1.6172964375076974e-05
7896,0.001996007984031936,0.0
7897,0.000499001996007984,0.0
7898,0.12125748502994012,0.9746265331910724
7899,0.001746506986027944,1.7727237756133441e-06
7900,0.0014970059880239522,0.0
7901,0.05738522954091818,0.23648110369284397
7902,0.000499001996007984,0.0
7903,0.006736526946107785,0.9665939320373906
7904,0.000249500998003992,0.0
7905,0.46781437125748504,0.9759565061623532
7906,0.46781437125748504,0.9759798207730007
7909,0.468313373253493,0.9999999883738866
7910,0.002245508982035928,2.576168083705632e-10
7911,0.468313373253493,0.9999999669778477
7912,0.000249500998003992,0.0
7913,0.000499001996007984,8.344852896054289e-05
7914,0.0014970059880239522,0.9995118320770772
7915,0.003243512974051896,9.991728029350661e-05
7916,0.468562874251497,0.9999999680942198
7920,0.000249500998003992,0.0
7921,0.000998003992015968,0.0
7922,0.001746506986027944,0.0
7923,0.000249500998003992,0.0
7924,0.00249500998003992,0.0
7926,0.13023952095808383,0.9961676330000185
7927,0.000249500998003992,0.0
7929,0.000499001996007984,0.0
7930,0.000249500998003992,0.0
7932,0.000249500998003992,0.0
7933,0.0027445109780439123,0.6623048513881702
7934,0.470558882235529,0.9996744173204465
7935,0.46806387225548907,0.9597965091543742
7936,0.000249500998003992,0.0
7937,0.46781437125748504,0.9597965048978164
7939,0.46806387225548907,0.9597965669701399
7940,0.46806387225548907,0.9597965090743652
7942,0.000499001996007984,0.0
7944,0.470558882235529,0.9996743012101346
7945,0.14471057884231536,0.9999981710741959
7946,0.470558882235529,0.9996744173204432
7947,0.470558882235529,0.9996744174172464
7948,0.470558882235529,0.9996744173203834
7949,0.470558882235529,0.9996744171269216
7950,0.470558882235529,0.9996744172236472
7952,0.4725548902195609,0.9910295027522688
7954,0.47105788423153694,0.9910226939366809
7955,0.47105788423153694,0.9910226928895043
7956,0.47130738522954096,0.9913443415829738
7957,0.000998003992015968,0.0
7959,0.46132734530938124,0.9999999878772363
7961,0.4578343313373253,0.9579600818781444
7963,0.46132734530938124,0.9999999878772396
7967,0.001746506986027944,0.0
7968,0.156936127744511,0.9641230835070126
7970,0.46132734530938124,0.9918952377920511
7972,0.4530938123752495,0.9918422188760786
7973,0.001746506986027944,0.1023240374579781
7974,0.46232534930139724,0.9977687948163885
7976,0.3345808383233533,0.9725019777230534
7977,0.3345808383233533,0.9725019789718404
7978,0.46132734530938124,0.9999999878772383
7981,0.000249500998003992,0.0
7982,0.4638223552894212,0.9993556250989966
7983,0.00499001996007984,0.16217692556862973
7984,0.4725548902195609,0.9972182868482233
7985,0.000499001996007984,0.0
7986,0.19211576846307385,0.9500924187130217
7987,0.10129740518962076,0.9386211500260063
7988,0.001746506986027944,1.7727234218302582e-06
7989,0.0029940119760479044,0.32474895348084637
7990,0.0014970059880239522,0.038708068147261424
7991,0.000249500998003992,0.0
7992,0.19386227544910178,0.9171441004165918
7993,0.000249500998003992,0.0
7994,0.15868263473053892,0.9776810802786513
7995,0.1906187624750499,0.9745496280017457
7997,0.19011976047904192,0.9744318305013385
7998,0.25249500998003993,0.9563019679587622
7999,0.25174650698602796,0.9463520907781
8000,0.4633233532934131,0.999496980223326
8001,0.018213572854291416,0.20327597445355292
8004,0.0062375249500998,0.0
8006,0.09456087824351297,0.8740886820658795
8007,0.2527445109780439,0.9474941857636348
8008,0.25249500998003993,0.9473828917867598
8009,0.24600798403193613,0.9362854237689031
8010,0.24600798403193613,0.9374294589505459
8011,0.000998003992015968,0.0
8012,0.011726546906187624,0.002035307231260901
8013,0.18987025948103792,0.9651469484161086
8014,0.002245508982035928,0.0
8015,0.0007485029940119761,0.0
8016,0.0007485029940119761,0.0
8017,0.25124750499001997,0.9472084398903993
8018,0.000499001996007984,0.0
8019,0.0014970059880239522,0.0
8020,0.000249500998003992,0.0
8021,0.001996007984031936,0.06940755223837203
8022,0.011477045908183632,0.11706160018200441
8023,0.000249500998003992,0.03942750414007055
8024,0.0007485029940119761,0.0
8026,0.001746506986027944,0.10232397138141003
8027,0.18762475049900199,0.952377512461549
8028,0.000249500998003992,0.0
8029,0.005239520958083832,0.7740493485271355
8030,0.25,0.9287906443986851
8031,0.24850299401197604,0.9283744187053949
8032,0.000499001996007984,0.014220842723836731
8033,0.000499001996007984,0.0
8034,0.000499001996007984,0.0
8035,0.001746506986027944,0.0
8036,0.4628243512974052,0.9886081721173905
8037,0.0062375249500998,0.0
8039,0.02470059880239521,0.7245611642665454
8040,0.3176147704590818,0.9416845750325842
8041,0.31736526946107785,0.9417109932751281
8042,0.31786427145708585,0.9416941902472319
8043,0.006487025948103792,0.9958070749594704
8046,0.1282435129740519,0.9999972643450257
8047,0.1279940119760479,0.9999378061131994
8050,0.08782435129740519,0.9355168500622355
8051,0.2213073852295409,0.9999674295147605
8052,0.000249500998003992,1.7481278370471504e-05
8053,0.312874251497006,0.9999969013254909
8054,0.28293413173652693,0.9999995856667702
8055,0.31312375249500995,0.9999998010358911
8056,0.31312375249500995,0.999999801036023
8057,0.062624750499002,0.2875917120121233
8058,0.313373253493014,0.9999967258960217
8059,0.000499001996007984,0.0
8061,0.4673153692614771,0.9808684094568817
8062,0.09106786427145709,0.9914373111856083
8063,0.31312375249500995,0.9999997949246163
8064,0.31312375249500995,0.9999997949246059
8065,0.31312375249500995,0.9999997949245979
8068,0.025449101796407185,0.5579518243385003
8069,0.313373253493014,0.9999962721879172
8071,0.2836826347305389,0.9998777611803278
8072,0.31511976047904194,0.981976360422866
8073,0.000249500998003992,0.0
8074,0.374001996007984,0.9768038042323112
8075,0.312624750499002,0.9999850010599588
8076,0.0054890219560878245,0.1758232508902103
8077,0.0007485029940119761,0.0
8078,0.000249500998003992,0.0
8079,0.313373253493014,0.9925500711005366
8081,0.08383233532934131,0.9241575463061623
8082,0.002245508982035928,0.3247666243703838
8083,0.4643213572854291,0.9999999640371445
8090,0.000249500998003992,0.0
8091,0.00873253493013972,0.7713752483085417
8093,0.08333333333333333,0.9216147063532125
8094,0.0875748502994012,0.9350919838839649
8095,0.28293413173652693,0.9998546398121875
8096,0.09106786427145709,0.990450162572689
8097,0.0007485029940119761,9.883072185446418e-07
8098,0.000249500998003992,1.209763577527466e-05
8099,0.09081836327345309,0.9739202305197429
8100,0.00124750499001996,0.0
8101,0.10104790419161677,0.8856660526678197
8102,0.005239520958083832,0.03258216513833049
8103,0.000499001996007984,0.0
8104,0.09555888223552894,0.9540425744064565
8105,0.15893213572854292,0.5425447190032375
8106,0.000249500998003992,0.0
8107,0.3263473053892216,0.34353149909177066
8110,0.000499001996007984,0.0
8112,0.15518962075848303,0.3009724937181804
8113,0.000998003992015968,0.0003330036552499601
8114,0.05688622754491018,0.05699465519938446
8115,0.18088822355289422,0.2712565265878067
8116,0.0007485029940119761,0.0
8117,0.35753493013972054,0.5748439518557913
8119,0.001746506986027944,0.0
8120,0.06112774451097804,0.8046229317144702
8123,0.0124750499001996,0.506008329414761
8125,0.040419161676646706,0.7238541431214441
8127,0.000998003992015968,0.0
8128,0.0014970059880239522,0.0003121613946657917
8130,0.003493013972055888,0.8434204192388569
8132,0.002245508982035928,0.24801265880196546
8134,0.31786427145708585,0.9887580516569493
8137,0.007734530938123752,0.30075722529103865
8138,0.0007485029940119761,0.7145070065960762
8139,0.000249500998003992,0.0
8140,0.001996007984031936,0.0
8141,0.000249500998003992,0.0
8142,0.000249500998003992,0.0
8143,0.023952095808383235,0.20344980898393047
8144,0.000499001996007984,0.0
8145,0.00249500998003992,0.9999999117131388
8146,0.3158682634730539,0.9861440591725138
8147,0.000249500998003992,0.0
8149,0.003992015968063872,0.022881732141921303
8150,0.0029940119760479044,0.498991416701705
8151,0.00499001996007984,0.997464219353925
8152,0.000249500998003992,0.0
8154,0.000249500998003992,0.0
8155,0.3143712574850299,0.9882671674337639
8156,0.00124750499001996,0.00011931725035028522
8157,0.000499001996007984,0.0
8158,0.14920159680638723,0.982540321995334
8159,0.4306387225548902,0.8085308658542758
8161,0.0007485029940119761,0.7145068590859495
8162,0.000249500998003992,0.0
8163,0.011976047904191617,0.13553794859282348
8164,0.000499001996007984,0.0
8165,0.0007485029940119761,0.0
8166,0.002245508982035928,0.0
8167,0.001746506986027944,5.188012183195832e-05
8168,0.000249500998003992,0.0
8170,0.006986027944111776,0.008346789467056671
8171,0.0014970059880239522,0.080303853750221
8172,0.000249500998003992,0.0
8173,0.002245508982035928,0.0
8174,0.000249500998003992,0.0
8175,0.011976047904191617,0.8381175348159362
8177,0.0042415169660678645,0.7766698732270144
8178,0.003493013972055888,0.0020888512625797796
8179,0.0029940119760479044,2.209617538674007e-05
8183,0.000249500998003992,0.0
8184,0.001746506986027944,0.039102806505026386
8185,0.001996007984031936,0.15666755291201645
8186,0.001746506986027944,0.0
8187,0.02220558882235529,0.6529240655796789
8188,0.005988023952095809,0.32581839796898815
8189,0.0029940119760479044,0.32375708527752717
8190,0.20434131736526945,0.9096116432343111
8191,0.00124750499001996,0.0
8192,0.000249500998003992,0.0
8194,0.16841317365269462,0.9959363572406693
8196,0.008982035928143712,0.5940224706860513
8197,0.000499001996007984,0.0
8198,0.000249500998003992,0.0
8199,0.16217564870259482,0.9998366417641463
8200,0.07659680638722555,0.9191863904819024
8202,0.16816367265469062,0.995947720150516
8204,0.015469061876247504,0.0202029799501967
8207,0.000249500998003992,0.0
8209,0.0007485029940119761,0.0
8210,0.1689121756487026,0.9913107373473994
8213,0.29141716566866266,0.9540092820488145
8214,0.0007485029940119761,0.0
8215,0.0007485029940119761,0.0
8216,0.28817365269461076,0.9478222661266047
8218,0.026197604790419216,0.9992297165805857
8219,0.3171157684630739,0.8880775641826861
8220,0.000499001996007984,0.0
8221,0.015469061876247504,0.6849446821035554
8222,0.04765469061876248,0.7288284752937689
8223,0.000249500998003992,0.0
8225,0.008233532934131737,0.954799370611598
8226,0.07734530938123753,0.8444189869835603
8227,0.0027445109780439123,0.7262519560584384
8228,0.030189620758483034,0.7313358411633678
8229,0.017714570858283433,0.853241680870106
8231,0.0656187624750499,0.7321261102877135
8232,0.031686626746506984,0.8502200724953088
8233,0.04565868263473054,0.6877158826844693
8234,0.027944111776447105,0.7356693205487479
8235,0.06062874251497006,0.8002413261376973
8237,0.000499001996007984,0.0
8238,0.05913173652694611,0.8029618775181746
8239,0.08358283433133733,0.7972829639851605
8240,0.09006986027944112,0.8743355851651847
8241,0.030189620758483034,0.7506219793555542
8242,0.05763473053892216,0.9034444508560715
8243,0.027445109780439122,0.9066239326687413
8244,0.008233532934131737,0.9593138220651211
8245,0.0027445109780439123,0.4989974846139826
8247,0.000499001996007984,0.0
8248,0.000499001996007984,0.08030542646537163
8249,0.000249500998003992,0.0
8250,0.001746506986027944,0.002352757094502278
8252,0.003992015968063872,0.0057746971479698955
8253,0.001746506986027944,0.0
8254,0.011726546906187624,0.668621443450564
8255,0.02719560878243513,0.8113650164681689
8256,0.02719560878243513,0.7588462509729803
8257,0.12250499001996008,0.9669017094818833
8258,0.000249500998003992,0.0
8259,0.0014970059880239522,0.0
8260,0.0748502994011976,0.8756632356435738
8261,0.0750998003992016,0.8758548975708588
8262,0.007734530938123752,0.9540217952228499
8263,0.0750998003992016,0.8758549156696585
8264,0.023453093812375248,0.8549587052676751
8265,0.003243512974051896,0.0
8266,0.028193612774451097,0.8113666751219838
8268,0.12949101796407186,0.6839187488762214
8270,0.07984031936127745,0.8853281914892965
8271,0.0750998003992016,0.875854899592109
8272,0.0750998003992016,0.875854901180441
8273,0.000499001996007984,0.0
8274,0.002245508982035928,0.16474452315656024
8275,0.002245508982035928,0.1647444713642612
8276,0.00124750499001996,0.0
8277,0.004740518962075849,0.0
8278,0.0780938123752495,0.8463377168689455
8279,0.000998003992015968,0.0
8280,0.0007485029940119761,0.24339137463371166
8281,0.000249500998003992,0.0006887006220467015
8282,0.000249500998003992,0.0
8283,0.12100798403193613,0.919465317589104
8284,0.000249500998003992,0.0
8285,0.000998003992015968,0.0
8286,0.033932135728542916,0.8237818730344023
8287,0.001746506986027944,0.0001905510479382216
8288,0.00249500998003992,0.0
8289,0.003992015968063872,0.0
8291,0.022954091816367265,0.3116020929333339
8292,0.04441117764471058,0.8378937487184401
8293,0.000499001996007984,0.0
8294,0.0014970059880239522,0.007882554218854485
8295,0.01122754491017964,0.7441794019406508
8298,0.01621756487025948,0.03795153224189837
8299,0.000249500998003992,0.0
8300,0.0780938123752495,0.8263772851617733
8301,0.000249500998003992,0.0
8302,0.038672654690618764,0.8347394644003727
8304,0.000249500998003992,0.0
8307,0.000249500998003992,0.0
8308,0.000499001996007984,0.0
8309,0.13073852295409183,0.9675895357429279
8310,0.038672654690618764,0.8347394463137312
8311,0.09131736526946108,0.9591504264802574
8312,0.01222554890219561,0.5105241537179684
8313,0.03293413173652695,0.8478131323658038
8314,0.05239520958083832,0.8476493157807315
8315,0.06536926147704591,0.7813672165729747
8316,0.06786427145708583,0.8000222607854718
8317,0.000998003992015968,0.041377158675159946
8318,0.005988023952095809,0.40610380817569885
8319,0.12749500998003993,0.9803342024957101
8320,0.000499001996007984,0.0
8322,0.05139720558882235,0.862158319091775
8323,0.000249500998003992,0.0
8326,0.05264471057884232,0.8621608273539868
8327,0.005738522954091816,0.40625589057442774
8328,0.008233532934131737,0.49204892650823856
8330,0.000249500998003992,0.0
8332,0.003992015968063872,0.003326477676017773
8333,0.058632734530938126,0.9999379779530153
8334,0.033682634730538924,0.8409343593916938
8335,0.000499001996007984,0.0
8336,0.000499001996007984,0.0
8338,0.000249500998003992,0.0
8339,0.000249500998003992,0.0
8341,0.003493013972055888,0.04135713743787602
8343,0.12749500998003993,0.9567493778587813
8344,0.0658682634730539,0.999992797144146
8345,0.12749500998003993,0.956749386204442
8347,0.0656187624750499,0.9999562531808196
8348,0.0656187624750499,0.9999562532156872
8350,0.031686626746506984,0.848451865325267
8351,0.0029940119760479044,0.3237570841788845
8352,0.009481037924151697,0.49896695625244086
8353,0.3086327345309381,0.8570662647633094
8354,0.02245508982035928,0.570163743379325
8355,0.001996007984031936,0.0
8356,0.007984031936127744,0.9574874256561011
8357,0.3782435129740519,0.9117237881493099
8358,0.07460079840319361,0.20895373344718182
8359,0.13248502994011976,0.3795876912606437
8361,0.000249500998003992,0.0
8362,0.34081836327345305,0.9049193540030448
8363,0.000998003992015968,0.0
8364,0.1739021956087824,0.46744075398312473
8366,0.000998003992015968,0.009428628378434018
8367,0.00249500998003992,0.9973367795754328
8369,0.000499001996007984,0.0
8370,0.003243512974051896,0.4014356042728883
8372,0.21931137724550898,0.9090458643221293
8373,0.19086826347305386,0.9832470252286621
8374,0.19086826347305386,0.9977687722864319
8375,0.19086826347305386,0.9977325391616102
8376,0.000249500998003992,0.0
8377,0.18812375249501,0.9757328882873644
8378,0.19386227544910184,0.9999891498358989
8380,0.001996007984031936,0.9973368742470811
8381,0.1988522954091816,0.9522632462771671
8382,0.009231536926147704,0.6103528937374568
8383,0.03917165668662675,0.7764900447659618
8384,0.03468063872255489,0.7294741605492886
8385,0.00873253493013972,0.7062289823646145
8386,0.016966067864271458,0.7965702991447778
8387,0.21556886227544914,0.9088486384585371
8388,0.1988522954091816,0.9512656928073847
8389,0.0014970059880239522,0.0
8390,0.19211576846307388,0.9782105016315155
8391,0.1988522954091816,0.9522598805550923
8392,0.4323852295409182,0.9813046661868161
8393,0.028193612774451097,0.9999988316006088
8394,0.001746506986027944,0.0
8395,0.007984031936127733,0.2184570853490607
8396,0.000249500998003992,0.0
8397,0.029191616766467067,0.95904892224388
8399,0.013972055888223553,0.9999996821467958
8400,0.013972055888223553,0.9999996821468404
8401,0.024201596806387227,0.7909113705783702
8402,0.001746506986027944,5.526390837835395e-06
8403,0.41891217564870264,0.9568813408071212
8404,0.002245508982035928,0.0
8407,0.000249500998003992,0.0
8408,0.00124750499001996,0.0
8409,0.000499001996007984,5.1097404466801694e-05
8410,0.13722554890219563,0.8786006785903302
8411,0.000249500998003992,0.0
8413,0.001996007984031936,0.0
8414,0.0007485029940119761,0.03188053397693889
8416,0.15843313373253493,0.9973501892211392
8417,0.013972055888223553,0.9999996821467538
8418,0.010479041916167664,0.002946485791524965
8419,0.00124750499001996,0.0
8421,0.0007485029940119761,0.0
8422,0.39496007984031933,0.9477125597190423
8423,0.000249500998003992,0.0
8424,0.17090818363273452,0.9660430206466838
8425,0.000249500998003992,0.0
8426,0.000998003992015968,0.24849703035593645
8427,0.000249500998003992,0.0
8428,0.41991017964071853,0.9643344765498263
8429,0.013972055888223553,0.9999996821464874
8430,0.022954091816367265,0.9977433592141292
8431,0.022954091816367265,0.9977433636111519
8432,0.000499001996007984,0.0
8433,0.022954091816367265,0.9334560188248764
8434,0.4099301397205589,0.956297497322948
8435,0.18013972055888225,0.9764891977261604
8437,0.003493013972055888,0.0
8438,0.002245508982035928,0.0
8440,0.000249500998003992,4.2137672376706985e-05
8441,0.007235528942115769,0.3649911450886279
8442,0.1379740518962076,0.8789120192747544
8443,0.0014970059880239522,0.0
8445,0.000998003992015968,0.0
8446,0.2305389221556886,0.9291414551908903
8447,0.39520958083832336,0.9508408238397433
8448,0.39645708582834327,0.950482345791634
8449,0.000249500998003992,0.0
8450,0.000249500998003992,0.0
8452,0.013722554890219561,0.9999999335149561
8453,0.14770459081836326,0.9413536933895902
8454,0.4099301397205589,0.9490277697215171
8455,0.01347305389221557,0.9999998963308676
8456,0.4358782435129741,0.9644129021385961
8458,0.000249500998003992,0.0
8459,0.01347305389221557,0.9999998963310253
8460,0.005738522954091816,0.0024186146604684815
8461,0.18737524950099801,0.8797048223013737
8462,0.013722554890219561,0.9965349071724287
8463,0.01971057884231537,0.598463408532085
8464,0.000249500998003992,0.0
8465,0.17265469061876249,0.8863895011737957
8466,0.20084830339321358,0.8898297409131138
8467,0.01347305389221557,0.9999998963310262
8468,0.12100798403193613,0.3093752225736303
8469,0.04316367265469062,0.194678274879604
8470,0.18488023952095808,0.8145678360639891
8471,0.000249500998003992,0.0
8472,0.0014970059880239522,0.9999999811441204
8474,0.2063373253493014,0.5362623447763613
8475,0.000998003992015968,0.20330262335429425
8477,0.0124750499001996,0.025777391436233824
8478,0.08982035928143713,0.11074134151879735
8479,0.2592315369261477,0.15484669230971182
8480,0.02220558882235529,0.6255237234725952
8481,0.02844311377245509,0.12576980717071792
8482,0.1816367265469062,0.20979925391149565
8483,0.001746506986027944,0.0025037023731741327
8486,0.41691616766467066,0.9132824877721318
8487,0.000499001996007984,0.0
8489,0.000249500998003992,0.0
8491,0.44935129740518964,0.9433138826451689
8492,0.05688622754491018,0.7017118147001822
8493,0.19386227544910178,0.9798883723856475
8494,0.43537924151696605,0.9412962863462008
8495,0.000249500998003992,0.0
8500,0.0007485029940119761,0.33199396333902076
8501,0.00124750499001996,0.00020547645351140864
8503,0.001746506986027944,0.0
8504,0.000249500998003992,0.0
8506,0.437874251497006,0.9711218597947422
8507,0.006986027944111776,0.24489138054340742
8508,0.000499001996007984,0.0
8510,0.000249500998003992,0.0
8511,0.026696606786427147,0.6376557226695667
8512,0.000249500998003992,0.0
8513,0.000998003992015968,0.21867755026431424
8516,0.055139720558882235,0.7534873285293744
8517,0.44635728542914177,0.9477271496122283
8518,0.001746506986027944,0.234907926552966
8519,0.000499001996007984,0.0
8520,0.1901197604790419,0.9565076723883542
8521,0.000249500998003992,0.0
8523,0.0007485029940119761,0.0
8524,0.000249500998003992,0.0
8525,0.0007485029940119761,5.525091768355669e-05
8526,0.000249500998003992,0.0
8527,0.18438123752495006,0.9437399178907349
8528,0.000249500998003992,0.0
8529,0.1848802395209581,0.9609799959023133
8530,0.3597804391217565,0.9135703862346273
8531,0.000249500998003992,0.0
8532,0.24151696606786432,0.863045673288348
8533,0.18388223552894212,0.9476732151857895
8534,0.06611776447105788,0.758814164279082
8535,0.000249500998003992,0.0
8536,0.3882235528942116,0.8732675272515096
8537,0.014970059880239521,0.2782840584280707
8538,0.055139720558882235,0.6467739832763277
8539,0.07410179640718563,0.7848564569857391
8541,0.004740518962075849,0.06600914402864323
8542,0.06986027944111776,0.7779900428207961
8543,0.06187624750499002,0.926730918145236
8544,0.003243512974051896,0.7913337764978255
8545,0.2325349301397206,0.9176481300280434
8547,0.06112774451097804,0.9259019096523847
8548,0.001996007984031936,0.6691715987769806
8550,0.3468063872255489,0.8912318759629796
8552,0.24650698602794407,0.9300005158768904
8553,0.3817365269461078,0.9252600532359587
8555,0.0014970059880239522,0.00035055380954110465
8556,0.00499001996007984,0.0818609726890513
8557,0.0007485029940119761,0.015693686982533653
8559,0.000249500998003992,0.0
8562,0.062624750499002,0.7986023029847933
8563,0.46482035928143717,0.9797018733970534
8566,0.4638223552894212,0.9573153673548378
8567,0.4139221556886228,0.9466975255472866
8568,0.0007485029940119761,0.0
8569,0.46357285429141715,0.9649313947251129
8570,0.000499001996007984,0.0
8571,0.000249500998003992,0.0
8572,0.015968063872255488,0.7053248014455044
8573,0.000499001996007984,0.0
8574,0.1858782435129741,0.9033381387471574
8575,0.26347305389221554,0.9204006442009485
8576,0.34406187624750495,0.9327210778590007
8577,0.3682634730538922,0.9197278231591204
8580,0.1596806387225549,0.9591584148836536
8581,0.10978043912175649,0.9999100937724763
8583,0.1624251497005988,0.9398134439939062
8586,0.35703592814371254,0.9464319718847015
8587,0.000249500998003992,0.0
8588,0.0037425149700598802,0.0
8590,0.10678642714570859,0.5902886755470428
8591,0.0062375249500998,0.010866003161752062
8592,0.44635728542914177,0.9691005727838181
8593,0.4401197604790419,0.9387431375972208
8594,0.39496007984031933,0.9185961035329245
8596,0.3914670658682635,0.9244263333052477
8597,0.07435129740518961,0.7652041633882742
8598,0.28542914171656686,0.8157726819244311
8599,0.28742514970059885,0.8253800711309923
8600,0.000499001996007984,0.10436535150822931
8602,0.08682634730538923,0.9355309806422489
8603,0.000499001996007984,0.0
8605,0.000249500998003992,0.0
8608,0.0007485029940119761,0.6387177275677407
8609,0.1087824351297405,0.9302200676054171
8610,0.000249500998003992,0.0
8611,0.000249500998003992,0.0
8612,0.000998003992015968,0.00010893379919077959
8613,0.000499001996007984,0.0
8614,0.2619760479041916,0.8511540823282481
8615,0.000249500998003992,4.030406312944001e-06
8617,0.0007485029940119761,4.616683375501414e-06
8618,0.3989520958083832,0.9146422379144376
8619,0.11127744510978044,0.8612293108603769
8620,0.03243512974051896,0.826030000884574
8621,0.000249500998003992,0.0
8622,0.00124750499001996,0.0
8624,0.011976047904191617,0.23377117308493742
8625,0.00873253493013972,0.015186590702100477
8626,0.000249500998003992,0.0
8627,0.03268463073852296,0.826028582039864
8629,0.04740518962075848,0.5059478631978744
8630,0.00249500998003992,7.390643444161867e-06
8631,0.16816367265469062,0.899310231822126
8635,0.13522954091816367,0.9999827861698414
8637,0.0249500998003992,0.6737132814121995
8638,0.14545908183632736,0.8809480768521524
8640,0.003493013972055888,3.6803569072791636e-05
8642,0.000499001996007984,0.12370320759809918
8643,0.49301397205588826,0.9696227239779389
8645,0.08333333333333337,0.9087384460849862
8646,0.04216566866267465,0.34355853288545635
8647,0.4249001996007984,0.9026044029233664
8648,0.33532934131736525,0.9715836188141337
8649,0.39071856287425155,0.9226949016275215
8651,0.001746506986027944,1.002697862975022e-05
8652,0.09880239520958084,0.9741192882250528
8653,0.000249500998003992,0.0
8654,0.09880239520958084,0.97408558623267
8656,0.026447105788423155,0.6133810750883143
8658,0.47854291417165673,0.9103680104129211
8659,0.00124750499001996,0.01624621449631008
8660,0.1062874251497006,0.9217829899902781
8661,0.4508483033932136,0.8767131707794804
8662,0.13697604790419163,0.7383533475226853
8663,0.1344810379241517,0.7601641896636487
8664,0.001746506986027944,5.003442755790259e-06
8665,0.008483033932135729,0.06131644131567345
8666,0.000249500998003992,0.0
8671,0.000249500998003992,0.0
8672,0.003992015968063872,0.02589774325060294
8673,0.00873253493013972,0.006002472269208121
8674,0.002245508982035928,0.0
8675,0.0027445109780439123,0.014584620324312044
8676,0.000499001996007984,0.0
8677,0.0007485029940119761,0.0
8678,0.023453093812375248,0.2046815760841753
8679,0.010978043912175649,0.02675222658569746
8680,0.10054890219560879,0.07309308817365338
8681,0.001996007984031936,0.0
8682,0.40119760479041916,0.038634382817205444
8683,0.003243512974051896,0.0003361814302537788
8684,0.000249500998003992,0.0
8685,0.20259481037924154,0.27386754738059904
8686,0.07335329341317365,0.10952483912571272
8687,0.006487025948103792,0.12939942394992676
8688,0.000499001996007984,0.0
8689,0.11976047904191611,0.22674955039054884
8690,0.000249500998003992,0.0007078418544922684
8691,0.000249500998003992,0.0
8692,0.1369760479041916,0.32271129683777877
8693,0.001746506986027944,0.0006116136600739806
8694,0.003493013972055888,9.366241628653027e-05
8695,0.4358782435129741,0.6712351979783925
8696,0.0014970059880239522,0.00046531144002901165
8697,0.003493013972055888,4.84755188007181e-06
8698,0.000499001996007984,0.0
8699,0.1998502994011976,0.6689463894032042
8700,0.0014970059880239522,0.0
8701,0.18887225548902195,0.6573312201535492
8702,0.0014970059880239522,6.786565452460162e-05
8703,0.4740518962075848,0.7158881112225624
8704,0.017964071856287425,0.9999898972864695
8705,0.26796407185628746,0.6277137791534361
8707,0.48552894211576847,0.7096872601909778
8708,0.31237524950099804,0.944544839832155
8716,0.001996007984031936,0.0
8717,0.3088822355289421,0.9668953238153478
8719,0.000499001996007984,4.140792740989193e-05
8720,0.021956087824351298,0.13858985721805475
8721,0.0054890219560878245,0.0043359107085515335
8722,0.0007485029940119761,0.0
8725,0.13897205588822356,0.323551043148694
8726,0.000249500998003992,0.00041669709165247115
8727,0.000998003992015968,0.0
8729,0.000249500998003992,0.0
8730,0.0007485029940119761,3.462576760358818e-05
8731,0.000499001996007984,0.0
8732,0.031686626746506984,0.011372103038399426
8733,0.25399201596806387,0.8068057350851072
8734,0.000249500998003992,7.871669357349399e-05
8736,0.000249500998003992,0.0
8737,0.00124750499001996,0.0
8738,0.012974051896207584,0.1363788115091048
8739,0.000499001996007984,0.020862021604361642
8740,0.00124750499001996,0.0
8741,0.020708582834331336,0.5996527088935996
8742,0.0007485029940119761,0.0
8743,0.02245508982035928,0.18188105578881866
8744,0.0037425149700598802,1.0216673941901375e-05
8745,0.2876746506986028,0.649042539962792
8746,0.000499001996007984,0.0
8747,0.0007485029940119761,0.0
8748,0.07310379241516966,0.16263341465723088
8749,0.1409680638722555,0.6769396540011774
8750,0.002245508982035928,0.006165617347364027
8751,0.004491017964071856,0.19849550623594783
8753,0.010479041916167664,0.11595719554677553
8754,0.40344311377245506,0.5529275448241906
8755,0.000249500998003992,2.4760586833277068e-05
8757,0.023952095808383235,0.6580405090939601
8758,0.2252994011976048,0.7711809394768985
8759,0.26821357285429137,0.3471874882491367
8760,0.10503992015968064,0.5487183702367686
8762,0.001746506986027944,0.0
8764,0.000249500998003992,0.0
8765,0.000499001996007984,0.0
8766,0.4024451097804391,0.8759854253486459
8767,0.000499001996007984,0.0
8771,0.005239520958083832,0.06450182662768487
8772,0.015219560878243513,0.008024076773241028
8773,0.000249500998003992,0.0
8775,0.13348303393213573,0.6291474380096731
8776,0.15818363273453093,0.9248411346119128
8777,0.022954091816367265,0.16939369593468973
8778,0.000249500998003992,0.0
8780,0.01996007984031936,0.8167770992252614
8781,0.001746506986027944,0.0
8782,0.03992015968063872,0.8199956491168455
8783,0.056636726546906185,0.8061415800142079
8784,0.017714570858283433,0.5241887905967529
8786,0.000249500998003992,0.0
8787,0.000499001996007984,0.0
8789,0.000249500998003992,0.0
8790,0.04765469061876248,0.7114533934704819
8792,0.0007485029940119761,0.0
8793,0.04715568862275449,0.7099931046098473
8796,0.005239520958083832,0.19817955300173798
8797,0.012974051896207584,0.9999999960768997
8798,0.003493013972055888,0.03926548171372325
8799,0.06037924151696607,0.5110061837715575
8801,0.038922155688622756,0.7573920534661216
8802,0.001996007984031936,0.07448638304200278
8804,0.04715568862275449,0.6634783751630926
8805,0.012974051896207584,0.9999999960769019
8806,0.0014970059880239522,0.034957802246638435
8807,0.04740518962075848,0.711496133589472
8808,0.000249500998003992,0.0
8811,0.000249500998003992,0.0
8812,0.00124750499001996,0.0
8813,0.000499001996007984,0.0
8814,0.000499001996007984,0.0
8815,0.04740518962075848,0.7114961381192153
8816,0.3615269461077844,0.9559422790614995
8819,0.49700598802395207,0.9247904851863721
8820,0.0007485029940119761,0.0
8821,0.27944111776447106,0.9192958214672552
8822,0.05289421157684631,0.9981788021616914
8824,0.000499001996007984,0.0
8825,0.46781437125748504,0.9447134635120473
8826,0.000249500998003992,0.0
8828,0.08707584830339321,0.9446153748242515
8829,0.04715568862275449,0.9999226077155549
8830,0.18812375249500998,0.9982445723393465
8831,0.18962075848303392,0.9327420674734076
8833,0.18762475049900199,0.9996112435315602
8834,0.18737524950099801,0.999646262875287
8835,0.18737524950099801,0.9996462628341463
8836,0.000249500998003992,0.0
8838,0.1092814371257485,0.9999766418569126
8839,0.000249500998003992,0.0
8842,0.0406686626746507,0.4645785964578671
8843,0.18812375249500998,0.9982416177847456
8844,0.18862275449101795,0.998218489968367
8845,0.18837325349301398,0.9982547164084593
8846,0.18837325349301398,0.9982547161201816
8847,0.1624251497005988,0.9840022575234337
8848,0.18837325349301398,0.9944914658492211
8851,0.04715568862275449,0.9424240114028811
8852,0.18812375249500998,0.9982209659185203
8853,0.18837325349301398,0.9982547164088675
8854,0.0007485029940119761,0.0
8855,0.0042415169660678645,0.0005919788973770723
8856,0.000499001996007984,0.0
8857,0.18812375249500998,0.9980747462904652
8859,0.000499001996007984,0.0
8860,0.0007485029940119761,0.0
8862,0.20034930139720558,0.9935735443742871
8865,0.16342315369261476,0.9999511894869633
8866,0.18488023952095808,0.9922795547933337
8867,0.1631736526946108,0.9999511872000318
8868,0.16217564870259482,0.9229448640928789
8869,0.18488023952095808,0.9922236200580571
8870,0.021956087824351298,0.5669416538020305
8871,0.001746506986027944,0.9037875930416408
8872,0.2312874251497006,0.9458447761146083
8873,0.2467564870259481,0.9352994928874773
8875,0.22854291417165667,0.9771346581088932
8876,0.010479041916167664,0.6327025918343542
8877,0.218063872255489,0.9617214886731327
8878,0.38423153692614775,0.9886714532307714
8880,0.35903193612774453,0.9102317017540013
8881,0.28592814371257486,0.9066962266962115
8882,0.0007485029940119761,0.0
8883,0.1467065868263473,0.8877575389250221
8885,0.10054890219560879,0.9142271950745408
8886,0.00124750499001996,0.0
8887,0.010229540918163672,0.11345810700025145
8888,0.00124750499001996,0.0
8889,0.1000499001996008,0.9427530385309966
8890,0.24575848303393213,0.9094537543462188
8893,0.001996007984031936,0.018169230679868316
8894,0.05289421157684631,0.6661723354672819
8895,0.0007485029940119761,0.09412995145016946
8896,0.24476047904191617,0.8885898706844552
8897,0.24451097804391217,0.888589504632823
8899,0.001996007984031936,0.0
8900,0.0813373253493014,0.6310979476369055
8901,0.000249500998003992,0.0
8903,0.003243512974051896,0.9998554870196644
8904,0.000499001996007984,0.0
8905,0.000499001996007984,0.0
8906,0.3507984031936128,0.31200130595046366
8907,0.000998003992015968,0.9999996464038929
8910,0.01347305389221557,0.3098658637855594
8911,0.13248502994011976,0.7728429010511291
8912,0.3498003992015968,0.7725517291990142
8913,0.0027445109780439123,0.0
8914,0.00249500998003992,0.0
8915,0.22030938123752497,0.7620452732457728
8916,0.005988023952095809,0.21338786240678215
8917,0.001746506986027944,0.0
8918,0.3695109780439122,0.8389916376573019
8919,0.0037425149700598802,0.024456739830040666
8920,0.13073852295409183,0.810443909117435
8921,0.4131736526946108,0.844174710642737
8922,0.18562874251497005,0.8451163491972051
8923,0.0062375249500998,0.008190382934370393
8925,0.3665169660678643,0.8339857273016604
8926,0.001746506986027944,0.9910856399182914
8927,0.47105788423153694,0.9261558025910739
8928,0.0027445109780439123,0.0
8929,0.0029940119760479044,0.0001720165959805498
8930,0.47754491017964074,0.9405019453584076
8931,0.13248502994011976,0.8292337830512171
8932,0.000249500998003992,0.0
8933,0.0007485029940119761,0.0
8934,0.06786427145708583,0.8398637764772954
8935,0.47005988023952094,0.9270269475593416
8936,0.000249500998003992,0.0
8937,0.48303393213572854,0.9250496220880926
8938,0.000249500998003992,0.0
8939,0.000249500998003992,0.0
8941,0.37325349301397204,0.834265326387086
8942,0.000499001996007984,0.0
8944,0.001746506986027944,0.0
8945,0.2315369261477046,0.8000654933908983
8946,0.000998003992015968,0.0
8947,0.000249500998003992,0.0
8948,0.005988023952095809,0.21338785330891266
8949,0.1813872255489022,0.8623656912170027
8950,0.012974051896207584,0.0633944744052237
8951,0.0007485029940119761,0.0
8952,0.23228542914171657,0.8002909807346392
8953,0.2861776447105788,0.8009712711104976
8954,0.000249500998003992,6.860890787042014e-05
8955,0.0027445109780439123,0.0
8956,0.003243512974051896,1.3430117256447725e-06
8957,0.002245508982035928,0.0003404146558071578
8958,0.04890219560878244,0.9999635110908982
8959,0.0029940119760479044,0.00018458636881248894
8960,0.001746506986027944,0.0148918099952711
8961,0.0027445109780439123,0.0003831327868175632
8962,0.0014970059880239522,0.0
8963,0.1813872255489022,0.8623581212016527
8964,0.13298403193612773,0.8290091024917181
8965,0.2727045908183633,0.7799800762953762
8967,0.000998003992015968,0.0
8969,0.00124750499001996,0.0
8972,0.13547904191616766,0.8260935097404941
8974,0.0014970059880239522,0.019377887785856786
8975,0.47105788423153694,0.9476920080798236
8976,0.01347305389221557,0.06258440109605827
8977,0.1314870259481038,0.8423406971090251
8979,0.44935129740518964,0.9918591546544857
8980,0.4184131736526946,0.8743095565923457
8981,0.006487025948103792,0.9444264499075777
8982,0.06037924151696607,0.8201434934160402
8983,0.000249500998003992,0.0
8984,0.48078842315369263,0.9340113944972526
8985,0.47455089820359286,0.9318848794574348
8986,0.0007485029940119761,0.0
8987,0.00124750499001996,0.0
8988,0.001746506986027944,0.0
8989,0.002245508982035928,0.0003404121612824055
8990,0.000499001996007984,0.0
8991,0.000499001996007984,6.899390043899002e-06
8993,0.1467065868263473,0.5193930746041611
8994,0.00124750499001996,0.019377992885687992
8995,0.4533433133732535,0.7154391429764801
8996,0.49276447105788423,0.8262439033960279
9000,0.00124750499001996,0.0
9001,0.00124750499001996,0.0
9004,0.0062375249500998,0.004621911044883137
9007,0.11077844311377245,0.9049404087359728
9009,0.08283433133732535,0.8860351573875063
9010,0.07984031936127745,0.8655282039022346
9011,0.0027445109780439123,0.0
9013,0.000499001996007984,0.0
9015,0.06412175648702595,0.9999999995367657
9018,0.06412175648702595,0.9999999995367679
9019,0.000249500998003992,0.0
9020,0.000249500998003992,0.0
9021,0.06387225548902195,0.9999999994351212
9022,0.000249500998003992,0.0
9023,0.0007485029940119761,0.0
9024,0.00124750499001996,0.3319899709750326
9025,0.06387225548902195,0.9999999994351194
9026,0.4977544910179641,0.5129354315385124
9027,0.1030439121756487,0.607411139390068
9028,0.06362275449101797,0.9999999995179276
9029,0.010479041916167664,0.03989048972326568
9030,0.06337325349301397,0.9999999973923808
9032,0.08857285429141716,0.8332257227373524
9034,0.023952095808383235,0.3296667483407695
9035,0.406936127744511,0.5056987380659647
9036,0.06412175648702595,0.9996755359754115
9037,0.38997005988023953,0.5087108558446973
9038,0.0718562874251497,0.923771009437927
9039,0.00998003992015968,0.17145975499044055
9040,0.06387225548902195,0.9996734805316579
9041,0.000249500998003992,0.0
9043,0.08707584830339321,0.9318456498843803
9044,0.000249500998003992,0.0
9045,0.000249500998003992,0.0
9046,0.18812375249500998,0.22920348320797332
9047,0.000499001996007984,0.0
9048,0.47904191616766467,0.710486412613715
9049,0.000249500998003992,0.0003535218098226643
9050,0.000249500998003992,0.0012632669288588946
9051,0.4845309381237525,0.7445391209655919
9052,0.4144211576846307,0.8699305651416411
9053,0.4832834331337325,0.9282950810251377
9055,0.48278443113772457,0.9372010475521196
9056,0.4842814371257485,0.9316726230167788
9057,0.000249500998003992,0.0
9058,0.0124750499001996,0.0942579024251537
9059,0.000249500998003992,0.0
9060,0.4877744510978044,0.9432720956290638
9061,0.006736526946107785,0.3895105154545872
9062,0.0042415169660678645,0.0036043536979970914
9063,0.44610778443113774,0.9249647628784453
9064,0.000249500998003992,0.0
9065,0.001996007984031936,0.0
9066,0.0014970059880239522,0.24846346502601857
9067,0.000249500998003992,0.0
9069,0.000249500998003992,0.0
9070,0.000249500998003992,6.228084034916557e-06
9072,0.007734530938123752,0.45745121723414744
9073,0.0007485029940119761,0.02499056324811022
9074,0.4473552894211577,0.9729938974093303
9076,0.01222554890219561,0.06782902881159587
9077,0.000998003992015968,0.9999942126509972
9078,0.000998003992015968,0.9999942126509537
9079,0.4443612774451098,0.9728113720743032
9080,0.0187125748502994,0.178499366704576
9082,0.00124750499001996,0.0
9083,0.008483033932135729,0.4252408888356035
9084,0.0042415169660678645,0.6230757436841653
9085,0.4251497005988024,0.9724390851248786
9086,0.00124750499001996,2.1623321593521574e-05
9088,0.0037425149700598802,4.773575328960316e-05
9089,0.000499001996007984,0.0
9090,0.0007485029940119761,0.0
9091,0.000499001996007984,0.0
9092,0.020958083832335328,0.7350671968068118
9093,0.000249500998003992,0.0
9094,0.001746506986027944,0.0
9095,0.00124750499001996,0.0006867028342126177
9096,0.000249500998003992,0.0
9098,0.007734530938123752,0.4574512252467608
9099,0.00249500998003992,0.0
9101,0.000249500998003992,0.0
9102,0.0007485029940119761,8.158113189595592e-06
9105,0.4258982035928144,0.9725896520962739
9106,0.003992015968063872,0.16215235001102907
9108,0.000249500998003992,0.0
9110,0.000249500998003992,0.0
9111,0.000998003992015968,0.0
9112,0.46357285429141715,0.9999660649629493
9113,0.0062375249500998,0.0
9114,0.0007485029940119761,0.0
9117,0.0074850299401197605,0.4583590149034251
9119,0.46182634730538924,0.9999994459747649
9121,0.45808383233532934,0.999999953126084
9122,0.45259481037924154,0.9999999990760859
9124,0.009730538922155689,0.04004569285931731
9125,0.4518463073852295,0.9999803857374207
9126,0.4638223552894212,0.9998747989652846
9127,0.007235528942115769,0.016307809087867366
9128,0.0007485029940119761,0.0231162308379646
9129,0.4628243512974052,0.9999388359250012
9133,0.012724550898203593,0.3064599272143753
9134,0.0029940119760479044,0.0
9135,0.0074850299401197605,0.4583590527145275
9136,0.001996007984031936,0.24846475949037303
9139,0.000249500998003992,0.0
9140,0.4491017964071856,0.9999999897250975
9141,0.056387225548902194,0.9629815051152968
9145,0.47754491017964074,0.9966444914811073
9147,0.4757984031936128,0.9974234005487788
9148,0.000249500998003992,0.0
9149,0.008233532934131737,0.457323173803059
9151,0.00124750499001996,0.0035317322402231384
9152,0.0029940119760479044,0.038797080226278896
9153,0.000249500998003992,0.0
9154,0.000998003992015968,0.0
9155,0.043163672654690566,0.6633257995475258
9156,0.000249500998003992,0.0
9157,0.47754491017964074,0.9897537172980589
9163,0.0074850299401197605,0.45717083125904895
9165,0.47629740518962077,0.9799074791241159
9166,0.000499001996007984,0.0
9167,0.438872255489022,0.992005129133637
9168,0.005988023952095809,0.057150935321724786
9169,0.4892714570858283,0.9807155463569518
9172,0.012724550898203593,0.3064599135917805
9173,0.0042415169660678645,0.14716025050096607
9174,0.006986027944111776,0.02490059204053576
9175,0.000249500998003992,0.0
9176,0.000249500998003992,0.0
9178,0.08507984031936128,0.6092091350623665
9181,0.000998003992015968,0.1479942953902385
9182,0.012724550898203593,0.30645997065371555
9183,0.4718063872255489,0.9746362444773595
9184,0.000249500998003992,0.0
9185,0.4708083832335329,0.991874144223292
9186,0.000249500998003992,0.0
9187,0.0074850299401197605,0.45835904323008564
9188,0.013223552894211578,0.08338663576729101
9189,0.49276447105788423,0.9739135618017781
9190,0.0014970059880239522,0.06671310460794799
9191,0.0014970059880239522,0.30758935832479434
9192,0.000249500998003992,0.0
9194,0.000249500998003992,0.0
9195,0.007984031936127744,0.300648905281049
9197,0.013722554890219561,0.06033626668131638
9199,0.003243512974051896,0.9999999632347186
9200,0.000249500998003992,0.0
9201,0.4777944111776447,0.9143997890529595
9202,0.4620758483033932,0.8966461585197668
9203,0.4812874251497006,0.9128740132078187
9204,0.008233532934131737,0.45791059834559933
9205,0.010479041916167664,0.044366339614103384
9207,0.000249500998003992,0.0
9208,0.000249500998003992,0.0
9210,0.44560878243512975,0.6736554639318739
9211,0.39496007984031933,0.6993139176455379
9212,0.000249500998003992,0.0
9213,0.0074850299401197605,0.0035618877236008074
9214,0.010479041916167664,0.04436634375064824
9215,0.000249500998003992,0.0
9217,0.000249500998003992,0.0
9218,0.0014970059880239522,0.0
9219,0.4870259481037924,0.9783770690895431
9220,0.006986027944111776,0.3288188771312136
9221,0.007984031936127744,0.7051967183220793
9222,0.00249500998003992,0.0
9223,0.49476047904191617,0.9999961008102174
9224,0.000499001996007984,9.130860241868244e-05
9225,0.07260479041916168,0.7740071334706475
9227,0.00998003992015968,0.06144705089212017
9230,0.021457085828343315,0.1970169187959257
9231,0.0007485029940119761,0.0
9232,0.00124750499001996,0.0
9233,0.07709580838323353,0.1990004934689896
9235,0.4723053892215569,0.9970148634835503
9236,0.000499001996007984,7.661549476110579e-06
9237,0.00124750499001996,0.0
9240,0.002245508982035928,0.0
9241,0.0027445109780439123,0.02251194211741548
9242,0.000249500998003992,0.0
9243,0.000249500998003992,0.0
9244,0.0029940119760479044,0.6367680800746048
9245,0.000499001996007984,0.0
9246,0.02245508982035928,0.10477245761877327
9248,0.49176646706586824,0.970402416397034
9249,0.3884730538922156,0.9751618012951001
9250,0.000998003992015968,0.22307488358528796
9251,0.001746506986027944,0.04056283066664906
9253,0.49001996007984033,0.9975157246987857
9254,0.000249500998003992,0.0
9255,0.0054890219560878245,0.014362950846471849
9256,0.000249500998003992,0.0
9257,0.38922155688622756,0.9751619171600441
9258,0.000249500998003992,0.00044286223330768364
9259,0.07759481037924151,0.20908423887051314
9260,0.000249500998003992,0.0
9261,0.001996007984031936,0.0
9262,0.38772455089820357,0.9751051123570142
9263,0.00873253493013972,0.027040840957177754
9264,0.3969560878243513,0.9510655598337878
9265,0.38922155688622756,0.9751619171678799
9267,0.3969560878243513,0.9510655598087479
9268,0.0007485029940119761,0.0
9271,0.49101796407185627,0.9999998549385906
9274,0.000249500998003992,0.0
9275,0.001746506986027944,0.5292542664249786
9276,0.00124750499001996,0.0
9281,0.00499001996007984,0.23315604119620228
9282,0.015718562874251496,0.6936084046789242
9283,0.0007485029940119761,0.0
9284,0.0007485029940119761,0.08358296271793611
9285,0.38872255489021956,0.9999999688849264
9286,0.39221556886227543,0.9999996963625117
9287,0.38822355289421157,0.9999919485382123
9288,0.39196606786427146,0.9916192168388854
9289,0.000249500998003992,0.0
9290,0.38897205588822353,0.9999999060246438
9291,0.38897205588822353,0.9999999060246412
9292,0.39196606786427146,0.9999998226448085
9293,0.00124750499001996,0.0
9295,0.4308882235528942,0.9654005559637832
9296,0.0124750499001996,0.06955102423205994
9297,0.38872255489021956,0.9916215065401853
9298,0.00249500998003992,0.00699372742244758
9299,0.000249500998003992,0.0
9300,0.41791417165668665,0.9874085409647902
9301,0.38597804391217566,0.9999651825473633
9302,0.4847804391217565,0.9665269241493886
9303,0.0007485029940119761,0.0
9304,0.000499001996007984,0.0
9305,0.3997005988023952,0.9507288962787283
9307,0.37000998003992014,0.8487229118314633
9309,0.3869760479041916,0.9999713653872941
9310,0.001996007984031936,0.04675076297908761
9311,0.000249500998003992,0.0
9312,0.000499001996007984,0.0
9314,0.4907684630738523,0.9882639817536563
9315,0.003243512974051896,0.9999999632346978
9316,0.002245508982035928,0.0
9318,0.3917165668662675,0.9955278088225681
9319,0.4912674650698603,0.9882380721237949
9320,0.000249500998003992,0.0
9321,0.00249500998003992,0.0
9322,0.000249500998003992,0.0
9323,0.46132734530938124,0.9721944994356179
9324,0.023952095808383235,0.7090981972751855
9325,0.013223552894211578,0.10574862018307495
9326,0.4219061876247505,0.992460680628665
9327,0.4219061876247505,0.992460680734587
9328,0.4219061876247505,0.992460680738402
9329,0.000249500998003992,0.0
9330,0.007235528942115769,0.3868457274347436
9331,0.000249500998003992,0.0
9333,0.4219061876247505,0.9836081636148819
9334,0.4219061876247505,0.9836081636261594
9335,0.4226546906187625,0.9999891517929994
9337,0.42240518962075846,0.9999892865473444
9342,0.010479041916167664,0.9989577673578254
9344,0.004491017964071856,0.022510271546364133
9345,0.4221556886227545,0.9998678338552486
9346,0.000249500998003992,0.00011318059702533754
9347,0.4219061876247505,0.9998687527366177
9349,0.42240518962075846,0.9999892865570295
9350,0.38273453093812376,0.9999928459308106
9352,0.3932135728542914,0.999930225358377
9353,0.000249500998003992,0.0
9354,0.000499001996007984,0.0
9355,0.38298403193612773,0.9999929299337675
9356,0.38273453093812376,0.9999928459246962
9358,0.39221556886227543,0.9999847294239297
9359,0.39221556886227543,0.9999847294343345
9360,0.000998003992015968,0.0
9361,0.09356287425149701,0.6271762952255746
9362,0.41042914171656686,0.965202485619999
9364,0.000499001996007984,0.0
9365,0.45109780439121755,0.9963943710195613
9366,0.000499001996007984,0.0
9367,0.00124750499001996,0.0
9368,0.0014970059880239522,0.0
9369,0.000499001996007984,0.9999910001828795
9370,0.4588323353293413,0.9954326110999765
9371,0.4595808383233533,0.9954259672182931
9372,0.4902694610778443,0.9999831954804507
9373,0.4481037924151697,0.9999991140902219
9375,0.43962075848303395,0.9691408024900561
9377,0.47280439121756485,0.9963473691196907
9378,0.0007485029940119761,0.0
9379,0.000249500998003992,0.0
9380,0.3964570858283433,0.9999239085004655
9381,0.4902694610778443,0.9999193164282348
9382,0.001746506986027944,0.9994264170340741
9383,0.000249500998003992,0.0
9386,0.467564870259481,0.9844314669410846
9387,0.04291417165668663,0.0940010982094676
9388,0.00124750499001996,0.0175475132853851
9389,0.000249500998003992,0.0
9391,0.41317365269461076,0.9917710079980315
9392,0.000249500998003992,0.0
9393,0.46107784431137727,0.9929614646362507
9394,0.012974051896207584,0.8959150349289854
9395,0.000499001996007984,0.0
9396,0.001996007984031936,0.0
9397,0.4967564870259481,0.9717259070079192
9398,0.4149201596806387,0.991823034255382
9399,0.4149201596806387,0.9918230339822524
9400,0.0014970059880239522,0.13389972300114608
9403,0.0007485029940119761,0.0
9404,0.000249500998003992,0.0
9405,0.436127744510978,0.9854633392509035
9406,0.015718562874251496,0.8540089025716933
9407,0.49575848303393216,0.9886090901745391
9409,0.000499001996007984,0.0
9410,0.003243512974051896,0.9999999632346589
9411,0.007984031936127744,0.39135073862229447
9412,0.000249500998003992,0.0
9414,0.000499001996007984,0.9999999643324929
9416,0.005988023952095809,0.9999999776667962
9418,0.3682634730538922,0.9135155167622944
9419,0.010728542914171657,0.8968692170704472
9420,0.000998003992015968,0.9999942126544313
9421,0.011726546906187624,0.3012450808871469
9423,0.49326347305389223,0.9998723288429074
9424,0.010229540918163672,0.1378334143600942
9425,0.4780439121756487,0.9620703621704515
9428,0.007734530938123752,0.48368841639699933
9429,0.003992015968063872,0.9713489123842473
9431,0.000249500998003992,0.0
9432,0.012724550898203593,0.880676957146156
9434,0.47554890219560875,0.9620417168953656
9435,0.0007485029940119761,0.9999999816318131
9436,0.0027445109780439123,0.03927333625793567
9437,0.000249500998003992,0.0
9438,0.36676646706586824,0.9302507018998304
9440,0.49376247504990023,0.9990503460002425
9443,0.0007485029940119761,0.09689667780071004
9446,0.49176646706586824,0.9994588053161213
9447,0.010728542914171657,0.4246042834592885
9448,0.49151696606786427,0.9999531105354262
9450,0.007734530938123752,0.04835755554970367
9451,0.000249500998003992,0.0
9452,0.49975049900199603,0.9997437396180694
9454,0.4880239520958084,0.9986713885838298
9455,0.4141716566866267,0.999627898626423
9457,0.49850299401197606,0.9952448386561008
9459,0.000249500998003992,0.0
9460,0.49276447105788423,0.9859139167725534
9461,0.000499001996007984,0.0
9462,0.49825349301397204,0.9936058208828538
9463,0.000249500998003992,0.0
9464,0.49276447105788423,0.9931846085609887
9465,0.008483033932135729,0.11587252358759857
9466,0.01222554890219561,0.0028064920713840678
9467,0.000998003992015968,0.031224958522984125
9468,0.010728542914171657,0.05725748471277299
9469,0.011726546906187624,0.37352902534264565
9470,0.0007485029940119761,0.00021503615526461417
9471,0.3804890219560878,0.9619914389020807
9472,0.0007485029940119761,0.0
9473,0.000499001996007984,0.0
9474,0.000998003992015968,0.02314290909412851
9475,0.00124750499001996,0.0034173304753909867
9476,0.0062375249500998,0.6613522316693868
9477,0.0037425149700598802,0.0602870746266241
9478,0.000499001996007984,0.0
9480,0.0054890219560878245,0.000600979712828954
9482,0.000249500998003992,0.0
9486,0.003992015968063872,0.13035229461027728
9487,0.3236027944111777,0.9555254466393159
9488,0.3869760479041916,0.9580304435819882
9489,0.015968063872255488,0.29007753493676525
9490,0.3867265469061876,0.989538691064442
9491,0.000499001996007984,0.0
9493,0.07734530938123753,0.5568358825898092
9494,0.008233532934131737,0.11044809686721113
9495,0.0054890219560878245,0.9998677561726478
9496,0.000499001996007984,0.0
9497,0.4268962075848304,0.9922949575033215
9498,0.053393213572854314,0.8411454623290197
9499,0.000499001996007984,0.00010950370037145442
9500,0.000499001996007984,5.9534565362514735e-05
9503,0.002245508982035928,0.15005993930390002
9504,0.42989021956087825,0.999938440491437
9505,0.40269461077844315,0.9915952227141671
9506,0.4293912175648703,0.9914930826507926
9508,0.000998003992015968,0.0
9509,0.4024451097804391,0.9999897280786794
9510,0.48078842315369263,0.9879001155155746
9511,0.00249500998003992,0.03122455145203515
9512,0.07609780439121756,0.5750573149558608
9513,0.000249500998003992,0.0
9514,0.000249500998003992,0.0
9515,0.37874251497005984,0.9762458855498873
9517,0.12100798403193613,0.9421401398980012
9518,0.12100798403193613,0.9421401474065971
9520,0.12100798403193613,0.9421401260123412
9524,0.000499001996007984,0.0
9525,0.37874251497005984,0.9761949614293588
9526,0.469311377245509,0.9991216614849158
9527,0.48952095808383234,0.9994027039338225
9528,0.008483033932135729,0.11030230674481163
9530,0.000249500998003992,0.0
9531,0.010978043912175649,0.6641382689438243
9532,0.0014970059880239522,0.49220154887583123
9534,0.002245508982035928,0.019789558015431367
9536,0.00499001996007984,0.9999999999994655
9537,0.004740518962075849,0.44176575137142493
9538,0.006487025948103792,0.7753222520756938
9539,0.003243512974051896,0.9999999632347015
9540,0.0007485029940119761,0.0
9542,0.00124750499001996,0.022320386187896557
9543,0.000249500998003992,3.584467152619497e-05
9544,0.012974051896207584,0.15788053406186142
9545,0.1467065868263473,0.9152106720446541
9547,0.005239520958083832,3.953323522909791e-06
9549,0.000249500998003992,0.0
9550,0.004740518962075849,0.6653279303385061
9552,0.000499001996007984,5.0012146853884184e-05
9553,0.000249500998003992,0.0
9554,0.000249500998003992,0.0
9555,0.000249500998003992,0.0
9556,0.0007485029940119761,0.0
9558,0.10454091816367266,0.8479211814232048
9560,0.000499001996007984,0.0
9561,0.009481037924151697,0.9999998898976589
9562,0.26771457085828343,0.9579303999793921
9564,0.32609780439121755,0.9881419850272177
9565,0.3250998003992016,0.9879741740735813
9566,0.12225548902195608,0.9992607979166006
9567,0.00249500998003992,0.0
9568,0.3231037924151697,0.9758252582759601
9569,0.00249500998003992,0.0
9570,0.4628243512974052,0.9126431350330148
9572,0.028942115768463075,0.9306630597583717
9573,0.4448602794411178,0.9103811430566872
9575,0.3236027944111776,0.975259068971224
9577,0.32285429141716565,0.9779865309082104
9579,0.001996007984031936,0.0
9580,0.18837325349301398,0.954589863794521
9581,0.005738522954091816,0.9960323681523867
9583,0.343562874251497,0.9811341022444724
9585,0.003493013972055888,0.9999993752593338
9586,0.000249500998003992,0.0
9587,0.000499001996007984,0.0
9588,0.001996007984031936,0.32538524128352686
9590,0.009730538922155689,0.9999961474437395
9591,0.000249500998003992,0.0
9593,0.2871756487025948,0.9684563698559011
9594,0.0007485029940119761,0.0
9595,0.026696606786427147,0.7424640017328991
9596,0.07135728542914171,0.9696576373543153
9597,0.000249500998003992,0.0
9598,0.04840319361277445,0.9650880885185155
9599,0.04840319361277445,0.9973251819692559
9600,0.04091816367265469,0.9036249903124255
9602,0.0658682634730539,0.9999577454534608
9604,0.0656187624750499,0.9991711362776137
9605,0.09306387225548902,0.9702057777137152
9607,0.06761477045908183,0.9761718813615197
9608,0.06736526946107785,0.9762669487643558
9609,0.02944111776447106,0.449095407517459
9610,0.07934131736526946,0.9628160196574984
9612,0.07909181636726546,0.9634823361117629
9614,0.34530938123752497,0.9458969236243635
9615,0.001746506986027944,0.0
9616,0.0027445109780439123,0.0
9617,0.023952095808383235,0.7884168689420782
9618,0.000249500998003992,0.0
9619,0.38448103792415167,0.9717844108872284
9620,0.003243512974051896,0.24756831546552654
9621,0.000249500998003992,0.0
9622,0.011477045908183632,0.9999999556188046
9624,0.4880239520958084,0.6905814465032161
9625,0.3690119760479042,0.9735707307644972
9626,0.000249500998003992,0.0
9628,0.09580838323353294,0.5211178797047472
9629,0.0074850299401197605,0.3253498502896449
9630,0.34930139720558884,0.9805528423167095
9631,0.36327345309381237,0.9999688262818488
9632,0.000249500998003992,0.0
9633,0.021956087824351298,0.7952152748980336
9634,0.49401197604790414,0.7447935573928843
9635,0.3507984031936128,0.9911048185624142
9636,0.36127744510978044,0.9999998941206477
9637,0.011477045908183632,0.9997668016570609
9638,0.36127744510978044,0.9912117060728148
9641,0.3615269461077844,0.9999996889266667
9643,0.0054890219560878245,0.07568913580696852
9644,0.4932634730538922,0.7445056105540456
9645,0.013722554890219561,0.4728774531794228
9646,0.000249500998003992,0.0
9648,0.44835329341317365,0.7509861732010689
9649,0.006487025948103792,0.9960043440058299
9650,0.3627744510978044,0.9191905537632847
9651,0.000249500998003992,0.0
9652,0.000249500998003992,0.0
9656,0.0037425149700598802,0.0
9657,0.038922155688622756,0.9979236146485256
9658,0.01222554890219561,0.999988938707528
9659,0.00124750499001996,0.0
9660,0.000249500998003992,0.0
9661,0.469311377245509,0.7096075491999088
9663,0.004740518962075849,0.9999999999999789
9665,0.01222554890219561,0.9999889387023435
9667,0.3393213572854291,0.9677437121172792
9668,0.03542914171656686,0.44766200014868707
9669,0.00124750499001996,0.0
9670,0.003992015968063872,0.9999993781924424
9671,0.46881237524950103,0.7107223287323338
9672,0.03093812375249501,0.8542445364540959
9673,0.005239520958083832,0.9960455752907963
9674,0.000249500998003992,0.0
9677,0.07609780439121756,0.8453848462966921
9678,0.03567864271457086,0.9322895496484888
9680,0.0014970059880239522,0.06670941854115583
9681,0.48278443113772457,0.8132190510952465
9682,0.01222554890219561,0.9999889387061498
9683,0.40144710578842313,0.8451597880052031
9685,0.36352295409181634,0.9319304870358937
9686,0.08258483033932136,0.835179376989148
9687,0.4466067864271457,0.8804441719267615
9688,0.08033932135728543,0.8467450351086145
9689,0.01472055888223553,0.2899265736179933
9690,0.000499001996007984,0.0
9691,0.002245508982035928,0.9980359472657567
9693,0.4930139720558882,0.7717141307966632
9694,0.36402195608782434,0.9314759217391644
9697,0.36227544910179643,0.9346492927608201
9698,0.018962075848303395,0.8368699915578798
9700,0.004740518962075849,0.6628949039839593
9701,0.03792415169660679,0.9996730899527327
9702,0.49276447105788423,0.7909270500132446
9703,0.019461077844311378,0.20255541442721983
9704,0.001996007984031936,3.456178079520413e-05
9707,0.4718063872255489,0.7917845711527662
9708,0.35503992015968067,0.686323741982469
9709,0.000249500998003992,6.843935120297894e-05
9710,0.000499001996007984,0.0
9711,0.000998003992015968,0.49899402471501353
9713,0.019461077844311378,0.08595025997530563
9714,0.000249500998003992,0.0
9715,0.36601796407185627,0.9514383482457828
9716,0.000249500998003992,0.0
9717,0.3405688622754491,0.9559925548389995
9718,0.1062874251497006,0.6601268905825658
9719,0.010978043912175649,0.06315576673294145
9720,0.10354291417165669,0.3548254123299963
9722,0.44835329341317365,0.6554107821782241
9723,0.000249500998003992,0.0
9726,0.0037425149700598802,0.02076959746059465
9727,0.1781437125748503,0.8636421906973566
9729,0.15194610778443113,0.9696407014337589
9730,0.003243512974051896,0.9999999929005143
9731,0.19760479041916168,0.9999998144234963
9735,0.19760479041916168,0.9999998144234716
9736,0.19760479041916168,0.9999998144234465
9737,0.19760479041916168,0.9999998144234463
9739,0.019211576846307386,0.21001891171988263
9740,0.16841317365269462,0.9332882450602811
9741,0.16841317365269462,0.9332882460501244
9742,0.19760479041916168,0.9999998144234248
9743,0.000249500998003992,0.0
9744,0.000249500998003992,6.843909436601416e-05
9745,0.49476047904191617,0.9381513618556095
9746,0.47330339321357284,0.9378471617474257
9747,0.19760479041916168,0.9999998144234512
9748,0.19710578842315368,0.9712453158620672
9749,0.15094810379241516,0.9999999111349873
9750,0.19760479041916168,0.9999998144234199
9754,0.19760479041916168,0.9999998144234019
9756,0.11926147704590818,0.9999921530657874
9757,0.000249500998003992,0.0
9758,0.19760479041916168,0.9999998144234759
9760,0.19760479041916168,0.9999998144234479
9761,0.000998003992015968,0.0
9762,0.19760479041916168,0.9999998144234479
9763,0.000249500998003992,0.0
9764,0.19785429141716568,0.9999997449598577
9765,0.19760479041916168,0.9999998144234705
9766,0.19760479041916168,0.9999998144234958
9767,0.19760479041916168,0.9999998144234676
9768,0.19760479041916168,0.999999814423447
9769,0.002245508982035928,0.0
9770,0.19760479041916168,0.9999998144234705
9772,0.19760479041916168,0.999999814423445
9774,0.003493013972055888,0.47589635491762816
9775,0.000249500998003992,0.0
9776,0.000998003992015968,0.0
9777,0.19760479041916168,0.9999998144234734
9778,0.11926147704590818,0.9999921530698506
9779,0.4740518962075848,0.938261699752281
9780,0.1279940119760479,0.9999981090084016
9781,0.0027445109780439123,1.1445477323468065e-05
9782,0.000249500998003992,0.0
9783,0.1279940119760479,0.9846879902461223
9784,0.000249500998003992,0.0
9785,0.005988023952095809,0.45175614106633866
9786,0.1344810379241517,0.9436379664728572
9787,0.19760479041916168,0.9999998144234237
9789,0.15094810379241516,0.999999911134968
9791,0.16117764471057885,0.999998461406323
9792,0.005239520958083832,0.020416115178579504
9794,0.0014970059880239522,0.006620035121386214
9796,0.000499001996007984,0.0
9798,0.19835329341317365,0.9999999544302011
9799,0.3657684630738523,0.9325691690110081
9800,0.1412175648702595,0.9999999354893959
9801,0.1279940119760479,0.9846879902441952
9802,0.15094810379241516,0.9999999111350573
9804,0.1282435129740519,0.9999976993821895
9806,0.19810379241516965,0.9999999632644373
9807,0.001996007984031936,0.0
9808,0.47030938123752497,0.9804708224050036
9809,0.19810379241516965,0.9999999632644335
9810,0.11901197604790419,0.9999916735920378
9813,0.19810379241516965,0.9999999632644213
9814,0.01122754491017964,0.3524531085793964
9815,0.15868263473053892,0.999999722006043
9816,0.0007485029940119761,0.0
9818,0.36052894211576847,0.999999999484011
9821,0.16217564870259482,0.9930171878049003
9822,0.36077844311377244,0.9996689328968485
9823,0.10079840319361277,0.999983273671685
9824,0.16192614770459082,0.9930169680170727
9826,0.000249500998003992,0.0
9827,0.2058383233532934,0.9999999902180239
9829,0.1591816367265469,0.9999832839856241
9830,0.1596806387225549,0.9957632582085857
9831,0.000249500998003992,0.0
9833,0.47679640718562877,0.9999999951286787
9834,0.1220059880239521,0.9381672255541337
9835,0.000499001996007984,0.0
9836,0.12250499001996008,0.9999561757991015
9837,0.47679640718562877,0.9999999951286795
9838,0.022704590818363273,0.29248782919050986
9839,0.47554890219560875,0.9839089962833216
9840,0.47554890219560875,0.9839089963008404
9841,0.47554890219560875,0.9839089962941308
9842,0.000249500998003992,0.0
9843,0.39096806387225547,0.9917496218779046
9844,0.4780439121756487,0.9999944294960842
9845,0.4897704590818363,0.9999942403279488
9846,0.15843313373253493,0.9999999879131354
9847,0.23253493013972057,0.9898214574181916
9848,0.47754491017964074,0.9999788385382847
9850,0.4770459081836327,0.9999703727991309
9853,0.47779441117764476,0.9998539399607477
9854,0.04615768463073852,0.1553844047424372
9855,0.2432634730538922,0.9997956655921776
9856,0.24276447105788423,0.9999899499953072
9857,0.0007485029940119761,1.5997371639595762e-05
9858,0.27944111776447106,0.9997041205662247
9859,0.13897205588822356,0.9999997400795444
9860,0.2118263473053892,0.9872543330528594
9861,0.1601796407185629,0.9942259736297642
9864,0.10678642714570859,0.9999986407813173
9865,0.2899201596806387,0.9994594933771113
9866,0.2904191616766467,0.9994752104245761
9868,0.14945109780439123,0.9936702906395
9869,0.002245508982035928,1.4453222508104537e-08
9870,0.23478043912175647,0.9994417288342999
9871,0.26072854291417163,0.9313062580180458
9872,0.000499001996007984,0.00025986737341585113
9873,0.009481037924151697,0.999992945147297
9874,0.2906686626746507,0.9996860715519555
9875,0.1501996007984032,0.9857090054826275
9876,0.0007485029940119761,0.0
9877,0.2337824351297405,0.9999316660376941
9878,0.2871756487025948,0.9878997899630436
9879,0.020459081836327345,0.1766330040671076
9880,0.003992015968063872,0.0
9881,0.029940119760479042,0.34143773898004726
9882,0.000499001996007984,0.00035940987749087986
9883,0.25748502994011974,0.9998949206575981
9885,0.001996007984031936,0.24675713760626158
9886,0.49101796407185627,0.9999822320736689
9887,0.49051896207584833,0.9999873865642636
9889,0.49051896207584833,0.9999873865649492
9890,0.23353293413173654,0.9999381370466444
9891,0.25773453093812376,0.9999244508239742
9892,0.249750499001996,0.9772977674767843
9893,0.000499001996007984,0.0
9895,0.000499001996007984,0.0
9897,0.12225548902195608,0.9999443737801198
9899,0.49226546906187624,0.9926942880130591
9900,0.2587325349301397,0.9999921505756901
9902,0.2342814371257485,0.990617723455972
9903,0.23478043912175647,0.9906002592666826
9904,0.47355289421157687,0.9880594052422909
9905,0.000499001996007984,0.0
9906,0.05089820359281437,0.12004544555390244
9907,0.23502994011976047,0.9999365841720207
9908,0.23478043912175647,0.9846769752617783
9909,0.2587325349301397,0.988363883008896
9912,0.16192614770459082,0.9999999947594052
9913,0.000249500998003992,0.0
9914,0.22954091816367264,0.993739073970073
9916,0.1472055888223553,0.9998159742707629
9918,0.14770459081836326,0.999980948318316
9921,0.12325349301397205,0.9843386267998271
9923,0.4740518962075848,0.99054315496367
9924,0.156936127744511,0.9978227556245252
9925,0.29416167664670656,0.9823636062855562
9926,0.009231536926147704,0.9996009345461478
9927,0.000499001996007984,0.0
9928,0.000499001996007984,0.0
9930,0.000249500998003992,0.0
9931,0.000249500998003992,0.0
9932,0.000249500998003992,0.0
9934,0.12300399201596807,0.983464776960851
9936,0.12300399201596807,0.9952022647716711
9937,0.13373253493013973,0.9766723623039811
9938,0.4718063872255489,0.9780283160180037
9939,0.003243512974051896,9.716094348517924e-05
9940,0.001996007984031936,0.0
9941,0.00124750499001996,0.0
9942,0.10329341317365269,0.96136576268033
9944,0.000499001996007984,0.0
9947,0.018463073852295408,0.6182547983954281
9949,0.001746506986027944,0.0
9950,0.04565868263473054,0.13411345052107604
9952,0.000998003992015968,0.01982004065950794
9953,0.4725548902195609,0.9914069296998252
9954,0.3859780439121756,0.935820812172971
9955,0.004740518962075849,0.013776740780207172
9956,0.12624750499001997,0.9999925043199038
9957,0.0007485029940119761,0.0
9958,0.000499001996007984,0.023142744605359925
9960,0.01222554890219561,0.07516365737030063
9961,0.125249500998004,0.9999998736849312
9962,0.009730538922155689,0.17275861460987738
9965,0.000998003992015968,0.0
9966,0.30588822355289425,0.9325926528280192
9967,0.009481037924151697,0.11130690915398916
9970,0.000998003992015968,0.0
9973,0.00124750499001996,0.0
9975,0.08258483033932136,0.19850538041403906
9976,0.000249500998003992,0.0
9977,0.000249500998003992,0.0
9979,0.000499001996007984,0.0
9981,0.000249500998003992,0.0
9983,0.31786427145708585,0.24996669248586678
9984,0.022704590818363273,0.09526849297897197
9986,0.33682634730538924,0.27051102646230174
9988,0.013223552894211578,0.13708494005897395
9989,0.000499001996007984,0.0
9993,0.003992015968063872,0.7471563080853754
9994,0.001996007984031936,0.0
9995,0.000499001996007984,2.379501922910172e-05
9996,0.0007485029940119761,0.0
9997,0.000499001996007984,0.0
9998,0.000249500998003992,0.0
9999,0.007734530938123752,0.0626855111870799
