snp,maf,r2
2,0.16666666666666666,0.9532460393780632
4,0.14296407185628743,0.9466368904851462
5,0.23602794411177644,0.9908642357938083
6,0.2687125748502994,0.965508333883756
7,0.000249500998003992,0.0
8,0.000998003992015968,0.0
12,0.000998003992015968,0.0
13,0.000499001996007984,0.0
15,0.281437125748503,0.9991342386761096
17,0.009231536926147704,0.10391321190440697
18,0.000249500998003992,0.0
20,0.004491017964071856,0.004792303455460011
21,0.1664171656686627,0.9510888603871497
22,0.00124750499001996,0.0
23,0.1591816367265469,0.9510721168714393
24,0.16067864271457086,0.9501071571610747
31,0.000249500998003992,0.0
32,0.000998003992015968,0.0
34,0.27445109780439125,0.9703232089913367
36,0.000249500998003992,0.0
39,0.000499001996007984,0.0
42,0.00124750499001996,0.4001791544245123
43,0.00124750499001996,0.4001792861104018
44,0.000499001996007984,0.0
45,0.1724051896207585,0.9835035542078927
47,0.1724051896207585,0.9835035546098783
48,0.000499001996007984,0.0
49,0.003243512974051896,0.14847780305118743
52,0.0007485029940119761,0.49738270926750106
53,0.47380239520958084,0.9604766195092962
58,0.2624750499001996,0.9716442119362529
60,0.25673652694610777,0.9594441625130082
61,0.007734530938123752,0.02958748812958789
63,0.000499001996007984,0.0
65,0.17140718562874252,0.9811694817027699
71,0.001996007984031936,0.0
72,0.000998003992015968,0.0
74,0.2926646706586826,0.9949835745923311
75,0.47280439121756485,0.9908445473168658
79,0.0007485029940119761,0.0
80,0.0042415169660678645,0.39754799379314126
81,0.1936127744510978,0.9999999584338255
82,0.000249500998003992,0.0
83,0.000499001996007984,0.0
86,0.2465069860279441,0.9995319792371324
87,0.07285429141716566,0.9983006076742357
92,0.19461077844311378,0.9999999971796139
95,0.2307884231536926,0.9757400735972109
96,0.003992015968063872,0.02411056281936261
97,0.000249500998003992,0.0
98,0.4877744510978044,0.9924018912700521
103,0.010728542914171657,0.05871150293679543
113,0.10454091816367266,0.8942772859758543
118,0.16666666666666666,0.9999999451564666
119,0.45933133732534925,0.9884280495739862
120,0.14870259481037923,0.9854651978485413
121,0.000499001996007984,0.0
123,0.000998003992015968,3.715898637448122e-06
125,0.11926147704590818,0.9851946223803341
127,0.009481037924151697,0.43433395871453895
128,0.14021956087824353,0.9999489942087393
129,0.1694111776447106,0.9866083023184764
131,0.000249500998003992,0.0
132,0.34780439121756485,0.991269443209492
135,0.14845309381237526,0.9865931614930927
136,0.000249500998003992,0.0
139,0.11726546906187625,0.9997871653286986
142,0.003992015968063872,0.018058769483253228
146,0.4970059880239521,0.9818054159178613
147,0.002245508982035928,0.99928622999364
150,0.4660678642714571,0.9910028663937239
152,0.14520958083832336,0.9820096887762525
153,0.00124750499001996,0.0
155,0.00124750499001996,0.019447494770234736
156,0.1499500998003992,0.9723177927669039
158,0.008483033932135729,0.1810430188984049
159,0.19261477045908185,0.9660940226324914
165,0.00124750499001996,0.11675667333559873
167,0.1467065868263473,0.9764553432228401
168,0.17140718562874252,0.9952429794343071
170,0.0037425149700598802,0.9969107462030035
171,0.11926147704590818,0.9781543867788005
176,0.17115768463073852,0.986965672907627
177,0.00998003992015968,0.0873150913449043
178,0.001996007984031936,7.440939964743839e-05
181,0.16841317365269462,0.9954185910044694
183,0.36427145708582837,0.9692286708263137
184,0.004491017964071856,0.02215863848352688
188,0.4510978043912176,0.9895254705929907
190,0.36452095808383234,0.9735669718569423
192,0.000249500998003992,0.0
196,0.001746506986027944,0.0
197,0.17165668662674652,0.9658320972265589
198,0.0037425149700598802,0.6136028757768055
199,0.0037425149700598802,0.07369290427133052
204,0.1936127744510978,0.9568850653992802
207,0.0007485029940119761,0.123246058297964
208,0.000499001996007984,0.0
210,0.000998003992015968,0.7877879252645803
215,0.2662175648702595,0.13545028510302837
220,0.47105788423153694,0.9045808881714056
221,0.0007485029940119761,0.0
223,0.000249500998003992,0.0
228,0.000998003992015968,0.0
229,0.000499001996007984,0.0
230,0.00499001996007984,0.3352161461082665
234,0.015718562874251496,0.8184571631317156
236,0.014221556886227544,0.5993541957189742
238,0.000249500998003992,0.0
243,0.2272954091816367,0.9544253284506553
244,0.24700598802395213,0.9889741773968368
245,0.000499001996007984,0.12138945838610696
246,0.00124750499001996,0.0005553034721460897
248,0.000249500998003992,0.0
249,0.005738522954091816,0.9998815134172879
250,0.07634730538922156,0.986541311012105
251,0.000249500998003992,0.0
253,0.08932135728542914,0.9999934405132052
254,0.30164670658682635,0.9999999430500573
257,0.001996007984031936,0.9999999824036218
258,0.3018962075848304,0.999999998481566
263,0.000249500998003992,0.0
264,0.008233532934131737,0.2657155915538375
265,0.00124750499001996,0.0
268,0.05289421157684631,0.999999999052094
271,0.0007485029940119761,0.0
272,0.000249500998003992,0.0
274,0.05289421157684631,0.999999999052094
276,0.000249500998003992,0.0
277,0.29416167664670656,0.9891848696647685
278,0.000249500998003992,0.0
280,0.2584830339321357,0.9405442319325266
282,0.29740518962075846,0.9866272672389507
283,0.000249500998003992,4.442537245537313e-05
286,0.000249500998003992,0.0
288,0.21107784431137724,0.9967286671762252
291,0.04965069860279441,0.9999997287898295
292,0.312874251497006,0.9987125206825584
293,0.20184630738522955,0.973307639136994
298,0.08857285429141716,0.9999997848322417
301,0.2969061876247505,0.00881538013871873
302,0.000249500998003992,0.0
303,0.051646706586826345,0.9999999995267641
304,0.010479041916167664,0.18202240885165125
310,0.0007485029940119761,0.0
311,0.006736526946107785,0.9999999859367277
312,0.051646706586826345,0.9999999987581303
314,0.21731536926147704,0.9786808377808633
316,0.000499001996007984,0.0
317,0.000249500998003992,0.0
318,0.000499001996007984,0.0
320,0.04915169660678643,0.9999999393795882
321,0.056387225548902194,0.9999998309572604
322,0.000499001996007984,0.0
325,0.000499001996007984,4.064235081380694e-06
326,0.30439121756487025,0.9993536752808014
327,0.19635728542914171,0.9796879764931857
328,0.000499001996007984,0.0
330,0.2250499001996008,0.985077890638399
331,0.015968063872255488,0.546407659344942
332,0.20484031936127745,0.997397151343956
335,0.001996007984031936,0.7693465264657532
336,0.020958083832335328,0.49079695479846114
337,0.2986526946107785,0.9986046709699037
339,0.00124750499001996,0.0
341,0.02619760479041916,0.5615065562881291
343,0.06387225548902195,0.9834999591586976
346,0.000499001996007984,0.0
348,0.24500998003992014,0.999997232025784
350,0.0845808383233533,0.9183384740636907
351,0.0032435129740518986,0.0
352,0.005738522954091816,0.011768032850643564
354,0.3073852295409182,0.9948195946518741
355,0.000499001996007984,0.033907826495713694
356,0.0014970059880239522,0.0
357,0.000249500998003992,0.0
358,0.3083832335329342,0.9948186420244193
359,0.000998003992015968,0.0
362,0.000499001996007984,0.0
363,0.3023952095808383,0.9951633937102614
364,0.000249500998003992,0.0
365,0.000249500998003992,0.0
367,0.000998003992015968,0.0
368,0.20234530938123751,0.9833038400746034
369,0.0062375249500998,0.6639720538765944
370,0.2063373253493014,0.9867250263566134
374,0.03318363273453094,0.7335252021662021
378,0.000499001996007984,1.3386985825318365e-05
380,0.10029940119760479,0.8691047293536466
381,0.001746506986027944,0.0
383,0.002245508982035928,0.1333086351323649
385,0.000499001996007984,0.0
388,0.46182634730538924,0.7845124238561566
390,0.004491017964071856,0.0009626218181216086
393,0.24700598802395213,0.9999999997803977
396,0.24401197604790414,0.9887179593895472
401,0.08283433133732535,0.9220640387886854
404,0.006487025948103792,0.6639719487551242
405,0.07035928143712575,0.997153547180054
406,0.48003992015968067,0.9916202880540325
410,0.38098802395209586,0.9825569671941977
414,0.0014970059880239522,0.9999998773250727
415,0.09605788423153692,0.9999999996996864
417,0.09580838323353294,0.999999998027739
419,0.0845808383233533,0.9997808838434356
421,0.000249500998003992,0.0
423,0.07060878243512975,0.9972781261321016
427,0.3143712574850299,0.9902948967853216
429,0.00124750499001996,0.0
431,0.31037924151696605,0.9805952926099298
433,0.07110778443113773,0.9652155101281092
435,0.0499001996007984,0.9999999943012183
437,0.16741516966067865,0.9990487339551188
438,0.000249500998003992,0.0
440,0.000998003992015968,0.0
447,0.015469061876247504,0.6430799398754826
448,0.0014970059880239522,0.0
450,0.061377245508982034,0.6480547496057096
451,0.41591816367265466,0.8393509266772703
453,0.0054890219560878245,0.38201424544528073
458,0.21082834331337325,0.18031858158610614
462,0.0007485029940119761,0.0
463,0.000249500998003992,0.0
465,0.0027445109780439123,0.9996257070943527
467,0.26596806387225547,0.9756895673291736
471,0.26422155688622756,0.9999960343208835
472,0.000499001996007984,0.0
476,0.0007485029940119761,0.0
478,0.1656686626746507,0.6846088433665638
479,0.2647205588822355,0.9842669856538349
481,0.000249500998003992,0.0
482,0.000249500998003992,0.0
483,0.0007485029940119761,0.0005506132516998128
484,0.2801896207584831,0.6862846649445994
486,0.4453592814371258,0.9071664269915947
488,0.40993013972055886,0.9120340926519203
489,0.010229540918163672,0.999857085777003
491,0.023453093812375248,0.06913151706507137
495,0.012724550898203593,0.7629685110973112
500,0.16791417165668662,0.7057179756709974
503,0.02844311377245509,0.9969532115855971
508,0.000499001996007984,0.0
511,0.3532934131736527,0.9969106736869687
513,0.11177644710578842,0.6118027774556675
515,0.35204590818363274,0.996902630871991
516,0.000249500998003992,0.0
518,0.001746506986027944,0.0
519,0.28043912175648705,0.9999999982005989
520,0.000249500998003992,0.11809462781252135
525,0.280189620758483,0.9999999991133024
526,0.2776946107784431,0.9999999498276377
527,0.281187624750499,0.9999999991312578
528,0.26322355289421157,0.9999998488546006
530,0.281187624750499,0.9999999991312538
533,0.37949101796407186,0.9883054399746705
535,0.0007485029940119761,0.0
536,0.007734530938123752,0.025044873695951233
539,0.05264471057884232,0.5429381829196893
541,0.281187624750499,0.9999999991312563
542,0.4091816367265469,0.9137335139168107
543,0.280688622754491,0.9999999890406908
544,0.281187624750499,0.9999999888008342
545,0.281437125748503,0.9999999888151296
547,0.010479041916167664,0.05225240582517479
551,0.000249500998003992,0.00042439663329075437
554,0.001746506986027944,0.0
558,0.000249500998003992,0.0
561,0.006736526946107785,0.04844196723621295
562,0.125,0.12888810583369015
563,0.0007485029940119761,0.0
564,0.36601796407185627,0.6890640723221809
566,0.000499001996007984,0.0
569,0.000249500998003992,0.0
570,0.0029940119760479044,8.092001593803265e-06
571,0.20209580838323354,0.947947672822346
575,0.000249500998003992,0.0
576,0.4555888223552894,0.9594726273443768
577,0.27569860279441116,0.9768371253609694
578,0.000249500998003992,0.0
579,0.0007485029940119761,0.0
581,0.000249500998003992,0.0
582,0.26746506986027946,0.9999999605039736
583,0.14471057884231536,0.9903137015967709
586,0.0406686626746507,0.9362816467266102
588,0.03842315369261477,0.9997540508933366
591,0.001996007984031936,0.0
596,0.028942115768463075,0.6561586221602435
598,0.000249500998003992,0.0
599,0.0029940119760479044,0.012841128518250419
601,0.003992015968063872,3.290809874499266e-05
602,0.004740518962075849,0.07412433375822897
603,0.3567864271457086,0.9815382352490984
607,0.001996007984031936,0.0
608,0.34231536926147704,0.9987470737435203
610,0.000249500998003992,0.00043328856989377636
611,0.344810379241517,0.9844254212798972
612,0.0007485029940119761,0.0
613,0.029191616766467067,0.6480481509994147
614,0.344311377245509,0.9999849739857198
616,0.0052395209580838875,0.1178156499440873
617,0.000249500998003992,0.0
619,0.4216566866267465,0.9984723223501625
621,0.4316367265469062,0.9982356506397144
622,0.000249500998003992,8.069976567920716e-06
623,0.34331337325349304,0.9907291281307758
625,0.000249500998003992,0.0
630,0.009231536926147704,0.5713317312858281
633,0.006986027944111776,0.3478267938471925
634,0.20159680638722555,0.9664981407851588
635,0.000249500998003992,0.0
636,0.003243512974051896,0.0031093485134636198
641,0.20059880239520958,0.9416762038973012
642,0.000249500998003992,0.0
643,0.003992015968063872,0.724322887580478
644,0.3023952095808383,0.9824749313048313
645,0.38398203592814373,0.9874379966451557
649,0.3804890219560878,0.9936766966764858
653,0.38622754491017963,0.9918778126460112
654,0.4820359281437126,0.9902000385885176
656,0.003992015968063872,0.4704298458513936
657,0.000249500998003992,0.0
658,0.0007485029940119761,0.0
662,0.001996007984031936,0.27825524997850565
663,0.011976047904191617,0.9999937261309653
667,0.023203592814371257,0.626688816317863
668,0.0656187624750499,0.4665110038479706
670,0.000249500998003992,0.0
671,0.000249500998003992,0.0
675,0.4466067864271457,0.9290119146326306
679,0.0007485029940119761,0.0
680,0.000249500998003992,0.0
682,0.004491017964071856,0.9124133424249439
683,0.000499001996007984,2.018507743061573e-05
684,0.002245508982035928,0.0
686,0.002245508982035928,0.3322245374203369
687,0.000499001996007984,9.992364331873085e-06
690,0.0014970059880239522,0.0001177281342636382
692,0.02220558882235529,0.6993956576560846
695,0.0029940119760479044,0.0
700,0.011726546906187624,0.9999939816282555
703,0.000499001996007984,0.0
704,0.001996007984031936,0.19638195986049584
707,0.06087824351297405,0.9985594405509134
710,0.000249500998003992,0.0
712,0.0007485029940119761,5.5592754573531086e-05
715,0.3290918163672655,0.9813965358094724
716,0.06661676646706587,0.9984306267619101
717,0.41641716566866266,0.9996040767286457
722,0.00124750499001996,0.0
724,0.0968063872255489,0.999829430371744
728,0.019461077844311378,0.44136317269424263
729,0.4456087824351297,0.9999996732134697
731,0.00124750499001996,0.0
733,0.1783932135728543,0.9616652793660962
734,0.002245508982035928,0.0
735,0.008483033932135729,0.7471194627487547
740,0.17739520958083832,0.9999997984685124
741,0.14246506986027943,0.9999968756806269
746,0.4109281437125748,0.9835338854383024
747,0.1284930139720559,0.7187798288038196
749,0.000499001996007984,0.0
754,0.0007485029940119761,0.0
755,0.3315868263473054,0.9447837758714829
757,0.344311377245509,0.9620021459803375
758,0.16766467065868262,0.9073211594822218
759,0.0037425149700598802,0.4392395313268596
760,0.48303393213572854,0.9999983516756159
761,0.000249500998003992,0.0001751986565071197
762,0.4922654690618763,0.938511240286539
768,0.000249500998003992,0.0
769,0.4937624750499002,0.9999999977214342
771,0.49426147704590817,0.9999415695995483
773,0.4937624750499002,0.9999999977214307
774,0.4945109780439122,0.9999443375765769
775,0.00873253493013972,0.9996803255288848
776,0.4940119760479042,0.9999987069763662
778,0.051646706586826345,0.49836507659496304
779,0.013722554890219561,0.8143837613224107
780,0.312874251497006,0.999999993359173
783,0.49326347305389223,0.9998087357570481
785,0.4940119760479042,0.99999998178767
787,0.4937624750499002,0.9999999999128972
794,0.0007485029940119681,0.0
797,0.3348303393213573,0.9809067908158094
799,0.33083832335329344,0.9989883062029264
803,0.000249500998003992,0.0
808,0.003493013972055888,0.06681187609035036
809,0.49076846307385225,0.9922254927204704
810,0.14620758483033933,0.9842596744346321
812,0.0007485029940119761,0.0
813,0.000249500998003992,0.0
814,0.14620758483033933,0.9836583038675755
815,0.000499001996007984,0.0
818,0.021956087824351298,0.1860147915988906
819,0.000249500998003992,0.0
820,0.43687624750499,0.9999081491004714
821,0.00124750499001996,0.331983755701078
822,0.000249500998003992,0.0
824,0.000249500998003992,0.0
827,0.000249500998003992,0.0
830,0.43313373253493015,0.9885713537636139
832,0.0027445109780439123,0.3522062802966346
835,0.06636726546906188,0.7389282963532662
837,0.11152694610778444,0.9643529616872223
838,0.0029940119760479044,0.010213451139562985
839,0.002245508982035928,0.0
840,0.27894211576846306,0.9995283228990278
841,0.0037425149700598802,0.5876808339481422
845,0.2786926147704591,0.9999686321357427
846,0.000249500998003992,0.0
848,0.31037924151696605,0.9999454134788074
849,0.03243512974051896,0.46137272984283495
851,0.003243512974051896,0.7984001493322248
856,0.17440119760479042,0.9743258291754394
860,0.000998003992015968,0.0
861,0.001996007984031936,0.4980044506824723
862,0.1906187624750499,0.9760701200167597
866,0.19835329341317365,0.9999997627062481
868,0.023453093812375248,0.5939630332263758
869,0.12874251497005987,0.9622285821370806
871,0.0027445109780439123,0.35220627007852345
872,0.00124750499001996,0.00035359554674025437
873,0.16392215568862276,0.9587895096140758
874,0.035179640718562874,0.998650045777796
875,0.08383233532934131,0.7832864412240772
876,0.156936127744511,0.9584143640917137
878,0.0029940119760479044,0.1466780024211697
886,0.021706586826347306,0.4874083065419301
890,0.000998003992015968,0.0
894,0.000499001996007984,0.0
902,0.000249500998003992,0.0
903,0.000249500998003992,0.0
904,0.000249500998003992,0.0
906,0.000249500998003992,0.0
912,0.000499001996007984,0.0
913,0.47155688622754494,0.9603444600875769
914,0.001996007984031936,0.0023966158332825935
915,0.000249500998003992,0.0
917,0.002245508982035928,0.0007963241167549425
918,0.0007485029940119761,0.0
926,0.0037425149700598802,0.6602277654404272
929,0.000249500998003992,0.0
930,0.006487025948103792,0.6158124700278573
932,0.3101297405189621,0.9999649567337329
936,0.000249500998003992,0.0
937,0.000249500998003992,1.3365818043620707e-05
938,0.00124750499001996,1.7615821587715565e-05
942,0.000249500998003992,0.0
945,0.0054890219560878245,6.162543298134236e-05
946,0.46357285429141715,0.9920716751683056
951,0.000249500998003992,0.0
952,0.10703592814371254,0.9408933190746767
959,0.4633233532934132,0.9920710268694021
961,0.0029940119760479044,0.12828295693915573
963,0.05588822355289421,0.3677854626931528
968,0.000249500998003992,0.0
969,0.37200598802395207,0.9561818194679254
972,0.000249500998003992,0.0
973,0.000249500998003992,0.0
974,0.10404191616766467,0.24601714856434215
976,0.007984031936127744,0.021126656597457983
977,0.28892215568862273,0.7379302378833906
979,0.000499001996007984,4.016120529978847e-06
980,0.000499001996007984,0.0
987,0.0007485029940119761,0.0
989,0.00124750499001996,0.0
991,0.000249500998003992,0.0
992,0.12949101796407186,0.8310687105563852
993,0.03567864271457086,0.9999999810076728
994,0.000998003992015968,0.0
997,0.09655688622754491,0.9999960226654632
1001,0.000499001996007984,0.0
1007,0.000499001996007984,0.0
1016,0.1372255489021956,0.9996749510120628
1020,0.00499001996007984,0.11339555965248205
1021,0.000249500998003992,0.0
1024,0.13872255489021956,0.9230811184394758
1025,0.13872255489021956,0.99102148870775
1027,0.011477045908183632,0.947723348810114
1029,0.001996007984031936,0.9450377767793218
1036,0.0656187624750499,0.9999999875191321
1039,0.0007485029940119761,0.0
1041,0.15518962075848303,0.997315129347096
1042,0.000249500998003992,1.0560527930944655e-05
1046,0.01472055888223553,0.9999999498627763
1047,0.0007485029940119761,0.0
1048,0.0042415169660678645,0.286816930817977
1050,0.08982035928143713,0.9999939515380925
1052,0.000249500998003992,0.0
1054,0.000499001996007984,0.0
1055,0.0718562874251497,0.9539516510458845
1057,0.0014970059880239522,0.47746558870724026
1058,0.000249500998003992,0.0
1059,0.000249500998003992,0.0
1062,0.01472055888223553,0.9999947372693384
1070,0.02719560878243513,0.7925013848053623
1073,0.07634730538922156,0.9999974524136152
1075,0.004491017964071856,0.0
1077,0.003243512974051896,0.010039589511586195
1080,0.001996007984031936,0.0
1081,0.0686127744510978,0.9882556388895527
1082,0.0007485029940119761,0.0
1084,0.029940119760479042,0.998021604310298
1087,0.05389221556886228,0.9999999890728908
1089,0.05389221556886228,0.9999999890728997
1090,0.062624750499002,0.9997943455262529
1091,0.016966067864271458,0.7227670692310899
1094,0.0042415169660678645,0.7229072844949006
1096,0.05314371257485029,0.37840012372671167
1097,0.05464071856287425,0.9999998011454551
1100,0.05389221556886228,0.9999999890728934
1101,0.01621756487025948,0.9999999960472117
1102,0.003493013972055888,0.004192338441360006
1107,0.025199600798403193,0.7889874089985939
1111,0.008233532934131737,0.7431932732531272
1112,0.3532934131736527,0.7029891615270278
1113,0.000499001996007984,4.0810930305242635e-06
1114,0.0042415169660678645,0.006724429024240113
1116,0.056387225548902194,0.20027806075103002
1119,0.000249500998003992,0.0
1121,0.043912175648702596,0.9901674595735812
1124,0.04790419161676647,0.1986048071565277
1125,0.11801397205588822,0.6082308572492297
1126,0.06911177644710578,0.6093858904951887
1137,0.016716566866267466,0.8351196542040624
1138,0.000499001996007984,2.273604221977423e-05
1140,0.0014970059880239522,0.0
1141,0.005738522954091816,0.49279828342758863
1143,0.000249500998003992,0.0
1145,0.2759481037924152,0.95371673862754
1146,0.000499001996007984,0.0
1148,0.3929640718562874,0.9371935331988047
1150,0.0656187624750499,0.9999998568501958
1152,0.09755489021956087,0.9939326076714571
1153,0.000499001996007984,0.0
1154,0.03218562874251497,0.775916924528487
1156,0.000499001996007984,0.0
1160,0.000249500998003992,0.0
1162,0.003243512974051896,0.0
1165,0.0593812375249501,0.8071747655768775
1166,0.000499001996007984,0.08927972252557098
1169,0.07160678642714571,0.8901900994359981
1171,0.013223552894211578,0.39457007935193167
1172,0.009231536926147704,0.5196254440741973
1179,0.000249500998003992,0.0
1180,0.08033932135728543,0.8694370624894001
1184,0.2717065868263473,0.9910556171740655
1185,0.3962075848303393,0.9976239312340066
1187,0.045409181636726546,0.5755452021758609
1189,0.02944111776447106,0.571476568233394
1191,0.39545908183632733,0.9978379582227171
1195,0.35454091816367267,0.9932649439656616
1196,0.02869261477045908,0.6078492946561563
1201,0.3872255489021956,0.9999982087307014
1204,0.000249500998003992,0.0
1208,0.003493013972055888,0.24816267844806317
1209,0.011726546906187624,0.2490616476251786
1210,0.00124750499001996,0.7177965276051259
1211,0.3537924151696607,0.9912665682431514
1213,0.0007485029940119761,0.0
1214,0.006986027944111776,0.4542395578265538
1215,0.4026946107784431,0.9945784052846295
1217,0.000249500998003992,0.0
1219,0.011726546906187624,0.24906164010450665
1220,0.23203592814371257,0.9875525186391271
1222,0.2774451097804391,0.9999489176705223
1223,0.27669660678642716,0.9999486760325926
1224,0.000249500998003992,0.0
1225,0.000249500998003992,0.0
1226,0.2759481037924152,0.999999999159082
1228,0.16392215568862276,0.9721031116478668
1229,0.2776946107784431,0.9999874719920514
1231,0.27719560878243515,0.9999875090604902
1232,0.000499001996007984,0.0
1233,0.2776946107784431,0.9999989806265228
1234,0.27619760479041916,0.999999837055118
1235,0.001746506986027944,0.07094184940927645
1236,0.3221057884231537,0.9921172721885556
1238,0.22080838323353294,0.9786288687328336
1241,0.03493013972055888,0.691689712046359
1244,0.0007485029940119761,0.0
1246,0.2213073852295409,0.9630953347040585
1247,0.0037425149700598802,0.06682232795426385
1248,0.0042415169660678645,0.9862676651955745
1249,0.04266467065868264,0.7063874097870838
1250,0.26497005988023953,0.9464313151731928
1252,0.01472055888223553,0.7322517930217985
1255,0.17115768463073852,0.9150476224579929
1256,0.17115768463073852,0.9150476171452154
1257,0.000998003992015968,3.9152555813534085e-06
1258,0.0037425149700598802,0.0
1260,0.1751497005988024,0.8785289082598774
1261,0.30988023952095806,0.8467489061901712
1264,0.0029940119760479044,0.48399242370118056
1265,0.03218562874251497,0.706864821024564
1266,0.16417165668662675,0.8998008266594627
1268,0.15169660678642716,0.8722809238953335
1269,0.003243512974051896,0.49391713250551467
1270,0.1312375249500998,0.9719316489509218
1272,0.000998003992015968,0.0
1273,0.000499001996007984,4.364322323174011e-07
1274,0.005988023952095809,0.4713064197397577
1275,0.1534431137724551,0.9999971281320912
1280,0.1534431137724551,0.9999971281337292
1282,0.1501996007984032,0.9950373806056617
1284,0.13298403193612773,0.9274095495821086
1285,0.05688622754491018,0.9399926570990499
1286,0.15144710578842316,0.9959646640209824
1287,0.4608283433133733,0.9907949884293513
1288,0.14246506986027943,0.932270008252112
1298,0.00249500998003992,0.0
1299,0.000499001996007984,0.0
1300,0.313872255489022,0.9988866080973201
1302,0.000499001996007984,0.0
1304,0.46107784431137727,0.998732765280796
1305,0.000998003992015968,0.0
1307,0.05389221556886228,0.5147276306330385
1308,0.000249500998003992,0.0
1310,0.043912175648702596,0.8552272133662004
1313,0.0014970059880239522,0.0
1315,0.45758483033932135,0.9597886841282559
1316,0.000499001996007984,0.0
1319,0.004740518962075849,0.3343213133315033
1321,0.4134231536926148,0.9916712252628257
1322,0.4268962075848303,0.9535093229816775
1323,0.40344311377245506,0.9642417906433944
1325,0.008982035928143712,0.2285466535313957
1326,0.001746506986027944,3.743130584986003e-05
1328,0.000499001996007984,0.0
1330,0.006736526946107785,0.9880675456519642
1333,0.029191616766467067,0.9984835013884104
1334,0.38622754491017963,0.9913992878385204
1336,0.43912175648702595,0.9993543111917524
1340,0.000249500998003992,0.0
1341,0.000249500998003992,0.0
1343,0.0042415169660678645,0.07273196117447149
1344,0.0054890219560878245,0.999110523455845
1345,0.000499001996007984,0.0
1346,0.0007485029940119761,0.0
1347,0.0014970059880239522,0.0
1351,0.000249500998003992,0.0
1352,0.000998003992015968,0.0
1354,0.4448602794411178,0.9925657856722332
1356,0.0029940119760479044,0.0
1357,0.4398702594810379,0.9973120124764263
1358,0.005738522954091816,0.10842880065190652
1359,0.11452095808383234,0.9999924043626872
1360,0.000499001996007984,0.0
1364,0.000998003992015968,0.9999286836971666
1365,0.3690119760479042,0.9966117484693094
1366,0.005738522954091816,0.012887507405977938
1369,0.4416167664670659,0.9998397432479421
1374,0.0007485029940119761,0.0
1375,0.0007485029940119761,0.0
1379,0.030439121756487025,0.9944945007074565
1381,0.14845309381237526,0.9198730225999614
1382,0.000249500998003992,0.0
1383,0.0054890219560878245,0.9999990062738371
1389,0.000499001996007984,0.0
1390,0.08657684630738523,0.999877365203717
1396,0.000998003992015968,0.0
1397,0.2856786427145709,0.9586454896432764
1399,0.002245508982035928,0.2099777052343521
1403,0.49201596806387227,0.933206724500894
1405,0.003992015968063872,0.4987396886870514
1406,0.10454091816367266,0.9069748868983986
1407,0.4835329341317365,0.9469314708946847
1410,0.4458582834331337,0.9292969290157237
1414,0.008483033932135729,0.9999999083621692
1421,0.000998003992015968,0.0
1423,0.10204590818363274,0.899784317841764
1424,0.0014970059880239522,0.0
1425,0.35803393213572854,0.9633922369841198
1426,0.4194111776447106,0.9909526103813301
1430,0.41891217564870264,0.9988036091156355
1434,0.37649700598802394,0.9567478606410398
1435,0.01222554890219561,0.3976523193864703
1438,0.000499001996007984,0.0
1441,0.3989520958083832,0.9999503237617148
1443,0.10354291417165669,0.9223944428523879
1444,0.0249500998003992,0.9590595361093275
1445,0.0007485029940119761,0.0
1450,0.000499001996007984,0.0
1451,0.11501996007984032,0.9813632286244737
1453,0.0029940119760479044,0.0
1456,0.000249500998003992,8.053688148510418e-06
1457,0.000249500998003992,8.05368847558362e-06
1460,0.11477045908183632,0.9885558103548138
1464,0.30164670658682635,0.999980119032939
1466,0.11501996007984032,0.9978327277784135
1467,0.000499001996007984,0.0
1470,0.3013972055888223,0.999983284717854
1471,0.00124750499001996,0.0
1472,0.48228542914171657,0.9943568587367348
1473,0.11477045908183632,0.9970207083095364
1474,0.01347305389221557,0.7344829080284163
1475,0.11402195608782435,0.9998922323550675
1479,0.11377245508982035,0.9998919959709248
1483,0.1122754491017964,0.9999760073925409
1484,0.11526946107784432,0.9999756235627317
1485,0.48303393213572854,0.9937479412621487
1487,0.0062375249500998,0.11016581975431927
1488,0.0037425149700598802,0.0
1491,0.00249500998003992,0.5606855804007163
1493,0.003493013972055888,0.0
1495,0.001746506986027944,0.9999999824137512
1496,0.10079840319361277,0.9999721523055831
1498,0.000499001996007984,0.0
1499,0.0374251497005988,0.9997168654519846
1500,0.03917165668662675,0.9505526851159468
1501,0.17939121756487025,0.9788681803150698
1502,0.22030938123752494,0.983978947013731
1503,0.001746506986027944,0.0
1505,0.03917165668662675,0.9505526851161724
1508,0.000499001996007984,0.0
1510,0.22005988023952097,0.9838965256581714
1511,0.22005988023952097,0.9812150088101323
1512,0.22005988023952097,0.9838965326834005
1514,0.005239520958083832,0.0
1517,0.022954091816367265,0.9976404986775698
1520,0.32110778443113774,0.9652688554084502
1521,0.000249500998003992,0.0
1522,0.000249500998003992,0.0
1523,0.1125249500998004,0.9821105552523359
1524,0.046906187624750496,0.9999980634841754
1526,0.046906187624750496,0.9999980634847057
1528,0.046906187624750496,0.9999980634804692
1532,0.10054890219560879,0.9817806703874231
1534,0.14471057884231536,0.9962320278769362
1535,0.0014970059880239522,0.0
1540,0.000499001996007984,0.0
1541,0.0007485029940119761,0.0
1542,0.015469061876247504,0.4796036545263123
1546,0.12574850299401197,0.9984653793291007
1547,0.0037425149700598802,0.8931327417366824
1548,0.000249500998003992,0.0
1549,0.009231536926147704,0.7844913758152348
1551,0.000998003992015968,0.49214366663214376
1552,0.10578842315369262,0.9240162760210968
1557,0.000249500998003992,0.0
1558,0.000249500998003992,0.0
1559,0.000249500998003992,0.0
1561,0.09530938123752496,0.9122006976902384
1565,0.00124750499001996,0.0
1566,0.0007485029940119761,0.0
1569,0.00873253493013972,0.9999983937489283
1570,0.011726546906187624,0.02705664318623058
1572,0.000249500998003992,0.0
1577,0.4560878243512974,0.9514553826123531
1579,0.02719560878243513,0.99999993838321
1582,0.036676646706586824,0.9291822028036042
1583,0.023203592814371257,0.9707459422554618
1584,0.19286427145708582,0.9909063178174042
1585,0.02694610778443114,0.9999999227749811
1589,0.03218562874251497,0.92236986449678
1590,0.015718562874251496,0.7043787515668416
1593,0.000998003992015968,0.0
1594,0.0007485029940119761,0.0
1596,0.11202594810379242,0.9999262365862364
1597,0.0074850299401197605,0.3600751747196107
1600,0.000249500998003992,0.0
1602,0.000249500998003992,0.0
1607,0.040419161676646706,0.9999999981627092
1611,0.040419161676646706,0.999999998162711
1615,0.0027445109780439123,0.47035516388903154
1618,0.013722554890219561,0.9999999937366533
1620,0.040419161676646706,0.9999999981627121
1621,0.040419161676646706,0.9999999981627083
1623,0.023203592814371257,0.9707459425145847
1626,0.026696606786427147,0.9999999914824633
1628,0.000249500998003992,0.0
1629,0.01472055888223553,0.47991908783369835
1636,0.000249500998003992,0.0
1640,0.19635728542914171,0.992980632754575
1642,0.000499001996007984,0.0
1645,0.000499001996007984,5.372216431660091e-06
1648,0.0531437125748503,0.9999999991730726
1650,0.44710578842315374,0.9907023285033232
1652,0.002245508982035928,0.9610490223676001
1653,0.000249500998003992,0.0
1656,0.03243512974051896,0.995641858670645
1657,0.33308383233532934,0.9842204102881711
1658,0.33358283433133734,0.9679157498952683
1659,0.00124750499001996,0.0
1660,0.000499001996007984,0.0
1661,0.33358283433133734,0.9823146489039168
1662,0.040419161676646706,0.9999999682682068
1663,0.0007485029940119761,0.0
1667,0.022954091816367265,0.99356912437151
1669,0.4468562874251497,0.9991637933169277
1671,0.040419161676646706,0.9999999981627106
1672,0.040419161676646706,0.9999999981627077
1674,0.00124750499001996,0.0
1676,0.000249500998003992,0.0
1677,0.023203592814371257,0.9932971808858655
1679,0.040419161676646706,0.9999999981627092
1680,0.0007485029940119761,0.0
1682,0.0027445109780439123,0.664357161687153
1684,0.000249500998003992,0.0
1686,0.001996007984031936,0.0
1687,0.20708582834331338,0.9999916494606942
1688,0.003493013972055888,0.9989133165892402
1689,0.000499001996007984,0.0
1690,0.000998003992015968,0.0
1693,0.19510978043912175,0.9999901908722052
1697,0.008982035928143712,0.43163488272064915
1698,0.0007485029940119761,0.0
1699,0.001746506986027944,0.0
1700,0.000998003992015968,0.0
1702,0.023453093812375248,0.9994564663933435
1703,0.4458582834331337,0.9807063213778909
1704,0.22330339321357284,0.9377884958003663
1706,0.001746506986027944,0.0
1707,0.0007485029940119761,0.018220195014385474
1708,0.002245508982035928,0.0
1710,0.002245508982035928,0.9987562919508625
1712,0.000249500998003992,0.0
1713,0.13073852295409183,0.9978150186829897
1717,0.000249500998003992,0.0
1720,0.023952095808383235,0.9997486615901111
1722,0.0014970059880239522,0.9884548946396193
1723,0.016467065868263474,0.4517837807864422
1725,0.14296407185628743,0.9994081866584317
1727,0.001996007984031936,0.0
1728,0.00998003992015968,0.0270241565319126
1730,0.36052894211576847,0.9999623552212711
1731,0.0007485029940119761,4.017855094132221e-06
1732,0.03293413173652695,0.9999999291909291
1738,0.002245508982035928,0.0
1748,0.13048902195608783,0.981478185582656
1753,0.023952095808383235,0.9181327061584219
1757,0.49101796407185627,0.969474754436584
1759,0.000249500998003992,0.0
1762,0.026696606786427147,0.9999999715394543
1763,0.02370259481037924,0.9118762562915846
1765,0.000249500998003992,0.0
1766,0.000998003992015968,0.0
1768,0.000249500998003992,0.0
1769,0.000249500998003992,0.0
1771,0.48852295409181634,0.8004052338044141
1773,0.3151197604790419,0.9283274314702485
1775,0.024201596806387227,0.8201823248916501
1777,0.000249500998003992,0.0
1778,0.13922155688622753,0.9107216208321122
1779,0.37574850299401197,0.8260454815056346
1780,0.000249500998003992,0.0
1781,0.02445109780439122,0.8116923296635814
1786,0.02445109780439122,0.8116923184434545
1787,0.12949101796407186,0.715167213227544
1788,0.000249500998003992,0.0
1792,0.37025948103792417,0.9441008880273404
1793,0.000249500998003992,0.0
1799,0.1317365269461078,0.9699782409155252
1800,0.1499500998003992,0.9164882206654758
1801,0.14146706586826352,0.7901290261933532
1802,0.03318363273453094,0.9999999999895413
1805,0.0029940119760479044,4.241035017436712e-06
1808,0.010978043912175649,0.9999744514152331
1810,0.000249500998003992,0.0
1811,0.0037425149700598802,0.37584148585231675
1814,0.4740518962075848,0.9601581075660088
1815,0.48403193612774453,0.9998877666950682
1816,0.000499001996007984,0.0
1820,0.4875249500998004,0.9841143744154127
1823,0.48877245508982037,0.9683857771706947
1824,0.000249500998003992,0.0
1826,0.48877245508982037,0.9999989371328908
1829,0.49001996007984033,0.9999997378061164
1832,0.000249500998003992,0.0
1836,0.13697604790419163,0.9621640585508898
1837,0.00124750499001996,0.0
1839,0.13547904191616766,0.9723682637941913
1841,0.00124750499001996,0.9998742475135304
1842,0.033682634730538924,0.9999999558734289
1843,0.000249500998003992,0.0
1849,0.1187624750499002,0.9022784793796146
1851,0.000998003992015968,0.0
1852,0.000249500998003992,0.0
1853,0.3532934131736527,0.9866208538219788
1856,0.000249500998003992,0.0
1861,0.006736526946107785,0.28758421880423346
1862,0.13597804391217566,0.9130587928244139
1863,0.0027445109780439123,0.9927964143853141
1866,0.000249500998003992,0.0
1867,0.30114770459081835,0.9255356772893578
1869,0.000499001996007984,0.0
1871,0.000249500998003992,0.0
1875,0.000249500998003992,2.4958047778113203e-05
1877,0.3365768463073852,0.9794459384159997
1878,0.000499001996007984,0.0
1879,0.13622754491017963,0.9294984456443562
1880,0.1374750499001996,0.7773050889188544
1883,0.000249500998003992,0.0
1884,0.0029940119760479044,0.0
1885,0.0029940119760479044,0.34438022118693634
1887,0.0037425149700598802,0.9555776602328491
1888,0.000499001996007984,0.0
1889,0.1626746506986028,0.8800379048695492
1891,0.000249500998003992,0.0
1892,0.001996007984031936,0.0
1893,0.16067864271457086,0.8507793584776604
1894,0.000249500998003992,0.0
1895,0.000499001996007984,0.0
1898,0.0007485029940119761,0.0
1899,0.000499001996007984,0.0
1900,0.46706586826347307,0.8478493121556127
1901,0.1609281437125748,0.8793292338569779
1904,0.001996007984031936,0.779634247717352
1905,0.000249500998003992,0.0
1914,0.06112774451097804,0.7112170372489814
1915,0.001996007984031936,0.9999999999991016
1917,0.000249500998003992,0.0
1918,0.004491017964071856,0.5084055768834502
1919,0.04116766467065868,0.999993503862189
1920,0.06287425149700598,0.7210029916688363
1922,0.2028443113772455,0.9745033218413807
1923,0.11477045908183632,0.9907596993777976
1924,0.008483033932135729,0.8303613477693884
1925,0.041916167664670656,0.9969147623858815
1928,0.09830339321357286,0.9998871661711799
1930,0.000249500998003992,0.0
1933,0.31187624750499005,0.9920140074878244
1935,0.000499001996007984,0.0
1936,0.0007485029940119761,0.0
1938,0.000249500998003992,0.0
1939,0.33433133732534925,0.9997904739357402
1940,0.1404690618762475,0.9810588803974333
1941,0.2405189620758483,0.985076801643463
1943,0.16392215568862278,0.9094694321123412
1944,0.000499001996007984,0.0
1945,0.0014970059880239522,0.5182182885601828
1948,0.002245508982035928,0.0
1951,0.03792415169660679,0.9506926059643537
1955,0.021457085828343315,0.8573839176130092
1956,0.4109281437125748,0.9132119140508822
1957,0.11452095808383234,0.9181490780069991
1958,0.000499001996007984,0.0
1960,0.0187125748502994,0.9999937856952875
1962,0.09356287425149701,0.8859147292150886
1963,0.000249500998003992,0.0
1964,0.07759481037924151,0.9493450425215817
1965,0.09431137724550898,0.711092191987468
1968,0.04441117764471058,0.9555704192966212
1970,0.1506986027944112,0.8290796402781164
1971,0.08857285429141716,0.9726064040083453
1972,0.22729540918163674,0.8719119206242667
1976,0.002245508982035928,0.0
1977,0.02470059880239521,0.917841725749925
1979,0.001746506986027944,0.0
1982,0.32210578842315374,0.19814223639418668
1988,0.0007485029940119761,0.0
1990,0.14770459081836326,0.9987965198427925
1992,0.38023952095808383,0.936470835630466
1995,0.15169660678642716,0.9986027431546598
1997,0.000499001996007984,0.00012841125589005246
1999,0.000499001996007984,4.995071371307369e-05
2001,0.021706586826347306,0.3505538410834788
2002,0.000998003992015968,0.014795664413007292
2003,0.2707085828343313,0.9521947456591091
2007,0.2607285429141717,0.9744914363345422
2009,0.009481037924151697,3.871016230696485e-05
2011,0.2587325349301397,0.962193644819777
2012,0.3108782435129741,0.9908083373628865
2014,0.3787425149700599,0.9363255241281814
2015,0.10828343313373254,0.9007767669412452
2016,0.000249500998003992,0.0
2018,0.11402195608782435,0.8995616061138643
2021,0.0007485029940119761,0.0
2023,0.000499001996007984,0.9999982280961124
2026,0.001746506986027944,0.9993087386080077
2029,0.48577844311377244,0.9491594296303818
2030,0.2859281437125748,0.9828374754534512
2031,0.38647704590818366,0.9539309024577517
2032,0.38248502994011974,0.9517596213117705
2034,0.000249500998003992,0.0
2037,0.1599301397205589,0.9475183119840543
2038,0.1599301397205589,0.9506228920243925
2039,0.03468063872255489,0.4587979260802698
2040,0.04615768463073852,0.9279905188681581
2042,0.005988023952095809,0.005807502236168414
2045,0.00249500998003992,0.0002767988469129669
2046,0.19011976047904192,0.9466785544525473
2047,0.1906187624750499,0.9466079112395348
2048,0.19136726546906188,0.9449601834487236
2049,0.19111776447105788,0.9449636867995025
2050,0.19111776447105788,0.9453251466490085
2051,0.19011976047904192,0.9496787046378599
2052,0.3408183632734531,0.9313979301158326
2055,0.4296407185628742,0.9999184046424878
2056,0.4301397205588823,0.9999129433891263
2058,0.000499001996007984,0.0
2059,0.000249500998003992,0.0
2060,0.0531437125748503,0.9629426567835422
2062,0.054890219560878244,0.965173935347513
2064,0.15718562874251496,0.9999818264335907
2066,0.18288423153692615,0.9604073775052867
2067,0.000249500998003992,0.0
2068,0.002245508982035928,0.09277381054395893
2071,0.14945109780439123,0.9989889829419888
2074,0.14595808383233533,0.9999999965643152
2078,0.2914171656686627,0.9777014603628477
2079,0.00124750499001996,4.895734253033577e-05
2080,0.14570858283433133,0.9999999995241602
2081,0.3051397205588822,0.9744655495631984
2083,0.0007485029940119761,0.0
2084,0.13048902195608783,0.9948021999575494
2085,0.000998003992015968,0.0
2086,0.2784431137724551,0.9665845375256109
2088,0.000499001996007984,0.0
2089,0.39246506986027946,0.9999136934086191
2090,0.000249500998003992,0.0
2092,0.011477045908183632,0.023982536368380884
2094,0.3934630738522954,0.9882110813996711
2095,0.2931636726546906,0.9840267176113239
2096,0.3415668662674651,0.9927624626008729
2100,0.0007485029940119761,0.0
2103,0.33308383233532934,0.9175499155404984
2106,0.34930139720558884,0.9923382220646326
2112,0.07435129740518961,0.9999999536049337
2114,0.34930139720558884,0.9946129441742849
2115,0.07435129740518961,0.9999998339706626
2117,0.006736526946107785,0.43640913049861996
2119,0.000249500998003992,0.014624527665626748
2122,0.4540918163672655,0.9999167846042772
2126,0.4209081836327345,0.9915471130603325
2127,0.000998003992015968,5.675111921277484e-05
2128,0.42115768463073855,0.9914974170473948
2136,0.011477045908183632,0.5512545041586686
2137,0.0014970059880239522,0.0
2138,0.17140718562874252,0.9990507846113426
2139,0.10454091816367266,0.9424862379231392
2143,0.31262475049900196,0.9999985816454726
2145,0.27544910179640714,0.9769424522361058
2146,0.09880239520958084,0.9775038657998634
2147,0.00124750499001996,0.0
2148,0.11676646706586827,0.981922785537106
2151,0.000249500998003992,0.0
2152,0.000249500998003992,0.0
2153,0.0344311377245509,0.9999999382386843
2155,0.005988023952095809,0.24799801183165374
2156,0.0344311377245509,0.9999999382388037
2159,0.39196606786427146,0.9999923753574237
2161,0.38947105788423153,0.9915053258315665
2162,0.310129740518962,0.9999999886658075
2163,0.310129740518962,0.9999999886657835
2164,0.3937125748502994,0.9986428416003129
2167,0.310129740518962,0.9999999886664914
2168,0.3106287425149701,0.9904968352229222
2172,0.311127744510978,0.9999999985114858
2174,0.000998003992015968,0.0
2175,0.0750998003992016,0.9127154464924263
2176,0.013972055888223553,0.0656693771458332
2178,0.39171656686626743,0.9915824841237023
2179,0.39096806387225547,0.9915803827158535
2180,0.3912175648702595,0.9832325302743611
2182,0.31037924151696605,0.9999675538726692
2183,0.31037924151696605,0.9999752714764354
2190,0.31262475049900196,0.9999993882247021
2193,0.468313373253493,0.9759232927027441
2195,0.002245508982035928,0.526446648149098
2198,0.021706586826347306,0.6449223567858587
2199,0.000998003992015968,0.0
2203,0.31237524950099804,0.9999999702326108
2205,0.00124750499001996,0.9999999999102895
2206,0.3937125748502994,0.9999986275833567
2207,0.3196107784431138,0.9999999992304218
2213,0.000998003992015968,0.0
2215,0.0054890219560878245,0.42064601150055597
2217,0.3193612774451098,0.9999919947838742
2218,0.312125748502994,0.9999917754845189
2219,0.004740518962075849,0.8059199185518259
2220,0.3912175648702595,0.9999443097823625
2221,0.3098802395209581,0.9999999702368474
2223,0.01122754491017964,0.24924845542966137
2224,0.3196107784431138,0.9999999992304205
2225,0.3196107784431138,0.9999999992304196
2226,0.39396207584830334,0.9999275754875663
2227,0.3196107784431138,0.9999999992304165
2228,0.000499001996007984,6.889371369613246e-06
2229,0.000249500998003992,0.0
2230,0.3196107784431138,0.9999999992304223
2231,0.000499001996007984,0.0
2235,0.31237524950099804,0.999999970232611
2237,0.000249500998003992,1.6185242177884854e-05
2239,0.312125748502994,0.9999912079146108
2241,0.3176147704590818,0.9999383444287849
2242,0.31786427145708585,0.9999661279558096
2245,0.000249500998003992,0.0
2248,0.4845309381237525,0.9509037850216254
2251,0.00499001996007984,0.0041897244673928385
2258,0.0014970059880239522,0.0
2259,0.004740518962075849,0.0
2261,0.012724550898203593,0.00453640699238955
2262,0.008233532934131737,0.046545792109950426
2263,0.000499001996007984,0.0
2266,0.001996007984031936,0.0
2267,0.0656187624750499,0.8659936367090834
2271,0.1813872255489022,0.9990092998635755
2272,0.000998003992015968,0.03759562351954115
2273,0.001996007984031936,0.0748084939838701
2274,0.000499001996007984,0.0
2276,0.000998003992015968,0.0
2278,0.000249500998003992,1.802811678102916e-05
2282,0.00124750499001996,0.0
2283,0.000249500998003992,0.0
2284,0.030189620758483034,0.569661421974037
2285,0.0124750499001996,0.3151470315163304
2287,0.16442115768463073,0.9999430307907888
2288,0.005239520958083832,0.0360256044688127
2289,0.000249500998003992,8.184478560229215e-06
2290,0.0007485029940119761,0.0
2291,0.000249500998003992,0.0
2293,0.000249500998003992,0.0
2295,0.000499001996007984,0.0
2296,0.030688622754491017,0.9999968606799394
2297,0.014221556886227544,0.01623842515023297
2298,0.013223552894211578,0.3537144295970073
2300,0.003992015968063872,0.47694016696259456
2302,0.07909181636726546,0.9507883896721672
2304,0.000249500998003992,0.0
2308,0.00124750499001996,0.010657379817208162
2310,0.000249500998003992,0.0
2311,0.20184630738522955,0.9858278879542751
2312,0.000249500998003992,0.0
2313,0.02869261477045908,0.5047246822811939
2314,0.05813373253493014,0.9588065596689282
2315,0.000249500998003992,0.0
2317,0.08732534930139721,0.9443853813597802
2319,0.00249500998003992,0.0
2320,0.000998003992015968,0.0
2322,0.000249500998003992,0.0
2323,0.0718562874251497,0.9704297978759768
2324,0.000998003992015968,0.0
2325,0.000249500998003992,0.0
2330,0.0014970059880239522,0.0004277335398458545
2333,0.07085828343313373,0.998836246172761
2336,0.12350299401197605,0.9957915913850668
2337,0.12300399201596807,0.9878716582416724
2339,0.12325349301397205,0.9960586551391813
2340,0.009231536926147704,0.31181405113075156
2341,0.13922155688622753,0.9982450603669011
2342,0.12350299401197605,0.9865131341280349
2344,0.04116766467065868,0.4718725854705611
2345,0.2125748502994012,0.5389851621713952
2346,0.001996007984031936,0.0
2348,0.4615768463073852,0.9835381009523763
2351,0.05788423153692615,0.999869265686387
2352,0.009730538922155689,0.30493899297121335
2353,0.006487025948103792,0.2867165827708604
2355,0.006487025948103792,0.9983599173536608
2356,0.05189620758483034,0.9942561379572843
2358,0.02694610778443114,0.7295509704712857
2361,0.053393213572854294,0.9735358533391325
2364,0.027445109780439122,0.8352543968166273
2365,0.000249500998003992,0.0
2367,0.024201596806387227,0.7170771458801058
2369,0.10429141716566866,0.914081179613238
2371,0.06337325349301397,0.4560824186294216
2372,0.4723053892215569,0.9890419423824214
2374,0.10678642714570859,0.9330892666656441
2375,0.469311377245509,0.9834631581515754
2377,0.4720558882235529,0.9669312182375445
2378,0.47155688622754494,0.966963865887721
2380,0.47679640718562877,0.966971114025566
2381,0.000249500998003992,0.0
2386,0.028942115768463075,0.9999994333518517
2388,0.000249500998003992,0.0
2391,0.469061876247505,0.9999997158862748
2394,0.007235528942115769,0.5897908704495443
2395,0.000249500998003992,6.2519562767317905e-06
2396,0.00124750499001996,0.0
2397,0.42140718562874246,0.997847114268838
2400,0.46032934131736525,0.983907633916866
2405,0.07609780439121756,0.8910649833899205
2407,0.45908183632734534,0.9916172248166332
2408,0.4540918163672655,0.9999999991472706
2409,0.0027445109780439123,0.06882983603681538
2410,0.000499001996007984,0.0
2415,0.038922155688622756,0.8565066603423612
2418,0.004491017964071856,0.49899775217718045
2419,0.0014970059880239522,0.0
2422,0.469810379241517,0.9999755837617016
2426,0.000499001996007984,0.0
2428,0.017964071856287425,0.7051894223010317
2429,0.45359281437125754,0.9999998667033261
2431,0.01122754491017964,0.03586921921407093
2434,0.45359281437125754,0.9947022160279577
2435,0.4533433133732535,0.9844926282220109
2436,0.028942115768463075,0.9999994333518502
2437,0.07335329341317365,0.9785428945705777
2440,0.4533433133732535,0.9993213797416695
2441,0.000249500998003992,0.0
2442,0.48428143712574845,0.9914294390878794
2445,0.0014970059880239522,4.2516506368956214e-07
2448,0.000499001996007984,0.9984066094220534
2449,0.49950099800399206,0.9969717834123698
2450,0.49950099800399206,0.9969717798975717
2452,0.49950099800399206,0.9842443931627174
2453,0.4663173652694611,0.9897213364229613
2455,0.04116766467065868,0.8985173060303857
2456,0.44311377245508987,0.9808405026129267
2460,0.000249500998003992,0.0
2466,0.000249500998003992,0.0
2467,0.000249500998003992,0.0
2468,0.000499001996007984,0.0
2473,0.22604790419161677,0.6339201064367822
2474,0.0054890219560878245,0.009946471311670932
2475,0.000499001996007984,0.9970117585162988
2476,0.0007485029940119761,0.0
2477,0.49326347305389223,0.9937243366949279
2478,0.000249500998003992,0.0
2480,0.010479041916167664,0.33021810584721845
2483,0.4096806387225549,0.9994823694115476
2487,0.000249500998003992,0.0
2488,0.26422155688622756,0.5922622781125627
2492,0.06287425149700598,0.38067311646223506
2495,0.2996506986027944,0.8374534026069446
2496,0.15444111776447106,0.87662327222406
2499,0.4723053892215569,0.9728385267870719
2502,0.007734530938123752,0.11212953466103211
2503,0.003992015968063872,0.0
2504,0.000499001996007984,0.0
2506,0.03268463073852296,0.9999978457143084
2507,0.1157684630738523,0.9766794431208087
2509,0.1155189620758483,0.999995652530548
2513,0.41966067864271456,0.9928060725274608
2514,0.47155688622754494,0.9772144098425238
2515,0.41641716566866266,0.9886658082670298
2517,0.0014970059880239522,0.4990222469106425
2521,0.00249500998003992,0.0
2522,0.05289421157684631,0.9639399192486091
2525,0.1157684630738523,0.9999756197726017
2527,0.03268463073852296,0.9999999681368894
2531,0.05214570858283433,0.9983244178290767
2534,0.000249500998003992,0.0
2535,0.07110778443113773,0.6588148163836143
2536,0.0007485029940119761,0.0
2540,0.11601796407185629,0.9999905621705484
2542,0.000499001996007984,0.0
2544,0.15718562874251496,0.9565259642895557
2545,0.27894211576846306,0.9832827421338516
2546,0.03617764471057884,0.9030736620917873
2547,0.000249500998003992,0.0
2552,0.13298403193612773,0.94094735251967
2557,0.020459081836327345,0.8500265084792414
2559,0.1342315369261477,0.9999997788615855
2562,0.000499001996007984,2.091131462204678e-06
2563,0.0007485029940119761,0.0
2566,0.024201596806387227,0.2920507143142558
2568,0.48502994011976047,0.985135864735235
2570,0.33957085828343314,0.9818331620567241
2571,0.1594311377245509,0.9999990284105729
2577,0.1504491017964072,0.9999846034785309
2580,0.14895209580838323,0.9999998062638583
2585,0.4533433133732535,0.9999799224082256
2589,0.28493013972055886,0.9866597726199278
2591,0.2851796407185629,0.9848309441451935
2593,0.14945109780439123,0.9999948184647979
2594,0.4476047904191617,0.990593441013185
2596,0.001996007984031936,0.9985286918652492
2597,0.000499001996007984,0.0
2598,0.009231536926147704,0.27790202153872656
2601,0.0007485029940119761,0.0
2603,0.000249500998003992,0.00010130821191648921
2604,0.0007485029940119761,4.020144159394527e-06
2606,0.000249500998003992,0.0
2607,0.4755489021956088,0.906411057149515
2608,0.4663173652694611,0.9056835187715131
2610,0.00124750499001996,0.0
2611,0.000998003992015968,0.0
2613,0.001746506986027944,0.0
2614,0.37125748502994016,0.654699998436433
2615,0.23178642714570857,0.5878698383546626
2618,0.34530938123752497,0.7148823778772799
2619,0.000249500998003992,0.0
2621,0.025199600798403193,0.9241136483514248
2622,0.00124750499001996,1.783107363016152e-05
2627,0.016966067864271458,0.23475035688551624
2630,0.3036427145708583,0.999995327978809
2633,0.09505988023952096,0.9146497224869043
2635,0.2250499001996008,0.9115347090390487
2636,0.000499001996007984,0.0
2637,0.19136726546906188,0.9245400598112579
2638,0.000499001996007984,0.0
2640,0.000249500998003992,0.0
2641,0.000249500998003992,0.0
2642,0.18662674650698602,0.8953111311393879
2643,0.47879241516966065,0.9999964478805612
2646,0.4772954091816367,0.9997478969280521
2648,0.47904191616766467,0.9999962304892316
2650,0.0014970059880239522,0.0
2656,0.3218562874251497,0.9996041558752561
2657,0.3058882235528942,0.9996627795399168
2659,0.4827844311377245,0.9985554768064429
2665,0.0062375249500998,0.019126107619153766
2667,0.3263473053892216,0.948891077683536
2671,0.0007485029940119761,9.627072814096415e-05
2672,0.000249500998003992,0.0
2675,0.0007485029940119761,0.0
2676,0.18812375249500998,0.8879159542197316
2679,0.42215568862275454,0.9999966929305183
2683,0.003493013972055888,0.34309194410564214
2684,0.000249500998003992,0.9999982216999087
2686,0.4229041916167665,0.9999999939185527
2688,0.2435129740518962,0.9999999937136783
2689,0.000998003992015968,0.0
2692,0.3333333333333333,0.999999617854196
2693,0.4231536926147704,0.9999999939259057
2695,0.3333333333333333,0.999999617854633
2701,0.4231536926147704,0.9999999939259021
2702,0.002245508982035928,0.0
2704,0.4229041916167665,0.9999999939185849
2707,0.4303892215568862,0.9579167557113758
2708,0.4241516966067864,0.9999995160150442
2714,0.3323353293413174,0.9999999426615273
2715,0.4231536926147704,0.9999999949861791
2716,0.4231536926147704,0.9999999949861638
2718,0.3323353293413174,0.9999999426615701
2719,0.4231536926147704,0.9999999949861567
2720,0.005738522954091816,1.1090799623142415e-05
2721,0.4226546906187625,0.9999999886228796
2722,0.33208582834331335,0.9999903112929249
2724,0.4231536926147704,0.9999999949861644
2726,0.4229041916167665,0.9999999996502731
2727,0.005988023952095809,0.7248699868451965
2730,0.000249500998003992,0.0
2731,0.4231536926147704,0.9999999949861678
2735,0.4231536926147704,0.9999999949861804
2736,0.4231536926147704,0.9999999949861564
2739,0.004491017964071856,0.9738661195157509
2743,0.000499001996007984,0.0
2746,0.16566866267465075,0.9758141710913597
2747,0.4229041916167665,0.9992140399388215
2750,0.4281437125748503,0.9999996284419542
2751,0.16816367265469062,0.9999995188177909
2753,0.00024950099800402636,0.0
2754,0.001746506986027944,2.819218022369095e-05
2756,0.3345808383233533,0.9999999993513031
2761,0.23253493013972057,0.9995209030098723
2762,0.23228542914171657,0.9995206404148439
2764,0.4271457085828343,0.9999999980295224
2767,0.4216566866267465,0.9999999976364542
2769,0.4273952095808383,0.9999993461324886
2776,0.000249500998003992,0.0
2777,0.00499001996007984,0.9963053464697189
2780,0.17165668662674652,0.987265814141332
2782,0.000499001996007984,0.0
2785,0.33857285429141715,0.9999999545794219
2789,0.3338323353293413,0.9913749127222052
2791,0.22704590818363274,0.9999999067188861
2793,0.23527944111776447,0.999999027262671
2794,0.23527944111776447,0.9999990272626734
2796,0.23003992015968064,0.9999986066112971
2798,0.43088822355289425,0.9999659566118312
2799,0.21781437125748504,0.9990185043642427
2800,0.21781437125748504,0.9990185050362503
2803,0.23228542914171657,0.9999784212813512
2805,0.33682634730538924,0.9999324847465715
2806,0.000998003992015968,0.0
2812,0.00998003992015968,0.5173308645041098
2814,0.001996007984031936,0.0
2815,0.218313373253493,0.998757257483316
2818,0.23278443113772454,0.9999998355769087
2820,0.007984031936127744,0.6653799803182676
2822,0.003243512974051896,0.9387502908417501
2824,0.1843812375249501,0.97290086162188
2826,0.0014970059880239522,0.0
2828,0.000249500998003992,2.059292442866614e-05
2829,0.00249500998003992,0.0
2832,0.2280439121756487,0.9047655956178374
2833,0.09406187624750499,0.9999497184047986
2836,0.000249500998003992,0.0
2837,0.1906187624750499,0.9373344218038961
2838,0.001996007984031936,0.999999994687834
2841,0.02619760479041916,0.7382501856216784
2842,0.01347305389221557,0.0354841538307811
2843,0.08632734530938124,0.10068940337395565
2845,0.060129740518962076,0.9939798976155277
2846,0.000499001996007984,1.4618195015739478e-05
2848,0.1277445109780439,0.9403344923802754
2849,0.000998003992015968,0.0
2850,0.000499001996007984,0.0
2852,0.05963073852295409,0.9985465518511545
2853,0.060129740518962076,0.9985506433879237
2855,0.000249500998003992,0.018255348943182145
2861,0.059880239520958084,0.9999996264896693
2863,0.34181636726546905,0.8213633921553105
2866,0.09830339321357286,0.9972394423943237
2868,0.08308383233532934,0.849704475201461
2869,0.11352295409181637,0.9992662657960184
2882,0.000249500998003992,0.0
2885,0.4204091816367265,0.538489262178702
2887,0.21681636726546907,0.9202808149389273
2891,0.41042914171656686,0.992155473323261
2892,0.23952095808383234,0.9757787337158945
2894,0.23852295409181637,0.989118710140438
2895,0.03817365269461078,0.35956079194821905
2896,0.22904191616766467,0.9000757804353453
2899,0.01472055888223553,0.08055229135838923
2900,0.23977045908183633,0.9998343460147989
2902,0.20958083832335328,0.9905569834706335
2903,0.03617764471057884,0.5475124354960591
2904,0.20808383233532934,0.9997359678446949
2906,0.20783433133732535,0.9945498177321801
2908,0.000249500998003992,0.0
2909,0.00499001996007984,0.3282629429438417
2910,0.18562874251497008,0.9198440921701031
2911,0.001996007984031936,0.0
2913,0.000998003992015968,0.0
2915,0.47529940119760483,0.9661598495011163
2918,0.000249500998003992,0.0
2921,0.2597305389221557,0.6952637866427076
2923,0.35129740518962077,0.6767557648544841
2925,0.0007485029940119761,0.0
2927,0.0249500998003992,0.7281966061188249
2930,0.2729540918163673,0.84962605023551
2932,0.00249500998003992,0.7892000784835871
2933,0.18038922155688622,0.9116383460080598
2934,0.2986526946107785,0.9234635892677319
2936,0.029191616766467067,0.8575366710505166
2937,0.004740518962075849,0.009636485000265515
2938,0.004740518962075849,0.9867226549369484
2939,0.00499001996007984,0.19742075407755982
2940,0.001996007984031936,0.0
2941,0.03093812375249501,0.999645872351636
2943,0.12125748502994012,0.9994241364099038
2947,0.000249500998003992,0.0
2951,0.4972554890219561,0.9249191000151176
2952,0.000499001996007984,0.0
2956,0.4565868263473054,0.9973045614822644
2957,0.013972055888223553,0.6701465382384068
2960,0.000249500998003992,0.0
2962,0.005988023952095809,0.9999999766940967
2967,0.46007984031936133,0.988196885524264
2969,0.00249500998003992,0.0
2973,0.4263972055888223,0.9279564485633794
2974,0.41666666666666663,0.9166876938200901
2975,0.1858782435129741,0.9909435703927687
2976,0.2000998003992016,0.9815303827879478
2978,0.19985029940119758,0.9877792519398579
2981,0.000249500998003992,0.0
2985,0.27445109780439125,0.9891489618406376
2986,0.027694610778443114,0.9536508713892113
2988,0.31312375249501,0.9165891156924831
2989,0.4503493013972056,0.7822168657098973
2990,0.25923153692614775,0.9161612756127935
2992,0.25,0.9592366658628996
2993,0.00124750499001996,0.0
2994,0.0029940119760479044,0.0
2997,0.000249500998003992,0.7377837365970196
3000,0.0007485029940119761,0.0
3001,0.007235528942115769,0.9999135555125693
3002,0.2220558882235529,0.9864939178787229
3008,0.000249500998003992,0.0
3010,0.001996007984031936,0.0
3012,0.000249500998003992,8.575483417866406e-06
3013,0.42864271457085823,0.9999993056945067
3014,0.000499001996007984,0.0
3016,0.2435129740518962,0.9348512467518095
3017,0.0014970059880239522,5.477497842566123e-06
3019,0.4283932135728543,0.9999999989242252
3021,0.4283932135728543,0.9999999989242321
3022,0.42864271457085823,0.9999999633387665
3026,0.42789421157684626,0.9999999997845903
3027,0.42789421157684626,0.9999999997845803
3028,0.0074850299401197605,0.9828153563621272
3029,0.42789421157684626,0.9999999997845952
3031,0.4281437125748503,0.9999965266064285
3033,0.000249500998003992,0.0
3034,0.42764471057884235,0.9999998411475784
3040,0.005239520958083832,0.9911779958776833
3046,0.4283932135728543,0.999999999751322
3047,0.001996007984031936,0.9999998915197552
3050,0.014970059880239521,0.7261090573119627
3051,0.008233532934131737,0.026459380026146846
3052,0.4293912175648703,0.9838911784530854
3054,0.06986027944111776,0.9999999998281957
3055,0.0007485029940119761,0.0
3056,0.000249500998003992,0.0
3057,0.000499001996007984,0.9999999478423107
3058,0.42764471057884235,0.9999894748467971
3059,0.14271457085828343,0.9685826581721122
3061,0.42789421157684626,0.9999999674653703
3062,0.000249500998003992,0.0
3063,0.000249500998003992,0.0
3064,0.4273952095808383,0.9999999096666312
3066,0.4271457085828343,0.9999999230399349
3068,0.4271457085828343,0.9999999999990461
3074,0.42789421157684626,0.9999999998536055
3076,0.0007485029940119761,0.0
3081,0.004740518962075849,0.18273166750531422
3082,0.000249500998003992,0.0
3085,0.025199600798403193,0.9996287979585864
3086,0.4001996007984032,0.9999914311400417
3087,0.023952095808383235,0.8350006468154438
3092,0.4231536926147704,0.9999999920526508
3093,0.4236526946107785,0.9915790281605676
3094,0.4231536926147704,0.9999717832870079
3096,0.49276447105788423,0.9694224754811982
3100,0.000249500998003992,0.0
3101,0.000499001996007984,0.0
3102,0.4231536926147704,0.9999998720485407
3105,0.4231536926147704,0.9999998720485331
3106,0.0014970059880239522,0.0
3108,0.03493013972055888,0.9999823403715966
3109,0.4316367265469062,0.9999998597162527
3111,0.43088822355289425,0.9999609174362478
3112,0.000249500998003992,1.8904388627991154e-05
3114,0.000499001996007984,0.0
3120,0.000998003992015968,0.9950926854933643
3125,0.0062375249500998,0.9997295520073468
3126,0.000499001996007984,0.0
3128,0.0014970059880239522,0.9999993284608867
3129,0.0074850299401197605,0.9993910397290782
3131,0.0062375249500998,0.999999991838264
3132,0.0027445109780439123,0.08417270495709271
3133,0.000249500998003992,0.0
3134,0.0029940119760479044,0.9999999869515184
3135,0.000249500998003992,0.0
3138,0.48203592814371254,0.9760545865424174
3139,0.000249500998003992,0.0
3141,0.05913173652694611,0.9907633508681774
3144,0.4336327345309381,0.999159865880139
3145,0.1826347305389222,0.9718770347245059
3146,0.07035928143712575,0.9999998814152082
3147,0.07035928143712575,0.9999998814151847
3148,0.00124750499001996,0.9999999958701851
3151,0.000998003992015968,0.8124270696136064
3152,0.016467065868263474,0.999999972760724
3153,0.07035928143712575,0.9999998814152204
3154,0.125,0.9999913439360042
3155,0.27944111776447106,0.9732244362872563
3158,0.08882235528942116,0.9999999732723206
3160,0.0843313373253493,0.9100867682200574
3161,0.000998003992015968,0.01762415551345095
3163,0.014970059880239521,0.1459536183469094
3167,0.08807385229540918,0.999999994704867
3168,0.17015968063872255,0.9999994250820576
3172,0.16666666666666666,0.9998603054545903
3173,0.08657684630738523,0.999862668995754
3174,0.056636726546906185,0.9995627561517865
3178,0.25024950099800397,0.9991353784553825
3183,0.05713572854291417,0.9999742894759392
3184,0.250499001996008,0.9991354900481256
3185,0.000499001996007984,0.0
3186,0.000249500998003992,0.0
3190,0.001996007984031936,0.04106133657059368
3191,0.40069860279441116,0.9263198440881468
3192,0.07035928143712575,0.8862498059346355
3196,0.0027445109780439123,0.0
3197,0.15144710578842316,0.9741426968445953
3198,0.12699600798403193,0.9823494284871709
3200,0.000249500998003992,0.0
3201,0.000249500998003992,0.0
3202,0.4336327345309381,0.9607240351743981
3208,0.000499001996007984,0.0
3209,0.3315868263473054,0.9518899678921996
3210,0.000499001996007984,0.0
3211,0.0249500998003992,0.5897673360513118
3212,0.17440119760479042,0.9413957747180512
3214,0.004491017964071856,0.9989805366545343
3215,0.0062375249500998,0.999998497802893
3217,0.000249500998003992,0.0
3219,0.02694610778443114,0.9528700729475901
3220,0.35279441117764476,0.975113411431987
3221,0.08483033932135728,0.8413402545753583
3222,0.000499001996007984,0.0
3224,0.00124750499001996,0.15044553774059757
3225,0.0007485029940119761,0.0
3229,0.4468562874251497,0.8999676774218076
3231,0.003243512974051896,0.0
3232,0.000249500998003992,0.0
3233,0.0014970059880239522,0.0
3234,0.00124750499001996,0.4417719346418008
3241,0.045409181636726546,0.6853128346962669
3244,0.004740518962075849,0.10924271762802644
3249,0.1309880239520958,0.9069735333936252
3252,0.061626746506986026,0.9999111487195953
3253,0.013722554890219561,0.17553712923443257
3254,0.3183632734530938,0.9526609732683509
3255,0.09131736526946108,0.842016261721849
3256,0.4151696606786427,0.8837498435775024
3257,0.060129740518962076,0.7291222804319215
3258,0.0007485029940119761,0.0
3260,0.0007485029940119761,0.0
3264,0.000998003992015968,0.0
3268,0.000998003992015968,0.25024825296322945
3269,0.18288423153692615,0.947082039899779
3276,0.18038922155688622,0.7425237918064745
3277,0.33757485029940115,0.8201457726523794
3279,0.029191616766467067,0.8246294673856062
3280,0.14296407185628743,0.7528778575665565
3281,0.000499001996007984,0.0
3283,0.2901696606786427,0.9898439625664965
3289,0.000499001996007984,0.0
3290,0.000998003992015968,0.0
3292,0.0007485029940119761,0.0
3298,0.01472055888223553,0.7968431477230639
3299,0.19535928143712575,0.9823686059407498
3300,0.20808383233532934,0.9954815686763872
3302,0.000499001996007984,0.0
3303,0.11926147704590818,0.9999011321062033
3305,0.2846806387225549,0.9592056835696448
3306,0.3937125748502994,0.9603856393928987
3308,0.0027445109780439123,0.0
3309,0.43912175648702595,0.9710455593221571
3311,0.22629740518962077,0.9279207990800419
3312,0.031187624750499,0.9999999660590339
3313,0.000998003992015968,0.0
3314,0.3290918163672655,0.9903330120381961
3315,0.031686626746506984,0.9355385844374502
3319,0.3013972055888223,0.9989870967869231
3320,0.3011477045908184,0.9989696791229767
3326,0.03717564870259481,0.8555414690875325
3327,0.031936127744510975,0.9355162528841344
3328,0.20683632734530938,0.995155604503635
3329,0.19535928143712575,0.9957393423479622
3330,0.024201596806387227,0.47158463709620274
3333,0.3008982035928144,0.9999979462189186
3335,0.2839321357285429,0.9773747573449084
3336,0.1998502994011976,0.9770711561080181
3339,0.0014970059880239522,0.999989082378973
3340,0.03218562874251497,0.9355163143144845
3352,0.006986027944111776,0.6184962995318257
3353,0.20134730538922155,0.9935631641256438
3354,0.0014970059880239522,0.17458348190569103
3355,0.009730538922155689,0.1659851292939302
3359,0.000249500998003992,0.0
3364,0.29241516966067865,0.9899042210006505
3365,0.03243512974051896,0.9403640626837534
3367,0.21906187624750498,0.9999998677184826
3368,0.03817365269461078,0.8826681789406485
3373,0.3253493013972056,0.9923139742273751
3374,0.03243512974051896,0.9403640626968391
3377,0.000249500998003992,0.0
3378,0.000998003992015968,0.0
3380,0.026447105788423155,0.9999994472097053
3382,0.3290918163672655,0.984508805714432
3386,0.006487025948103792,0.001291164398065706
3387,0.24875249500998003,0.9678895506620538
3388,0.016966067864271458,0.8012967111776594
3389,0.4486027944111776,0.9824176384160824
3392,0.21282435129740518,0.98900412165021
3396,0.002245508982035928,0.09750113342129103
3399,0.000249500998003992,0.0
3400,0.156437125748503,0.999994045644722
3402,0.000249500998003992,0.0
3405,0.0014970059880239522,0.999999957618676
3406,0.2218063872255489,0.9934980072291811
3408,0.004491017964071856,0.9999997684038048
3412,0.0124750499001996,0.690096220568235
3415,0.0007485029940119761,0.0
3419,0.06786427145708583,0.9998412037404987
3420,0.2275449101796407,0.7762690667634821
3421,0.1691616766467066,0.7941439317246943
3423,0.3884730538922156,0.8230536045148963
3424,0.007235528942115769,0.2340663145761618
3427,0.000998003992015968,0.0
3429,0.39520958083832336,0.8396086847546982
3430,0.000998003992015968,0.019933872586242643
3433,0.04241516966067864,0.956993272166629
3435,0.14645708582834333,0.6330160410071851
3436,0.09006986027944112,0.8679188329618415
3437,0.000499001996007984,0.0
3439,0.000249500998003992,0.9999999960273056
3440,0.3013972055888223,0.77099957214361
3441,0.003493013972055888,0.0
3442,0.006736526946107785,0.030292817830006955
3443,0.007235528942115769,0.5136782959748215
3444,0.00124750499001996,0.0
3449,0.16142714570858283,0.95383214551196
3450,0.03842315369261477,0.830850198519479
3451,0.0014970059880239522,0.0
3452,0.002245508982035928,0.0
3453,0.000249500998003992,0.0
3455,0.0007485029940119761,0.0
3457,0.000249500998003992,0.0
3458,0.00124750499001996,0.0
3459,0.16392215568862276,0.9546448256371919
3463,0.000499001996007984,0.0
3465,0.000998003992015968,0.0
3467,0.000249500998003992,0.0
3472,0.001996007984031936,0.356347082479534
3473,0.00124750499001996,0.49903247360547504
3476,0.000249500998003992,0.0
3478,0.1601796407185629,0.9539654749382367
3481,0.000499001996007984,1.7406430712368958e-05
3482,0.045159680638722555,0.5209347894502399
3483,0.000499001996007984,8.788654585772318e-06
3487,0.0029940119760479044,0.018370570584039472
3489,0.00124750499001996,0.0
3491,0.0007485029940119761,0.0
3501,0.000249500998003992,0.0
3503,0.012724550898203568,0.03928836891375882
3505,0.21282435129740518,0.9091408198224913
3506,0.21132734530938124,0.9096408387997494
3507,0.4723053892215569,0.6599092894936347
3509,0.000499001996007984,0.21482108093103622
3510,0.000249500998003992,0.0
3512,0.00249500998003992,0.01467956631952989
3513,0.0037425149700598802,0.9932845088630307
3517,0.40044910179640714,0.9232848299265711
3519,0.37125748502994016,0.9999195138057919
3522,0.000249500998003992,0.0
3523,0.04790419161676647,0.33822120373437603
3524,0.19111776447105788,0.4644472134094859
3528,0.000249500998003992,0.0
3529,0.31087824351297405,0.45109571887297345
3530,0.47904191616766467,0.5422981268128276
3531,0.46506986027944114,0.5196916423645714
3532,0.05538922155688623,0.3355012890009962
3536,0.000249500998003992,0.0
3537,0.002245508982035928,0.9986130625428601
3538,0.000998003992015968,0.0
3540,0.005988023952095809,0.0050504023741058625
3541,0.000499001996007984,0.0
3543,0.001996007984031936,0.9999999877678851
3544,0.000998003992015968,0.0
3547,0.2871756487025948,0.999948497052144
3549,0.006487025948103792,0.01713824141887038
3550,0.008233532934131737,0.4964351167420202
3551,0.38572854291417163,0.9782513302480836
3554,0.000998003992015968,0.0
3557,0.000499001996007984,0.0
3558,0.08483033932135728,0.9726515382571513
3559,0.1631736526946108,0.9852853074284026
3560,0.0843313373253493,0.9999841360162771
3563,0.00124750499001996,0.0
3565,0.37674650698602796,0.9984701887859859
3566,0.015469061876247504,0.12511339060847293
3567,0.015469061876247504,0.997565295804079
3570,0.36726546906187624,0.9988249928132318
3571,0.4530938123752495,0.999999198055143
3573,0.013223552894211578,0.2675929716842957
3579,0.000998003992015968,0.0
3580,0.2836826347305389,0.9999999946404987
3586,0.2846806387225549,0.9999999287769187
3589,0.000499001996007984,0.0
3590,0.009730538922155689,0.4969804751813607
3591,0.0376746506986028,0.9395218517971081
3593,0.4291417165668663,0.9998476844765475
3594,0.000499001996007984,0.0
3596,0.3545409181636726,0.9902696889505552
3597,0.35479041916167664,0.9901680639556518
3599,0.35678642714570863,0.9141460552639491
3600,0.000249500998003992,0.0
3601,0.1062874251497006,0.9947906501397072
3602,0.38572854291417163,0.9573903142937221
3603,0.47529940119760483,0.9710014548721453
3606,0.375,0.9720575603198479
3607,0.16167664670658682,0.9691443534421073
3609,0.015219560878243513,0.9999996690286311
3611,0.18213572854291415,0.9959152776842995
3613,0.000249500998003992,4.474956706219477e-06
3614,0.43537924151696605,0.9864295832135449
3615,0.009481037924151697,0.04595242341027977
3617,0.000499001996007984,0.9999982280971214
3618,0.000499001996007984,0.0
3619,0.0054890219560878245,0.35995130117930885
3620,0.000249500998003992,0.0
3621,0.000249500998003992,0.0
3623,0.000249500998003992,4.216110995318202e-06
3625,0.0037425149700598802,0.9999998980949513
3627,0.2926646706586826,0.9999999677243827
3630,0.000249500998003992,0.0
3631,0.14870259481037923,0.970747617400188
3632,0.311127744510978,0.9719865029697148
3635,0.3772455089820359,0.9083689897120987
3637,0.015219560878243513,0.9999996690289058
3639,0.000499001996007984,0.0
3642,0.25449101796407186,0.9936147768383098
3643,0.0029940119760479044,0.0
3645,0.468562874251497,0.9747474488608354
3646,0.005988023952095809,0.1811127818713894
3649,0.000249500998003992,0.0
3651,0.24750499001996007,0.93519170322223
3660,0.3370758483033932,0.9522619223376169
3662,0.001746506986027944,0.12591692776586538
3664,0.0007485029940119761,0.07007236013714754
3672,0.2846806387225549,0.5709080591077366
3675,0.003992015968063872,0.21103934732386595
3676,0.0074850299401197605,0.5534917431048804
3678,0.09555888223552894,0.6584998440798042
3680,0.07260479041916168,0.9384571983580603
3681,0.005988023952095809,0.3756315933426961
3682,0.005988023952095809,0.375631552833078
3685,0.06661676646706587,0.980261369485723
3686,0.08058882235528943,0.9999904394430358
3687,0.2834331337325349,0.9405489003891984
3693,0.007734530938123752,0.7680082911220282
3695,0.062624750499002,0.9999966146826048
3701,0.000998003992015968,1.717384842408419e-05
3703,0.0042415169660678645,0.1001546899097113
3704,0.000998003992015968,0.0
3705,0.000249500998003992,0.0
3707,0.000249500998003992,0.0
3710,0.06487025948103792,0.9999972309583041
3712,0.000499001996007984,0.0
3713,0.014471057884231538,0.12787599428292185
3718,0.0014970059880239522,0.0
3720,0.4433632734530938,0.9816269204690592
3721,0.000249500998003992,0.9999999961539385
3723,0.000249500998003992,0.0
3725,0.14845309381237526,0.9044314755073148
3726,0.000249500998003992,0.0
3729,0.000998003992015968,0.0
3732,0.06312375249500998,0.999984285634527
3733,0.00249500998003992,0.1093289694196116
3734,0.12674650698602793,0.9891444058179253
3736,0.000249500998003992,0.0
3737,0.00249500998003992,0.9999999732729106
3738,0.0014970059880239522,0.00018005470347778676
3739,0.06536926147704591,0.9999889710982367
3741,0.12100798403193613,0.9350750707311305
3742,0.000499001996007984,0.0
3743,0.12599800399201597,0.9896160635863561
3745,0.000998003992015968,0.0
3746,0.000249500998003992,1.0747882398973304e-05
3750,0.45583832335329344,0.991384935469581
3751,0.4543413173652695,0.9994512339484831
3752,0.001746506986027944,0.0
3754,0.12050898203592815,0.9424430957936508
3755,0.0054890219560878245,0.49907943174215724
3757,0.3101297405189621,0.9999918795691219
3758,0.12599800399201597,0.9881186285712353
3759,0.0074850299401197605,0.5581634867444112
3762,0.012974051896207584,0.6554636506276933
3763,0.000499001996007984,0.018538674492843
3766,0.010728542914171657,0.33035058223514435
3767,0.002245508982035928,0.9984188979932384
3769,0.06037924151696607,0.552077459076466
3771,0.01472055888223553,0.7338384399383489
3775,0.010728542914171657,0.3065679846425943
3777,0.017714570858283433,0.27395493604258847
3778,0.0014970059880239522,0.9995275050804397
3780,0.018463073852295408,0.6927746090377298
3782,0.4550898203592814,0.9915971054576539
3784,0.002245508982035928,0.2849741712691832
3786,0.000499001996007984,0.0
3787,0.02445109780439122,0.6280785012516975
3791,0.15718562874251496,0.9994084745367755
3792,0.44011976047904194,0.9792221426692126
3794,0.009231536926147704,0.536926411539464
3797,0.001996007984031936,0.10932898877011234
3802,0.003243512974051896,0.06288842199851005
3803,0.003243512974051896,0.18301737599052098
3804,0.003493013972055888,0.9999999614397254
3810,0.00124750499001996,4.1591145148960216e-05
3815,0.000499001996007984,0.3322065300270391
3818,0.21906187624750498,0.9894442583578132
3819,0.46232534930139724,0.9434286830307993
3820,0.000249500998003992,0.0
3821,0.000499001996007984,1.7094945043797198e-05
3823,0.2250499001996008,0.9542416525782351
3825,0.21906187624750498,0.9894452148175003
3827,0.466566866267465,0.9402766356475996
3831,0.1599301397205589,0.9973926673776362
3834,0.0124750499001996,0.4705569026814185
3839,0.009730538922155689,0.9891047958124297
3842,0.0027445109780439123,0.0
3843,0.1601796407185629,0.9999387433671516
3846,0.12000998003992017,0.9717631009783095
3850,0.000249500998003992,0.0
3852,0.004491017964071856,0.8546003727695524
3855,0.000249500998003992,0.0
3856,0.218313373253493,0.9961782486342791
3858,0.000249500998003992,0.0
3860,0.04640718562874251,0.4735587646418747
3863,0.0027445109780439123,0.0
3864,0.02220558882235529,0.5180516873063148
3867,0.0007485029940119761,0.0
3868,0.0007485029940119761,0.0
3869,0.2407684630738523,0.9743956919863717
3870,0.000499001996007984,0.0
3871,0.000499001996007984,0.0
3873,0.000249500998003992,0.0
3874,0.4166666666666667,0.9697232577698607
3876,0.0012475049900199098,0.02357621921653885
3881,0.44510978043912175,0.9999496409386611
3883,0.19486027944111775,0.964214014881991
3884,0.005738522954091816,0.013035584968428356
3886,0.000249500998003992,0.0
3888,0.15194610778443118,0.9055751231708247
3889,0.000249500998003992,0.0
3892,0.18363273453093812,0.9588582583115453
3893,0.000998003992015968,0.0006400282904601098
3895,0.44086826347305386,0.999872662047902
3896,0.3595309381237525,0.9999714767162269
3897,0.12250499001996007,0.9789422099996244
3900,0.000249500998003992,0.0
3901,0.15369261477045904,0.9671161410402289
3903,0.36751497005988026,0.9996315091901502
3904,0.000249500998003992,0.9999999961539392
3905,0.0007485029940119761,0.0
3907,0.0007485029940119761,1.620051192465255e-05
3908,0.4281437125748503,0.9942093523695535
3910,0.42864271457085823,0.9953929842589121
3911,0.029940119760479042,0.9404271452460011
3913,0.4281437125748503,0.9947069149614127
3915,0.002245508982035928,0.0
3916,0.003992015968063872,7.567081382696728e-06
3919,0.15269461077844315,0.9844489542947722
3921,0.000249500998003992,0.0
3922,0.4283932135728543,0.9993078857007676
3923,0.20184630738522957,0.9999364860257985
3925,0.35778443113772457,0.9425565813166182
3927,0.001996007984031936,0.9999999999833065
3928,0.15494011976047906,0.9875932774364301
3931,0.20134730538922152,0.9999902348958222
3933,0.20234530938123751,0.9999554806511364
3934,0.15518962075848308,0.9875982830646577
3936,0.2000998003992016,0.9999625189870619
3937,0.00124750499001996,0.0
3938,0.2000998003992016,0.9999625190073487
3939,0.15369261477045904,0.9880742846315982
3941,0.1913672654690619,0.999835824853539
3943,0.2277944111776447,0.9868678233879999
3948,0.15269461077844315,0.9874303424249369
3951,0.1913672654690619,0.9998358247907554
3952,0.1913672654690619,0.9998358248651511
3954,0.15269461077844315,0.9873710967659068
3955,0.46906187624750495,0.9760121260952793
3957,0.1891217564870259,0.9992264635225288
3958,0.1891217564870259,0.9992264623588618
3959,0.001746506986027944,0.0
3960,0.003243512974051896,0.5021646918021455
3961,0.1891217564870259,0.9992264630988078
3964,0.002245508982035928,0.0
3965,0.1891217564870259,0.9992264624053018
3966,0.000249500998003992,0.0
3967,0.000998003992015968,0.0
3970,0.000249500998003992,0.0
3971,0.374750499001996,0.9857543627777656
3972,0.37774451097804396,0.9711508501075229
3974,0.06511976047904192,0.9655265192147526
3975,0.3872255489021956,0.994854015799887
3976,0.23053892215568864,0.9868066616597697
3977,0.007235528942115769,0.9997048652190903
3979,0.000249500998003992,0.0
3980,0.23053892215568864,0.986806660723261
3981,0.000249500998003992,1.825057651610775e-06
3984,0.3872255489021956,0.998935674752341
3987,0.014970059880239521,0.9407357513687558
3990,0.45683632734530943,0.9893785163806059
3991,0.000499001996007984,0.0
3992,0.12999001996007986,0.9999999816817667
3993,0.06661676646706587,0.9999487942280565
3995,0.000499001996007984,0.0
3999,0.0007485029940119761,0.0
4001,0.000249500998003992,0.0
4003,0.000249500998003992,3.307315994083657e-05
4005,0.23053892215568864,0.9991305529865238
4006,0.000249500998003992,0.0
4007,0.07460079840319361,0.9758405663925085
4008,0.02120758483033932,0.9999966401395837
4010,0.0007485029940119761,0.4979918753807561
4016,0.4730538922155688,0.9999982597043706
4018,0.000499001996007984,0.0
4019,0.374750499001996,0.9720341979471259
4020,0.4730538922155688,0.9999982597043673
4023,0.000249500998003992,0.9754709443400806
4028,0.45908183632734534,0.9997453806678216
4029,0.23527944111776447,0.9976660994072345
4031,0.009730538922155689,0.9999460325473455
4033,0.466566866267465,0.9999999836552088
4038,0.000499001996007984,0.0
4039,0.46581836327345305,0.9999991605847448
4040,0.4660678642714571,0.9999996531605048
4041,0.46581836327345305,0.9839931484658969
4042,0.4660678642714571,0.9999996531605108
4044,0.027944111776447105,0.6833501559583187
4045,0.00998003992015968,0.9999463362513674
4051,0.4660678642714571,0.9999996531604983
4053,0.4663173652694611,0.9999966122358896
4055,0.04890219560878244,0.9999999439048003
4059,0.043912175648702596,0.9999987411806008
4064,0.4663173652694611,0.9999966122161479
4067,0.027944111776447105,0.6833501657704822
4068,0.4663173652694611,0.999996612216216
4069,0.13073852295409183,0.9793353893620094
4070,0.46556886227544914,0.9999953536031263
4071,0.4650698602794411,0.9839785020544359
4072,0.4650698602794411,0.9839785020572116
4073,0.4650698602794411,0.976084767571946
4075,0.23003992015968064,0.9999990366760536
4077,0.4660678642714571,0.9999940128329187
4078,0.466566866267465,0.9999988328976693
4079,0.000499001996007984,0.0
4080,0.09131736526946108,0.9995741528952191
4083,0.4698103792415169,0.9923465540882211
4084,0.4660678642714571,0.9999961396206551
4085,0.4663173652694611,0.9922922447931992
4086,0.029940119760479042,0.9999998268417452
4087,0.469560878243513,0.9870112843165173
4092,0.46556886227544914,0.9999416659453652
4093,0.23053892215568864,0.988541625932891
4095,0.00124750499001996,0.9999999628471569
4096,0.0007485029940119761,0.0
4097,0.000249500998003992,0.0
4103,0.469311377245509,0.990543038151315
4104,0.015469061876247504,0.9999999900157133
4105,0.000249500998003992,0.0
4107,0.13947105788423153,0.999999802932462
4109,0.030189620758483034,0.9999998936949391
4110,0.47130738522954096,0.9919763849641764
4114,0.12999001996007986,0.9999999926805598
4115,0.47130738522954096,0.9999843412698275
4116,0.000249500998003992,0.0
4117,0.015219560878243513,0.9999999770909288
4120,0.008982035928143712,0.9999457566415214
4122,0.023203592814371257,0.9999993458229388
4126,0.1292415169660679,0.999999777169039
4127,0.030189620758483034,0.9999998936949391
4128,0.2744510978043912,0.9999753836726758
4130,0.2657185628742515,0.9999733380784926
4131,0.006986027944111776,0.3128759736842089
4132,0.4825349301397206,0.9897446434503625
4134,0.2846806387225549,0.9911717146374381
4136,0.001746506986027944,0.0
4137,0.06736526946107785,0.9998886651790303
4138,0.21706586826347307,0.9869658347346919
4140,0.22355289421157687,0.9633240787718403
4141,0.21781437125748504,0.9994923157840475
4143,0.24575848303393213,0.9935596855953956
4144,0.008982035928143712,0.3197220932154725
4149,0.07035928143712575,0.9999626378296289
4150,0.000499001996007984,0.0
4151,0.000249500998003992,0.0
4153,0.19211576846307388,0.9183145605933964
4154,0.000998003992015968,0.0
4156,0.0014970059880239522,1.610809911561407e-05
4160,0.3340818363273453,0.9903960615003663
4161,0.01472055888223553,0.9999999825656706
4164,0.11127744510978044,0.9999959105533889
4165,0.004491017964071856,0.2768202067323156
4166,0.004491017964071856,0.2768202414866036
4168,0.0007485029940119761,0.0
4169,0.07559880239520958,0.9999999955903309
4172,0.00124750499001996,0.0008246180282454501
4173,0.07909181636726546,0.9988980458719009
4177,0.02245508982035928,0.9999999949324638
4178,0.016716566866267466,0.9965146696448615
4181,0.003243512974051896,0.6380457379992751
4182,0.02245508982035928,0.9999999949324752
4183,0.01621756487025948,0.9000184660324015
4184,0.000249500998003992,0.0
4185,0.27619760479041916,0.9999999999963289
4187,0.003493013972055888,0.03383315334831542
4190,0.0531437125748503,0.9999999998783764
4192,0.056636726546906185,0.9986108562318442
4194,0.000249500998003992,0.0
4195,0.08033932135728543,0.998898508640451
4196,0.000499001996007984,0.9999875850354246
4197,0.009481037924151697,0.5013780761254605
4198,0.2754491017964072,0.9999999998918616
4200,0.02245508982035928,0.9999999949324672
4201,0.002245508982035928,0.6653420399764017
4202,0.15394211576846306,0.9999403211231053
4203,0.02245508982035928,0.9999999949324656
4205,0.000249500998003992,0.0
4206,0.07984031936127745,0.9988984323585371
4210,0.1536926147704591,0.9999999435449315
4211,0.000249500998003992,0.0
4212,0.000249500998003992,0.0
4218,0.000249500998003992,0.0
4219,0.27944111776447106,0.9999999778185368
4222,0.1536926147704591,0.999999999999946
4224,0.003493013972055888,0.7366447027078795
4226,0.468313373253493,0.9999976097510727
4228,0.05064870259481038,0.9620839884845037
4232,0.05389221556886228,0.9999999996359576
4233,0.000249500998003992,0.0
4234,0.13547904191616766,0.9982440064361583
4237,0.05389221556886228,0.999999999635961
4240,0.024201596806387227,0.9903166413182141
4242,0.2744510978043912,0.9978121667548528
4244,0.000249500998003992,0.0
4245,0.000499001996007984,0.0
4246,0.11127744510978044,0.9999999845698159
4248,0.000998003992015968,0.0
4254,0.04266467065868264,0.999992707359893
4255,0.000998003992015968,0.0
4257,0.1656686626746507,0.9997589495821654
4258,0.16541916167664672,0.993773123045851
4259,0.000499001996007984,0.0
4260,0.00499001996007984,0.8974972141153844
4265,0.2969061876247505,0.9974291725768786
4266,0.33632734530938124,0.9908597371512112
4267,0.33632734530938124,0.9999056576880827
4271,0.1664171656686627,0.9884116055712547
4273,0.33632734530938124,0.9999056576880774
4274,0.16067864271457086,0.6313269376926157
4278,0.11252495009980035,0.9664080970276667
4279,0.16467065868263472,0.9929524486231217
4282,0.0014970059880239522,1.065480112295888e-05
4283,0.038922155688622756,0.801589395236595
4285,0.000249500998003992,0.0
4286,0.4486027944111777,0.9999507769172945
4287,0.00124750499001996,0.0
4288,0.44835329341317365,0.9999491642281167
4289,0.1501996007984032,0.9952791005942507
4292,0.000249500998003992,0.0
4296,0.00124750499001996,0.0
4297,0.3101297405189621,0.9862657341160422
4298,0.11252495009980035,0.9830749452760996
4299,0.0014970059880239522,0.9245474259326194
4300,0.001746506986027944,0.0
4302,0.4476047904191617,0.9984552923010942
4303,0.003243512974051896,0.3693368137791187
4304,0.003243512974051896,0.6347510218581682
4305,0.000249500998003992,0.0
4307,0.030189620758483034,0.12530319402793896
4308,0.3231037924151697,0.9992646354849474
4309,0.0037425149700598802,0.033832091645621634
4312,0.04491017964071856,0.719902130145004
4313,0.002245508982035928,0.12486440644486942
4314,0.000249500998003992,0.0
4315,0.000249500998003992,0.0
4322,0.000249500998003992,0.0
4324,0.11277445109780437,0.9710302658228519
4325,0.3819860279441118,0.9984548205270485
4328,0.000249500998003992,0.0
4330,0.000249500998003992,0.0
4331,0.000499001996007984,0.0
4332,0.07360279441117765,0.999999696144332
4334,0.00124750499001996,0.0
4335,0.000249500998003992,0.0
4336,0.1631736526946108,0.9574465582917163
4337,0.01721556886227545,0.9999999607765534
4338,0.040419161676646706,0.9978551134968565
4339,0.4555888223552894,0.999736183061248
4340,0.07360279441117765,0.9999996961444269
4341,0.000998003992015968,0.6653279680268109
4343,0.008982035928143712,0.6552840777518956
4344,0.16192614770459082,0.972252423839399
4346,0.00124750499001996,0.33221581822908325
4347,0.040419161676646706,0.9978551134968092
4348,0.000499001996007984,0.0
4349,0.000249500998003992,0.0
4350,0.11252495009980035,0.964204298072762
4351,0.11277445109780437,0.9642089172782289
4352,0.07310379241516966,0.9699496952087848
4353,0.014970059880239521,0.7727197961050314
4355,0.009231536926147704,0.8701819896957121
4356,0.2722055888223553,0.9765934411932182
4358,0.32010978043912175,0.9973178463278434
4359,0.00998003992015968,0.6147079937402286
4360,0.07335329341317365,0.9699166129376054
4363,0.11227544910179643,0.9840984516818276
4368,0.3198602794411178,0.9904801866309353
4371,0.14620758483033933,0.9994728208077017
4372,0.3078842315369261,0.9916513815680574
4383,0.4533433133732535,0.9450634495409173
4384,0.0007485029940119761,0.0
4386,0.002245508982035928,0.0
4387,0.4338822355289421,0.9999999977030356
4388,0.1467065868263473,0.9947928675594649
4390,0.45059880239520955,0.9999232553783757
4393,0.0007485029940119761,0.0
4395,0.4338822355289421,0.9999999977030412
4397,0.000499001996007984,0.0
4398,0.45034930139720564,0.9837629734740766
4399,0.43113772455089816,0.9836930732020589
4402,0.3213572854291417,0.9999983145035113
4403,0.11027944111776444,0.999999890259906
4409,0.005239520958083832,0.712315144632923
4410,0.000249500998003992,0.0
4413,0.31087824351297405,0.999931661588978
4416,0.0042415169660678645,0.9999998836942341
4419,0.01721556886227545,0.9999999607765525
4422,0.000249500998003992,0.0
4424,0.000249500998003992,0.0
4426,0.1469560878243513,0.9979570989481461
4429,0.003243512974051896,0.8394189185478049
4434,0.000499001996007984,0.3975934376372706
4435,0.1469560878243513,0.9854441200483457
4438,0.311127744510978,0.9911996505829203
4439,0.000249500998003992,0.0
4443,0.000249500998003992,0.0
4445,0.46681636726546905,0.9919646264145678
4450,0.000249500998003992,0.0
4453,0.000499001996007984,0.43463302151621935
4455,0.000998003992015968,0.0
4459,0.0007485029940119761,0.0
4461,0.42440119760479045,0.9836725294357261
4462,0.02220558882235529,0.6388056423777813
4463,0.000998003992015968,0.0
4465,0.0029940119760479044,0.36928721571180695
4468,0.4186626746506986,0.9999999879407655
4475,0.16092814371257486,0.9996602371252827
4476,0.000249500998003992,0.0
4477,0.3091317365269461,0.9995889532649126
4478,0.3091317365269461,0.9996119900945668
4482,0.4194111776447106,0.9917629612121647
4487,0.4229041916167665,0.991772653863757
4489,0.0037425149700598802,0.7365632867160413
4494,0.000499001996007984,0.0
4495,0.38547904191616766,0.9930380037846006
4498,0.3884730538922156,0.990172615756887
4499,0.16167664670658682,0.9702192610022298
4501,0.4326347305389222,0.991877553221074
4505,0.000249500998003992,0.0
4507,0.17964071856287425,0.999999405958692
4509,0.11052894211576847,0.9999996316739949
4510,0.11102794411177641,0.980814181644948
4513,0.010728542914171657,0.10575785416924262
4517,0.0007485029940119761,0.0
4519,0.24201596806387227,0.99999846646492
4521,0.3592814371257485,0.9998221703027842
4522,0.1107784431137725,0.9999814796120553
4523,0.000499001996007984,0.0
4524,0.1107784431137725,0.999981479621155
4525,0.218562874251497,0.9999817257354192
4526,0.218313373253493,0.9999980202527488
4532,0.37150698602794413,0.9999999877287993
4534,0.2662175648702595,0.9999900969123015
4535,0.2662175648702595,0.999998989693947
4536,0.2994011976047904,0.9911697299808888
4537,0.007235528942115769,0.39750735542587534
4540,0.3762475049900199,0.9913533404282002
4544,0.007734530938123752,0.28048310206540644
4545,0.37774451097804396,0.9914162919216631
4546,0.3268463073852296,0.9999999881960371
4549,0.000998003992015968,4.043117543898358e-06
4552,0.2959081836327345,0.9982677141044344
4554,0.3268463073852296,0.9999999995039277
4557,0.3141217564870259,0.9855987905113238
4560,0.011976047904191617,0.9414022535245443
4561,0.32659680638722555,0.9906433238786452
4562,0.3922155688622755,0.9914569100387656
4564,0.29565868263473055,0.998271121651583
4565,0.3268463073852296,0.9999999999588318
4566,0.3268463073852296,0.9999999999588434
4567,0.3268463073852296,0.9999999999588183
4570,0.32659680638722555,0.9999999991563555
4572,0.3922155688622755,0.9999539076109512
4573,0.2667165668662675,0.9995902337919162
4579,0.11177644710578842,0.9999948810312314
4580,0.310129740518962,0.9999999923517504
4583,0.000249500998003992,0.0
4584,0.09505988023952096,0.999999504790394
4586,0.2662175648702595,0.9920778806810042
4587,0.000249500998003992,0.0
4588,0.0027445109780439123,0.699977376117334
4589,0.01746506986027944,0.9951856818343962
4592,0.32659680638722555,0.9999999999983544
4594,0.3096307385229541,0.9999999927143062
4601,0.06786427145708583,0.9103246713522379
4604,0.000499001996007984,0.0
4605,0.09505988023952096,0.9999999995627182
4606,0.2667165668662675,0.9995866336247383
4608,0.16217564870259482,0.9669036365908813
4609,0.37325349301397204,0.9999986674087405
4610,0.000249500998003992,0.0
4611,0.26771457085828343,0.9973982117974844
4612,0.30813373253493015,0.9999998792577512
4614,0.35803393213572854,0.999994191884943
4616,0.0007485029940119761,0.0
4617,0.000249500998003992,0.0
4618,0.1641716566866267,0.9653644642276524
4619,0.09481037924151696,0.9999852487289776
4620,0.0007485029940119761,0.0
4621,0.09481037924151696,0.9999852487289737
4622,0.4244011976047904,0.9999825625740894
4623,0.000249500998003992,0.0
4624,0.003243512974051896,0.0
4625,0.312375249500998,0.990449205764729
4627,0.35903193612774453,0.9999945253621749
4632,0.000249500998003992,0.0
4634,0.06536926147704591,0.9999998623505929
4636,0.30688622754491013,0.9999999990626072
4639,0.37225548902195604,0.9912390855588726
4642,0.000249500998003992,0.0
4645,0.30389221556886226,0.9903617482105207
4648,0.3181137724550898,0.999964830251833
4649,0.0029940119760479044,0.36939148138209366
4656,0.3657684630738523,0.9997081190161164
4658,0.3046407185628742,0.9999945998859495
4660,0.05214570858283433,0.9804981751667539
4664,0.3046407185628742,0.9999999988596961
4665,0.26771457085828343,0.9999870983281827
4668,0.38298403193612773,0.999979689748908
4670,0.26771457085828343,0.9999870983177144
4672,0.09456087824351297,0.9999060610772442
4673,0.11127744510978044,0.9999148672177296
4674,0.003992015968063872,0.5975851256839296
4676,0.013972055888223553,0.8819140376588088
4679,0.3847305389221557,0.9999796678274443
4682,0.26746506986027946,0.9999995616227298
4683,0.2662175648702595,0.9999999961496138
4686,0.009231536926147704,0.8711263047912361
4688,0.3480538922155688,0.9898912864245226
4689,0.3847305389221557,0.9910002684229101
4691,0.26397205588822353,0.9810454287871908
4692,0.26397205588822353,0.9810454287724102
4693,0.09730538922155689,0.9999059916803491
4695,0.26397205588822353,0.9904514395533013
4696,0.26397205588822353,0.9904514395533132
4697,0.0027445109780439123,0.000824956605936808
4699,0.3448103792415169,0.9962928371627365
4700,0.32659680638722555,0.7190893411181712
4702,0.3153692614770459,0.9852328875585366
4713,0.009481037924151697,0.27779871188766575
4715,0.2597305389221557,0.7542935287171271
4718,0.30164670658682635,0.8818530128423275
4720,0.34056886227544914,0.9881642104911845
4728,0.2370259481037924,0.9999406243414046
4731,0.32759481037924154,0.9881777321272404
4732,0.000499001996007984,0.0
4735,0.000499001996007984,0.0007125421615133354
4736,0.000249500998003992,0.0
4738,0.000499001996007984,0.0
4740,0.2375249500998004,0.9892638550546159
4744,0.23927145708582834,0.9998994789155248
4745,0.2375249500998004,0.9999713759866552
4746,0.29790419161676646,0.9986992740001851
4747,0.23952095808383234,0.9998844662397532
4748,0.3293413173652695,0.9881090623875562
4753,0.000499001996007984,0.0
4754,0.32859281437125754,0.9880514136240532
4755,0.3283433133732535,0.9787341900836619
4756,0.32659680638722555,0.9876229091925718
4757,0.20758483033932135,0.9983463557179952
4758,0.0007485029940119761,0.0
4760,0.3410678642714571,0.9988652461796592
4762,0.00124750499001996,0.0
4763,0.36926147704590817,0.9285240204308447
4764,0.000499001996007984,0.0
4765,0.08308383233532934,0.7611362595978596
4770,0.01472055888223553,0.08826866499623748
4771,0.3241017964071856,0.9793993701971411
4772,0.000249500998003992,0.0
4773,0.004491017964071856,0.7926117369958235
4779,0.000499001996007984,0.0
4781,0.000249500998003992,0.0
4782,0.000499001996007984,0.0
4785,0.3221057884231537,0.9999736424434366
4786,0.000249500998003992,0.0
4787,0.00124750499001996,0.6657072752743372
4789,0.008982035928143712,0.9999346966644946
4790,0.001996007984031936,0.0
4792,0.018213572854291416,0.559138498209556
4797,0.000499001996007984,4.561553418399574e-05
4798,0.42065868263473055,0.9783332155687666
4801,0.11776447105788423,0.9999908644950328
4803,0.001996007984031936,0.0
4804,0.0007485029940119761,0.0
4807,0.000249500998003992,0.0004947405121209524
4808,0.000499001996007984,0.0
4809,0.000998003992015968,0.0
4814,0.4291417165668663,0.9828540905387508
4815,0.019461077844311378,0.9981559250821918
4816,0.4318862275449102,0.9745855259187411
4817,0.05064870259481038,0.9548791734560291
4818,0.05064870259481038,0.9548791711501866
4819,0.29890219560878245,0.9237593398344355
4823,0.3153692614770459,0.9740131897186983
4824,0.009730538922155689,0.99999999925323
4829,0.00124750499001996,0.010642486739304182
4834,0.053642714570858285,0.9940955835404676
4835,0.000249500998003992,0.0
4838,0.009481037924151697,0.9999999999834599
4839,0.014471057884231538,0.6634920534153971
4841,0.2647205588822355,0.9999988081982238
4842,0.002245508982035928,4.070007488237705e-05
4847,0.00124750499001996,0.0
4848,0.27569860279441116,0.9918462800702084
4849,0.013722554890219561,0.6169197478878683
4852,0.001746506986027944,0.022872026153767145
4853,0.041916167664670656,0.9999995366700306
4855,0.3999500998003992,0.9999939070405313
4857,0.000249500998003992,0.0
4858,0.000249500998003992,2.3726830728978045e-05
4859,0.003992015968063872,0.09419289421025277
4860,0.000249500998003992,0.0
4863,0.13747504990019965,0.564475023937154
4865,0.36726546906187624,0.9925568507241543
4867,0.000998003992015968,0.9972946766823767
4868,0.000249500998003992,0.0
4870,0.000998003992015968,0.670527344667405
4874,0.0007485029940119761,0.0
4875,0.004491017964071856,0.7406301038180509
4877,0.016716566866267466,0.030592667320941066
4880,0.0499001996007984,0.9996911375800582
4882,0.000499001996007984,0.0
4886,0.00499001996007984,0.9999998820882966
4893,0.015469061876247504,0.48457956094326116
4896,0.000499001996007984,0.0
4897,0.000499001996007984,0.0
4899,0.35254491017964074,0.99869451882102
4902,0.000249500998003992,0.0
4903,0.3365768463073852,0.9999999862743159
4905,0.27220558882235524,0.9699622989159724
4906,0.00024950099800402636,0.0
4907,0.37624750499001997,0.9465020360007115
4909,0.022704590818363273,0.999215847549426
4910,0.36751497005988026,0.9999999942770526
4913,0.000998003992015968,0.24014674008638626
4915,0.3782435129740519,0.9457269909697558
4918,0.02470059880239521,0.40479495674716104
4919,0.000249500998003992,0.0
4920,0.001996007984031936,0.16303942289348183
4922,0.000499001996007984,5.488977830423755e-05
4923,0.000998003992015968,0.0
4925,0.000499001996007984,0.0
4929,0.000249500998003992,0.0
4930,0.000249500998003992,0.0
4932,0.3333333333333333,0.9999999740850933
4934,0.3350798403193613,0.9999999739944232
4938,0.00249500998003992,0.018950531290424146
4939,0.000249500998003992,0.0
4940,0.0014970059880239522,0.9999999999735176
4942,0.009481037924151697,0.9999999999995315
4943,0.000249500998003992,0.0
4945,0.3236027944111776,0.9999892389610292
4946,0.3458083832335329,0.9999243822840247
4949,0.000998003992015968,0.35287849852636927
4951,0.26771457085828343,0.9988495970565934
4954,0.023952095808383235,0.578164508218302
4956,0.0029940119760479044,0.39758838199105545
4960,0.000499001996007984,0.0
4966,0.003992015968063872,0.850368423308773
4969,0.0029940119760479044,0.8360484678119279
4972,0.29840319361277445,0.9999995793603171
4974,0.0014970059880239522,0.0
4975,0.000499001996007984,1.015448839390671e-05
4976,0.06387225548902195,0.8300066898522892
4978,0.29790419161676646,0.9910174991577474
4981,0.08283433133732535,0.770481613957751
4982,0.01971057884231537,0.1912268787203174
4983,0.41317365269461076,0.9999353222636597
4985,0.000249500998003992,0.0
4990,0.4406187624750499,0.9999999863662057
4995,0.001996007984031936,0.3304104422017485
4996,0.000249500998003992,0.0
4997,0.4406187624750499,0.9999999863662046
4999,0.000998003992015968,0.9999999455178797
5001,0.41367265469061876,0.9999889124494994
5003,0.000249500998003992,0.0
5005,0.06087824351297405,0.5998325181029959
5008,0.000249500998003992,0.0
5009,0.000249500998003992,0.0011934670540103502
5012,0.4403692614770459,0.9999999706019715
5013,0.4144211576846307,0.9999842698769794
5015,0.44411177644710575,0.9484418582586133
5018,0.4406187624750499,0.9999999975711478
5019,0.000998003992015968,0.9844239515970654
5020,0.000249500998003992,0.0
5023,0.04815369261477046,0.9999742340841913
5027,0.44011976047904194,0.999941157704934
5029,0.0037425149700598802,0.13675697702560616
5030,0.000249500998003992,0.0
5031,0.0007485029940119761,0.0
5034,0.0007485029940119761,0.0
5037,0.4406187624750499,0.9979834004542912
5040,0.010978043912175649,0.9999999342861623
5042,0.000249500998003992,0.0
5046,0.001746506986027944,0.004470335174257178
5048,0.17065868263473055,0.9862866325638473
5049,0.04790419161676647,0.9999997133809372
5052,0.000249500998003992,0.0
5054,0.04840319361277445,0.999997947365576
5057,0.000499001996007984,0.0
5058,0.001746506986027944,0.0
5063,0.000249500998003992,5.684994266427525e-06
5064,0.021457085828343315,0.8432257872198259
5065,0.000998003992015968,0.0
5069,0.000249500998003992,0.0
5070,0.016467065868263474,0.9999640192793924
5072,0.00499001996007984,0.8663811002877025
5074,0.00124750499001996,0.0
5076,0.0007485029940119761,0.0
5077,0.10029940119760479,0.981445927682223
5079,0.000249500998003992,0.00019743296047125853
5082,0.000249500998003992,0.0
5083,0.08308383233532934,0.8530922234498383
5084,0.04765469061876248,0.9999998958162464
5089,0.0007485029940119761,0.0
5091,0.000499001996007984,0.0
5097,0.016966067864271458,0.9999992322019652
5100,0.015219560878243513,0.9895826220667931
5105,0.002245508982035928,0.44000139885549744
5109,0.0007485029940119761,0.0
5113,0.000249500998003992,4.11165618163754e-06
5114,0.000249500998003992,0.0
5116,0.00124750499001996,0.49899792189740816
5119,0.026447105788423155,0.22301639002602974
5122,0.37200598802395207,0.6313059467056117
5124,0.000249500998003992,0.0
5125,0.00124750499001996,0.33057126860521086
5126,0.2340319361277445,0.2126334118326725
5128,0.19211576846307385,0.6279689868093498
5129,0.000499001996007984,3.482076212631509e-05
5130,0.005738522954091816,0.01296159888221919
5131,0.006487025948103792,0.9944736546282567
5135,0.01122754491017964,0.40885622489086726
5140,0.04216566866267465,0.588740739358032
5141,0.000249500998003992,0.0
5142,0.00249500998003992,0.0435083709361393
5143,0.002245508982035928,0.0
5145,0.000249500998003992,0.0
5153,0.0029940119760479044,0.7981632768045449
5154,0.08582834331337326,0.9997458844406132
5157,0.02370259481037924,0.9999999982799066
5158,0.0027445109780439123,0.7357180185006185
5161,0.000249500998003992,0.0
5163,0.00124750499001996,0.0
5164,0.007734530938123752,0.674644337719991
5165,0.11526946107784432,0.9975147007731149
5169,0.15269461077844312,0.9715075646227769
5170,0.1155189620758483,0.9998072629169382
5174,0.0124750499001996,0.6678034396196912
5177,0.000249500998003992,0.0
5179,0.37974051896207583,0.9999988386520656
5185,0.0014970059880239522,0.9999999856029458
5189,0.022954091816367265,0.9999999948266778
5191,0.001746506986027944,5.6369406635055416e-05
5193,0.000249500998003992,0.0
5194,0.02345309381237526,0.16014842746017166
5195,0.000499001996007984,0.0
5198,0.007984031936127744,0.13878643658279946
5199,0.1157684630738523,0.9913071811965717
5201,0.1157684630738523,0.9913071807134338
5203,0.15219560878243513,0.9966563205264433
5204,0.03468063872255489,0.9314684051694648
5206,0.001746506986027944,0.4977037182872783
5207,0.3458083832335329,0.999926824529032
5213,0.008233532934131737,0.9999994570019348
5214,0.03318363273453094,0.9153171620257268
5216,0.000249500998003992,0.0
5218,0.4164171656686627,0.9999992125673445
5219,0.07460079840319361,0.8542084066906193
5222,0.21756487025948104,0.9761247976575458
5223,0.0027445109780439123,0.9999999827662797
5226,0.23502994011976047,0.9895101808455381
5229,0.000998003992015968,0.0
5230,0.41691616766467066,0.999999200175638
5232,0.3824850299401198,0.9999975773809451
5233,0.001746506986027944,4.552548547873277e-06
5234,0.009481037924151697,0.8352019485987495
5237,0.001996007984031936,0.021540657031763513
5239,0.06462075848303393,0.847606876747925
5240,0.000499001996007984,0.15672244074436975
5241,0.4925149700598802,0.9902654417073758
5242,0.009730538922155689,0.9999999825012754
5245,0.48902195608782434,0.9999999363625381
5247,0.48927145708582837,0.9999999867204343
5249,0.000499001996007984,0.0
5250,0.011976047904191617,0.19891526363666723
5251,0.000249500998003992,0.0
5253,0.00499001996007984,0.14474062847937394
5255,0.0014970059880239522,0.637882773354296
5256,0.000499001996007984,0.0
5258,0.4620758483033932,0.9999029778228736
5259,0.000249500998003992,0.013584905503381189
5261,0.000249500998003992,0.0
5262,0.000998003992015968,0.3313371952115495
5263,0.0054890219560878245,0.2759244798696388
5264,0.000499001996007984,2.105180281796127e-05
5266,0.0014970059880239522,0.9999999856029418
5268,0.38223552894211577,0.9999998370764589
5270,0.012974051896207584,0.9716086928636789
5271,0.0042415169660678645,0.4969260541890174
5273,0.27320359281437123,0.9999763292558554
5275,0.000249500998003992,0.0
5276,0.033682634730538924,0.9225475311915725
5279,0.38198602794411174,0.9999999988081301
5281,0.0062375249500998,0.0014457650290111833
5283,0.000249500998003992,0.0
5286,0.07784431137724551,0.9703734630268217
5287,0.001746506986027944,0.9999999993444084
5290,0.000499001996007984,0.0
5292,0.08358283433133733,0.9999999991747262
5294,0.08507984031936128,0.9999999981973504
5296,0.000249500998003992,0.0
5299,0.0843313373253493,0.9999999999563942
5300,0.000249500998003992,0.0
5301,0.07310379241516966,0.9396761535497928
5303,0.08507984031936128,0.9999999999085594
5304,0.3817365269461078,0.9830012625863626
5306,0.08507984031936128,0.9999999981973624
5307,0.000249500998003992,0.0
5309,0.000249500998003992,0.0
5310,0.08557884231536926,0.9999999989623298
5311,0.00124750499001996,0.7918888168212516
5314,0.08557884231536926,0.9999999989623358
5321,0.001746506986027944,0.9999999993444117
5322,0.045409181636726546,0.9973422791262623
5323,0.09655688622754491,0.9552821592061834
5330,0.10454091816367266,0.9999999662827402
5332,0.08907185628742514,0.9999980329674868
5333,0.000998003992015968,0.999999999949498
5334,0.08907185628742514,0.9999980329670827
5337,0.0007485029940119761,0.0
5339,0.000499001996007984,0.0
5341,0.10404191616766467,0.9999473625195157
5342,0.08882235528942116,0.9999677002556436
5347,0.04915169660678643,0.9999897688178668
5348,0.0027445109780439123,0.0
5350,0.000249500998003992,0.0
5351,0.12375249500998003,0.8930854997575135
5352,0.09006986027944112,0.9999982988294923
5353,0.08882235528942116,0.9999598542456506
5356,0.001996007984031936,0.0
5357,0.0014970059880239522,0.08132338695414966
5358,0.000249500998003992,1.7171650768867026e-05
5360,0.020459081836327345,0.8459641319322986
5364,0.17689620758483035,0.9950879792724299
5366,0.000499001996007984,0.0
5367,0.000249500998003992,0.0
5369,0.03767465069860276,0.3432320492375341
5370,0.38123752495009977,0.9754715722312377
5372,0.000998003992015968,0.9999999999494971
5374,0.000998003992015968,0.9999999999494993
5375,0.37924151696606784,0.9911705854382586
5379,0.07135728542914171,0.9701325334802934
5380,0.001746506986027944,0.0
5384,0.000249500998003992,0.0
5388,0.05389221556886228,0.9999712333214228
5390,0.08807385229540918,0.9999998130792928
5391,0.0007485029940119761,0.0
5393,0.041666666666666664,0.9992889459800722
5401,0.04715568862275449,0.9750269453930535
5402,0.3213572854291417,0.9998291977347783
5403,0.21382235528942115,0.9767651131095406
5404,0.3208582834331337,0.9998462821386905
5407,0.010479041916167664,0.5210677928280002
5408,0.000249500998003992,0.0
5409,0.000249500998003992,0.0
5410,0.3216067864271457,0.9998546523979535
5411,0.11926147704590818,0.9823229288145017
5414,0.011477045908183632,0.6765505047811053
5415,0.11976047904191617,0.9999658699986096
5416,0.000499001996007984,7.230087670275177e-05
5417,0.000249500998003992,0.0
5419,0.000499001996007984,0.0
5420,0.04765469061876248,0.9750236733525499
5423,0.000249500998003992,0.0
5425,0.1187624750499002,0.9834351412371558
5427,0.05389221556886228,0.9994541302829285
5430,0.2911676646706587,0.9773564537736084
5432,0.10429141716566866,0.9804902081172577
5437,0.000998003992015968,0.9999999999494973
5439,0.00124750499001996,0.6653276418552442
5440,0.000998003992015968,0.9999999999494995
5441,0.046656686626746505,0.9755060264672087
5444,0.000998003992015968,0.9999999999494997
5445,0.000998003992015968,0.9999999999494984
5446,0.000998003992015968,0.999999999949496
5447,0.000998003992015968,0.9999999999494993
5448,0.000998003992015968,0.9999999999494977
5450,0.00124750499001996,0.9999999649989618
5452,0.000998003992015968,0.9999999999494995
5453,0.000998003992015968,0.9999999999495006
5454,0.11901197604790419,0.9834650128133536
5457,0.000249500998003992,1.1502634847335784e-05
5458,0.000249500998003992,0.0
5460,0.04141716566866267,0.9999621656220863
5461,0.003243512974051896,0.9999999971524438
5462,0.003493013972055888,0.999999997728392
5464,0.003243512974051896,0.9999999971524411
5465,0.000249500998003992,0.0
5469,0.000249500998003992,0.0
5473,0.4663173652694611,0.7279690700909
5474,0.001996007984031936,0.34130902080897335
5475,0.00873253493013972,0.6464398609986323
5476,0.000249500998003992,0.0
5480,0.00873253493013972,0.3306767625973844
5481,0.005239520958083832,0.0
5484,0.00249500998003992,0.029983434306078346
5486,0.001746506986027944,0.9999961301393477
5488,0.12599800399201597,0.9628099501653774
5490,0.001746506986027944,0.9999885036615502
5491,0.3977045908183633,0.9818702657401848
5492,0.0014970059880239522,0.4989574662746709
5494,0.30439121756487025,0.9908746062879974
5495,0.03592814371257485,0.9449582139199738
5499,0.00124750499001996,0.9999483420343506
5500,0.4358782435129741,0.9760646926999061
5501,0.004740518962075849,0.14914048286504059
5506,0.21432135728542914,0.9960435230988284
5509,0.49950099800399206,0.9951285646067461
5510,0.028193612774451097,0.9072438842174807
5511,0.04815369261477046,0.9999575297738682
5513,0.000249500998003992,0.0
5515,0.000249500998003992,0.0
5517,0.001996007984031936,0.0
5518,0.06811377245508982,0.9945051174815965
5519,0.000499001996007984,0.4988095099903751
5525,0.004740518962075849,0.4989998957547884
5528,0.00124750499001996,0.9981943951615557
5532,0.05389221556886228,0.9096761479539166
5534,0.000998003992015968,0.9945782058172854
5538,0.07584830339321358,0.8345349375333169
5545,0.00124750499001996,0.498989523728813
5546,0.23028942115768464,0.9777459334429286
5548,0.000499001996007984,0.0
5549,0.000249500998003992,0.0
5550,0.21307385229540918,0.998858703372381
5551,0.08807385229540918,0.8969916492229304
5553,0.000249500998003992,0.0
5554,0.19960079840319356,0.9887871486612816
5557,0.001746506986027944,0.0
5558,0.000998003992015968,0.0
5559,0.0249500998003992,0.5103009677932911
5560,0.0007485029940119761,0.0
5561,0.000499001996007984,0.0
5562,0.000249500998003992,0.0
5564,0.21032934131736528,0.9897234760431851
5567,0.001746506986027944,0.49991687073672464
5568,0.00249500998003992,0.10286593561306324
5569,0.000499001996007984,0.00013557586204295078
5579,0.000499001996007984,0.0
5583,0.00124750499001996,0.0
5585,0.000249500998003992,0.0
5587,0.20459081836327342,0.9735815017591003
5588,0.0027445109780439123,0.19796947037720683
5589,0.06586826347305386,0.9758258020895908
5590,0.1162674650698603,0.9656150644834773
5591,0.2043413173652695,0.9736214172808745
5592,0.000249500998003992,0.0
5596,0.000249500998003992,0.0
5598,0.03293413173652695,0.9120774341303568
5600,0.0027445109780439123,0.10290378407019175
5601,0.0007485029940119761,0.0
5604,0.3642714570858283,0.9910325507955139
5605,0.000499001996007984,1.8572819313147045e-05
5606,0.20808383233532934,0.9999900024568285
5607,0.000499001996007984,0.0
5616,0.001746506986027944,0.0020760901029987914
5618,0.20808383233532934,0.9999900024599047
5620,0.20808383233532934,0.9999906604913179
5622,0.004491017964071856,0.9087730551414162
5623,0.007734530938123752,0.49487968196416443
5625,0.000499001996007984,0.0
5628,0.20833333333333337,0.9999963864120982
5630,0.20808383233532934,0.9999848778087382
5633,0.0037425149700598802,0.11447007690757467
5635,0.20858283433133729,0.9999980064633042
5640,0.17689620758483035,0.9853477959093443
5641,0.17040918163672655,0.9530452616579425
5642,0.20858283433133729,0.9999980064632833
5644,0.000499001996007984,0.4985046403069914
5645,0.20833333333333337,0.999978764735595
5646,0.000249500998003992,0.0
5647,0.20833333333333337,0.9999993906232914
5648,0.20808383233532934,0.9999999948631504
5649,0.000249500998003992,0.0
5655,0.02969061876247505,0.9985026541883916
5660,0.20808383233532934,0.9999999948631706
5664,0.0007485029940119761,0.0
5665,0.20833333333333337,0.9999980086494015
5668,0.000249500998003992,0.0
5672,0.001996007984031936,0.002075412618292361
5676,0.07085828343313372,0.9999797624279719
5677,0.21457085828343314,0.9999998416234994
5678,0.000998003992015968,0.0
5681,0.20808383233532934,0.9913644152889238
5682,0.0007485029940119761,0.0
5684,0.00249500998003992,0.4989964247974386
5685,0.07060878243512969,0.999999986169203
5686,0.000249500998003992,8.239741454254203e-05
5687,0.004491017964071856,0.0
5689,0.0007485029940119761,0.0
5690,0.16716566866267465,0.8714095553721325
5691,0.07110778443113774,0.9761108363827442
5692,0.217564870259481,0.9820275045635578
5694,0.0014970059880239522,0.0
5695,0.15394211576846306,0.999974335589634
5698,0.23078842315369263,0.7935916076695847
5701,0.0007485029940119761,0.0
5702,0.000249500998003992,0.0
5704,0.0014970059880239522,0.13108323383429685
5705,0.2120758483033932,0.9999997360192353
5706,0.000998003992015968,0.0
5707,0.1220059880239521,0.9555402142535716
5709,0.004491017964071856,0.46524216090774484
5710,0.406936127744511,0.9602923633545725
5711,0.001746506986027944,0.33215841880267444
5713,0.000499001996007984,0.0
5719,0.22005988023952094,0.9884419584290177
5721,0.00124750499001996,0.0
5722,0.0007485029940119761,0.4989974993369727
5723,0.0007485029940119761,0.0
5724,0.000249500998003992,0.0
5725,0.0007485029940119761,0.0
5728,0.000499001996007984,0.0
5729,0.004740518962075849,0.10195837148843152
5732,0.000499001996007984,0.0
5734,0.018463073852295408,0.9988914738075867
5737,0.005988023952095809,0.9999997452116975
5740,0.000499001996007984,0.0
5741,0.001996007984031936,0.004827268609376267
5743,0.000249500998003992,0.0
5744,0.003992015968063872,0.35338764741430734
5747,0.21931137724550898,0.9856789297467263
5748,0.0007485029940119761,0.0
5751,0.012724550898203593,0.9050946417100225
5753,0.000249500998003992,0.0
5754,0.000249500998003992,0.0
5760,0.0014970059880239522,0.9994821892838113
5761,0.000249500998003992,0.0
5766,0.000499001996007984,0.0
5768,0.005239520958083832,0.1650082169144044
5769,0.000249500998003992,0.12323408244266243
5772,0.02944111776447106,0.826826063493462
5773,0.0007485029940119761,0.9999995453440421
5774,0.00249500998003992,0.1029205318307495
5775,0.03318363273453094,0.9985542183739003
5780,0.15743512974051896,0.9999724264497104
5781,0.009231536926147704,0.9996668496462604
5789,0.005738522954091816,0.645494616676153
5792,0.06112774451097804,0.9702635518334788
5793,0.008233532934131737,0.9814656662927013
5796,0.3148702594810379,0.9999671042381294
5800,0.0007485029940119761,0.13204448295791177
5804,0.008233532934131737,0.8256024433611994
5805,0.012974051896207584,0.9060500746979014
5807,0.0007485029940119761,0.0
5809,0.008982035928143712,0.35478434804093145
5811,0.000249500998003992,0.0
5812,0.000249500998003992,0.0
5813,0.0014970059880239522,0.0
5814,0.000249500998003992,0.0
5815,0.08632734530938124,0.9926538118576149
5816,0.0007485029940119761,0.0
5817,0.03243512974051896,0.9899018521393954
5819,0.014970059880239521,0.2914121220227479
5823,0.000249500998003992,0.0
5824,0.018213572854291416,0.9999662794376959
5825,0.15718562874251496,0.9999999939196302
5831,0.0027445109780439123,0.08560227611994976
5834,0.000499001996007984,0.0
5835,0.1195109780439122,0.9792174079227909
5838,0.015469061876247504,0.2892494003016424
5840,0.30439121756487025,0.9999994317579018
5841,0.156437125748503,0.9999999321860817
5843,0.313373253493014,0.9999999966440882
5844,0.000249500998003992,0.0
5845,0.000249500998003992,0.0
5848,0.01621756487025948,0.4587216859417706
5849,0.000249500998003992,4.024792455297668e-06
5850,0.0007485029940119761,0.0
5853,0.00499001996007984,0.0
5854,0.003243512974051896,0.0
5857,0.02120758483033932,0.9963738492717887
5858,0.003493013972055888,0.9509842161452855
5862,0.19910179640718562,0.4718875380103932
5863,0.21906187624750498,0.5051131962717008
5865,0.000499001996007984,0.0
5866,0.15518962075848303,0.9999849918835367
5867,0.000499001996007984,0.0
5870,0.003243512974051896,0.0
5872,0.000249500998003992,0.0
5874,0.012724550898203593,0.8955039118481165
5876,0.03143712574850299,0.9388113731539549
5880,0.31786427145708585,0.9999964062343529
5884,0.17065868263473055,0.9999933227473208
5886,0.000249500998003992,0.0
5889,0.43912175648702595,0.9884391588700929
5890,0.000249500998003992,0.0
5892,0.003493013972055888,0.3445519692747562
5893,0.0014970059880239522,0.999997555462699
5894,0.15494011976047903,0.999984917709109
5896,0.0054890219560878245,0.9999976230531902
5900,0.006487025948103792,0.24579244661927296
5901,0.000249500998003992,0.0
5904,0.000249500998003992,0.0
5905,0.000249500998003992,0.0
5908,0.005239520958083832,0.9907434324565308
5911,0.000249500998003992,0.0
5912,0.15568862275449102,0.9999968927114595
5914,0.000998003992015968,0.0
5918,0.000499001996007984,0.0
5919,0.17115768463073852,0.9860065032140207
5921,0.000249500998003992,0.0
5922,0.000249500998003992,0.0
5923,0.00124750499001996,0.9999299613299626
5926,0.312375249500998,0.9911329158640281
5927,0.003992015968063872,0.999999455529323
5928,0.003493013972055888,0.999999996426947
5930,0.17090818363273452,0.9992245186731551
5931,0.000249500998003992,0.0
5932,0.000249500998003992,0.0
5933,0.09031936127744511,0.9728088792118096
5936,0.000249500998003992,0.0
5939,0.000249500998003992,0.0
5946,0.1506986027944112,0.9847999913677172
5948,0.000499001996007984,0.0
5949,0.000499001996007984,0.0
5951,0.15444111776447106,0.9999849241882445
5954,0.0029940119760479044,0.0
5955,0.000249500998003992,0.0
5956,0.000249500998003992,0.0
5957,0.001746506986027944,0.9999934002139139
5958,0.00124750499001996,0.0
5959,0.000499001996007984,0.0
5962,0.12025948103792415,0.9598818816150473
5963,0.028193612774451097,0.469219673284929
5966,0.021457085828343315,0.6593506641718668
5967,0.0027445109780439123,0.0
5968,0.0124750499001996,0.7981578843759833
5969,0.001746506986027944,0.9999201150774892
5970,0.05064870259481038,0.8441780303137076
5972,0.49600798403193613,0.9919925268917308
5974,0.0007485029940119761,0.9999995453440934
5975,0.000249500998003992,0.0
5977,0.000998003992015968,0.0
5979,0.000249500998003992,0.0
5980,0.000499001996007984,0.0
5981,0.02370259481037924,0.9066571196585684
5982,0.15593812375249502,0.9862026414689632
5985,0.003493013972055888,0.8935654329280821
5987,0.33358283433133734,0.9999704260465015
5989,0.000249500998003992,0.0
5992,0.000249500998003992,0.0
5996,0.000499001996007984,0.0
6000,0.000998003992015968,0.0
6001,0.002245508982035928,0.9999999877033625
6002,0.000249500998003992,0.0
6003,0.000249500998003992,0.0
6006,0.000249500998003992,0.0
6009,0.000998003992015968,0.9629928097649327
6010,0.000499001996007984,0.0
6012,0.005738522954091816,0.999999950066705
6015,0.000249500998003992,0.0
6016,0.010978043912175649,0.12161087559159564
6017,0.0042415169660678645,0.999907819816785
6018,0.023453093812375248,0.9916674615928821
6020,0.00249500998003992,0.7316369116703868
6021,0.15494011976047903,0.9999999986928536
6028,0.002245508982035928,0.9999999464910045
6029,0.000249500998003992,0.0
6030,0.000499001996007984,0.0
6031,0.00249500998003992,0.9999999958095789
6033,0.15793413173652696,0.9967799283015221
6036,0.000998003992015968,0.0
6037,0.000499001996007984,0.0
6038,0.15593812375249502,0.9999985548857852
6039,0.0007485029940119761,0.0
6040,0.009231536926147704,0.9998172530959709
6042,0.3333333333333333,0.9999776454879289
6043,0.0029940119760479044,0.6543464200817872
6044,0.000249500998003992,0.0003622754775202323
6045,0.000249500998003992,0.0
6046,0.000249500998003992,0.0
6048,0.156936127744511,0.999970908587071
6050,0.000998003992015968,0.0
6051,0.156187624750499,0.9999741989977227
6053,0.000998003992015968,0.0
6056,0.003493013972055888,0.74665016434152
6060,0.001996007984031936,0.99552379484094
6062,0.0042415169660678645,0.007671089705558656
6065,0.0007485029940119761,0.0
6067,0.000499001996007984,0.0
6070,0.001996007984031936,0.0
6073,0.021706586826347306,0.041005735485108157
6075,0.015469061876247504,0.43370531054729833
6077,0.000499001996007984,0.0
6078,0.1407185628742515,0.9492451653387692
6079,0.14296407185628743,0.9642021789645264
6080,0.14296407185628743,0.9642021797616045
6081,0.001996007984031936,0.4986480973335115
6083,0.000499001996007984,0.0
6084,0.000499001996007984,3.180787281830258e-05
6085,0.18063872255489022,0.9870826764387801
6086,0.000499001996007984,0.0
6087,0.000249500998003992,0.0
6088,0.005239520958083832,0.33203562497216393
6089,0.33083832335329344,0.9994915286374209
6091,0.005988023952095809,0.996878367276905
6092,0.02120758483033932,0.6323899057253285
6093,0.0014970059880239522,0.9388451467341863
6095,0.000499001996007984,0.9999985734660908
6096,0.0029940119760479044,9.575838083908803e-06
6097,0.013722554890219561,0.448669138219253
6100,0.000249500998003992,0.0
6105,0.00124750499001996,0.0
6106,0.06761477045908182,0.9740811178063806
6107,0.15394211576846306,0.9999999973377103
6108,0.0027445109780439123,0.10484667738842805
6109,0.000499001996007984,0.05897273179860447
6111,0.25773453093812376,0.9738066062104164
6114,0.000998003992015968,0.0
6119,0.000249500998003992,4.214146298451424e-06
6120,0.000499001996007984,0.0
6121,0.00124750499001996,0.0
6122,0.001996007984031936,0.019356285545286775
6126,0.33308383233532934,0.9999999990584854
6128,0.008233532934131737,0.9999998843207711
6130,0.000499001996007984,0.0
6131,0.000499001996007984,0.0
6134,0.3290918163672655,0.9906438866684083
6135,0.4403692614770459,0.9917707622082108
6138,0.0042415169660678645,0.034752672400407615
6139,0.000249500998003992,0.0
6140,0.000249500998003992,0.0
6142,0.000249500998003992,0.0
6143,0.0007485029940119761,0.0
6147,0.007734530938123752,0.9308353957309112
6150,0.031936127744510975,0.8465713276178686
6152,0.33308383233532934,0.9999999993460493
6153,0.000249500998003992,0.0004042982633606389
6155,0.0007485029940119761,0.0
6158,0.1531936127744511,0.9999999996630557
6159,0.010728542914171657,0.7613267853000999
6161,0.000249500998003992,1.1842002285196622e-05
6162,0.000499001996007984,0.0
6164,0.1531936127744511,0.9999999996630571
6165,0.000249500998003992,4.115669857910139e-06
6166,0.00499001996007984,0.05292430727875324
6167,0.000249500998003992,0.0
6170,0.0037425149700598802,0.9601950222466601
6171,0.000249500998003992,0.0
6172,0.000499001996007984,0.0
6174,0.006986027944111776,0.6737769461209148
6175,0.000249500998003992,0.0
6177,0.24825349301397207,0.9848890415090944
6178,0.000499001996007984,0.0001732333973040396
6179,0.02220558882235529,0.7981668326377493
6182,0.000249500998003992,0.0
6184,0.013972055888223553,0.999995522188635
6189,0.000249500998003992,0.0
6192,0.002245508982035928,0.9999999877033596
6193,0.1531936127744511,0.9999999996281244
6197,0.01347305389221557,0.999999949143773
6198,0.38897205588822353,0.9603864398341461
6202,0.06312375249501001,0.944919507373481
6205,0.000249500998003992,0.0
6207,0.000249500998003992,0.0
6209,0.00249500998003992,0.0
6213,0.000998003992015968,0.05898561450551189
6215,0.15169660678642716,0.9999999994006115
6217,0.006986027944111776,0.49164751349082025
6218,0.0007485029940119761,0.0
6222,0.3348303393213573,0.9999996010163803
6224,0.000499001996007984,0.0
6225,0.1531936127744511,0.9999999937998398
6229,0.000249500998003992,0.0
6230,0.00124750499001996,0.0
6231,0.010479041916167664,0.8303971301273568
6234,0.024201596806387227,0.9072347926381295
6240,0.15244510978043913,0.99999999965494
6241,0.000249500998003992,0.0
6245,0.000499001996007984,0.0
6254,0.17365269461077845,0.9585338878891291
6257,0.06312375249501001,0.9999999985711676
6258,0.000499001996007984,0.0
6259,0.00124750499001996,0.0
6261,0.027445109780439122,0.37681296296926986
6262,0.01746506986027944,0.2918739715608761
6265,0.18313373253493015,0.9471667215193492
6269,0.00499001996007984,0.8267045681910103
6270,0.021956087824351298,0.6148312772451016
6271,0.01472055888223553,0.6512421879219393
6272,0.0027445109780439123,0.9832258354670907
6277,0.003992015968063872,0.9999999874909415
6279,0.000499001996007984,0.0
6281,0.000499001996007984,0.00015626128690752182
6283,0.000249500998003992,0.0
6285,0.1536926147704591,0.9999513553092872
6286,0.0037425149700598802,0.9999999992861748
6287,0.000499001996007984,2.7270494969379632e-05
6288,0.0029940119760479044,0.4119466976880256
6289,0.000499001996007984,0.0
6291,0.007984031936127744,0.9314470060587997
6292,0.000499001996007984,0.0
6293,0.438373253493014,0.9787859092802976
6294,0.000249500998003992,0.0
6296,0.43812375249500995,0.9785183619954715
6298,0.000499001996007984,8.105297271599435e-05
6299,0.24426147704590817,0.9579279939671773
6302,0.1536926147704591,0.9999554902975635
6303,0.15394211576846306,0.970017532182945
6306,0.000499001996007984,0.0
6307,0.000249500998003992,0.0
6308,0.06337325349301393,0.9999830527668887
6310,0.0007485029940119761,3.871638802404699e-05
6313,0.010728542914171657,0.34247726867776507
6317,0.000249500998003992,0.0
6318,0.000499001996007984,0.0
6319,0.0007485029940119761,0.0
6326,0.001996007984031936,0.0
6329,0.06711576846307388,0.8272478250336819
6330,0.003243512974051896,0.9999999824116378
6331,0.0641217564870259,0.8939627957169981
6332,0.006986027944111776,0.8890038351762067
6333,0.0007485029940119761,0.0
6334,0.009231536926147704,0.0002776857860866625
6336,0.003992015968063872,0.999999963238689
6337,0.00124750499001996,0.0
6338,0.15094810379241516,0.9308954906231365
6339,0.001996007984031936,0.999999780594077
6342,0.4628243512974052,0.5875935281972251
6343,0.000249500998003992,0.0
6344,0.00124750499001996,0.9611195831448152
6347,0.001746506986027944,0.9999999588893784
6348,0.000249500998003992,0.0
6350,0.02594810379241517,0.6058656684160032
6351,0.03243512974051896,0.4864714567347747
6353,0.006986027944111776,0.4248157830480705
6355,0.030189620758483034,0.6466562288015779
6356,0.000249500998003992,0.0
6358,0.027694610778443114,0.08839449527312886
6361,0.000249500998003992,0.0
6364,0.000998003992015968,0.0
6366,0.000499001996007984,0.0
6371,0.000499001996007984,4.302366817163173e-05
6372,0.000249500998003992,0.0
6380,0.003493013972055888,0.40238793794590255
6383,0.001746506986027944,1.4324773249372033e-07
6384,0.001996007984031936,0.6655959588925993
6386,0.0007485029940119761,0.9999999228859783
6387,0.0007485029940119761,9.156790254542053e-06
6389,0.000249500998003992,0.0
6390,0.000249500998003992,0.0
6391,0.000249500998003992,0.0
6393,0.000249500998003992,0.0010258111128590031
6397,0.0007485029940119761,0.0
6398,0.000249500998003992,4.651303667762984e-06
6399,0.008982035928143712,0.013889945502633949
6401,0.24001996007984033,0.649103652968125
6403,0.30114770459081835,0.9185569230804084
6405,0.3008982035928144,0.9281142976944599
6407,0.013223552894211578,0.8747305178567506
6408,0.00124750499001996,0.0
6409,0.000249500998003992,0.0
6412,0.000499001996007984,9.884701870323007e-05
6415,0.005239520958083832,0.0
6416,0.32235528942115765,0.641167964953253
6417,0.00124750499001996,0.0
6419,0.001746506986027944,0.0
6428,0.02120758483033932,0.06791831443449436
6429,0.0187125748502994,0.009758964824635308
6430,0.000249500998003992,0.0
6431,0.020958083832335328,0.001247210124216758
6433,0.17989021956087825,0.7140589295011246
6434,0.000249500998003992,0.0
6436,0.003992015968063872,0.0002053194538580174
6437,0.008233532934131737,0.00042485431684528824
6440,0.003243512974051896,0.047960524048182934
6444,0.002245508982035928,0.28462983092491345
6445,0.17714570858283432,0.9426389646135765
6447,0.18238522954091815,0.30558778097580663
6451,0.00124750499001996,0.0
6452,0.002245508982035928,0.0
6454,0.2991516966067864,0.8954503395895336
6455,0.0187125748502994,0.9078372136752341
6456,0.001746506986027944,3.920400758286927e-06
6457,0.2624750499001996,0.9388325418108865
6458,0.2619760479041916,0.948514865371287
6459,0.0014970059880239522,0.0
6460,0.26497005988023953,0.939975114157353
6461,0.002245508982035928,0.15477509367705794
6468,0.4086826347305389,0.9205226865819873
6470,0.26422155688622756,0.9894742312076596
6476,0.009231536926147704,0.8549410196082294
6482,0.012724550898203593,0.7236109020303629
6484,0.20334331337325348,0.9999178464869763
6486,0.0007485029940119761,0.9999999999984077
6487,0.3083832335329341,0.9996330254168468
6488,0.00249500998003992,0.0
6489,0.000499001996007984,0.0
6493,0.0531437125748503,0.9744351102811517
6496,0.000249500998003992,0.0
6497,0.000499001996007984,1.122901794160887e-05
6498,0.20409181636726548,0.9994199142929874
6500,0.10479041916167664,0.9999958307122397
6502,0.2028443113772455,0.9995282971729301
6503,0.000249500998003992,0.0
6504,0.20234530938123751,0.9987856236742605
6506,0.003493013972055888,0.0
6507,0.18987025948103792,0.9987697732338697
6508,0.001996007984031936,0.0
6509,0.00873253493013972,0.9999260877837817
6512,0.000249500998003992,0.0
6514,0.0062375249500998,0.014462595597986384
6515,0.00249500998003992,0.0
6516,0.003992015968063872,0.8960502092285968
6517,0.2025948103792415,0.9982467360876811
6519,0.04965069860279441,0.9999998597487854
6520,0.0007485029940119761,0.0
6522,0.18687624750499002,0.8649427285092719
6524,0.006736526946107785,0.047055572384405234
6525,0.006736526946107785,0.04705558268206012
6529,0.005738522954091816,0.3327445996270347
6532,0.000249500998003992,0.0
6533,0.2250499001996008,0.9964736598192703
6535,0.22554890219560877,0.9956173620561586
6537,0.0007485029940119761,0.0
6539,0.22554890219560877,0.9512344223623443
6540,0.1843812375249501,0.9687380482378143
6542,0.0014970059880239522,0.0
6543,0.00124750499001996,0.00022026675096775632
6544,0.0007485029940119761,0.0
6545,0.020958083832335328,0.752912505098174
6547,0.0124750499001996,0.9999857640341986
6552,0.36751497005988026,0.9658139210609024
6553,0.19286427145708582,0.9999446587384165
6566,0.002245508982035928,1.983028362742993e-05
6569,0.016966067864271458,0.7778259053953789
6572,0.003493013972055888,0.6653293692935682
6573,0.30538922155688625,0.8218930391177784
6574,0.015219560878243513,0.6469227538307688
6577,0.019461077844311378,0.3493621641871745
6578,0.1631736526946108,0.4030824248325169
6579,0.000499001996007984,0.0
6586,0.156437125748503,0.9423481575539647
6587,0.004740518962075849,0.005692066103547027
6592,0.16167664670658682,0.9992969275252845
6594,0.2467564870259481,0.5615090975201474
6595,0.15518962075848303,0.968326989206665
6598,0.1626746506986028,0.9999642738121672
6602,0.00998003992015968,0.9961339668355885
6603,0.4134231536926148,0.9174864326801927
6605,0.48003992015968067,0.9924185554379753
6606,0.04341317365269461,0.21520239736355032
6607,0.16192614770459082,0.9766889915227248
6608,0.014970059880239521,0.9999999997125406
6609,0.000499001996007984,0.0
6611,0.08682634730538923,0.9958855390379312
6612,0.002245508982035928,0.0
6615,0.0007485029940119761,0.0
6618,0.002245508982035928,0.017190655135119335
6619,0.002245508982035928,0.01719065954537794
6620,0.11976047904191617,0.7510828095253338
6621,0.41916167664670656,0.9722693725854341
6622,0.22579840319361277,0.993433336067341
6623,0.000249500998003992,0.0
6624,0.22629740518962077,0.9935126333585349
6625,0.000499001996007984,0.0
6626,0.061377245508982034,0.9327653584109175
6633,0.0721057884231537,0.9999523153298379
6634,0.001996007984031936,0.009479234827521995
6635,0.0042415169660678645,3.551437379926094e-06
6636,0.001996007984031936,0.9999999663520954
6639,0.0007485029940119761,0.0
6643,0.08233532934131736,0.950561348078142
6646,0.17090818363273452,0.9490975683012572
6649,0.07035928143712575,0.9999999908537582
6652,0.07035928143712575,0.9999483397092888
6655,0.000499001996007984,0.0
6656,0.08383233532934131,0.9999324286792729
6658,0.23053892215568864,0.9947443047429951
6659,0.000499001996007984,0.0
6660,0.005738522954091816,0.5505293094354456
6663,0.058383233532934134,0.8450087699931066
6664,0.003243512974051896,0.7340270100159014
6665,0.26047904191616766,0.9797639798760126
6666,0.16816367265469062,0.9996203616494171
6667,0.20733532934131738,0.6841273909901103
6669,0.05114770459081836,0.6798056958616959
6670,0.2345309381237525,0.9859893614840303
6671,0.002245508982035928,0.016983015876271865
6673,0.2377744510978044,0.9613443601190873
6675,0.000499001996007984,0.0
6676,0.23353293413173654,0.9873685713893248
6678,0.23328343313373254,0.987731903634962
6680,0.12250499001996008,0.9977891546225842
6681,0.12400199600798403,0.9817179192818872
6682,0.000249500998003992,0.0
6683,0.22330339321357284,0.9637832643950827
6686,0.000499001996007984,0.0
6687,0.34555888223552894,0.9738509620169775
6689,0.08507984031936128,0.8293356827034196
6690,0.006487025948103792,0.470276299302889
6693,0.000249500998003992,0.0
6694,0.16816367265469062,0.9998128818802647
6696,0.030189620758483034,0.9983264262551741
6697,0.25349301397205587,0.9899487807245927
6699,0.0007485029940119761,0.0
6701,0.42989021956087825,0.9995502448164888
6703,0.4263972055888223,0.9811783898880154
6704,0.000249500998003992,0.0
6705,0.001996007984031936,0.16087377516483312
6710,0.0007485029940119761,0.0005052220754492649
6711,0.23253493013972057,0.9765213920772322
6712,0.000499001996007984,0.12323403327362162
6717,0.000499001996007984,0.0
6718,0.44835329341317365,0.9929286458169212
6719,0.0007485029940119761,0.0
6724,0.0014970059880239522,0.0
6725,0.000998003992015968,0.011684134517615779
6727,0.18762475049900199,0.9941167728567889
6729,0.06786427145708583,0.9998097711826528
6730,0.000249500998003992,0.0
6733,0.07684630738522955,0.9778226184962958
6734,0.3380738522954092,0.9657985803711301
6736,0.2085828343313373,0.9909082361418726
6737,0.000249500998003992,3.997937445077072e-05
6739,0.2662175648702595,0.9905320771921733
6742,0.41566866267465075,0.992928724051855
6746,0.20359281437125748,0.9857284548879055
6748,0.13498003992015967,0.9067463101695346
6755,0.2120758483033932,0.9353635205297778
6756,0.1407185628742515,0.9748982776167011
6757,0.1407185628742515,0.9748982744341329
6766,0.010728542914171657,0.7904169807786108
6768,0.014221556886227544,0.03178347484484394
6769,0.000249500998003992,0.0
6771,0.08782435129740519,0.828045237200424
6774,0.005738522954091816,0.0060056775181038455
6777,0.00873253493013972,0.35714190922418193
6778,0.00873253493013972,0.3571418749542344
6779,0.003992015968063872,0.22565905115366372
6781,0.000249500998003992,0.0
6782,0.001746506986027944,0.49900705274849
6783,0.0014970059880239522,7.767188113964847e-06
6785,0.026447105788423155,0.488166009511638
6786,0.1347305389221557,0.9596939078178727
6787,0.03967065868263473,0.7803518954963327
6788,0.12974051896207583,0.9297983057393308
6789,0.00124750499001996,0.0
6790,0.000499001996007984,0.0
6791,0.14196606786427146,0.8995426685447695
6792,0.13073852295409183,0.993801374426861
6794,0.13048902195608783,0.9938381782013236
6795,0.000499001996007984,0.0
6798,0.001746506986027944,0.4050574508422374
6799,0.000499001996007984,1.6403933156381873e-05
6800,0.0007485029940119761,0.0
6801,0.001746506986027944,0.03827929191599249
6804,0.10454091816367266,0.9998986132076388
6805,0.0007485029940119761,0.0
6807,0.0007485029940119761,0.0
6814,0.0007485029940119761,0.0
6815,0.05538922155688623,0.9753067257521739
6817,0.008483033932135729,0.49419266614002394
6821,0.0054890219560878245,0.5290842836532036
6822,0.000499001996007984,0.0
6823,0.2694610778443114,0.9999440780818445
6824,0.006487025948103792,0.29424901246548096
6825,0.2694610778443114,0.9999440780141517
6827,0.014221556886227544,0.28481584352585976
6829,0.0007485029940119761,4.337581563835997e-06
6830,0.00124750499001996,2.6362354442828328e-05
6833,0.007984031936127744,0.13755956207181708
6834,0.001746506986027944,0.0746283922082738
6837,0.00249500998003992,0.42323134899086806
6838,0.00124750499001996,0.00011931251358572348
6839,0.27020958083832336,0.9999845700705853
6841,0.1314870259481038,0.9668084578228577
6842,0.26746506986027946,0.9895189356157805
6852,0.1314870259481038,0.9782001461193033
6853,0.000499001996007984,0.0
6855,0.000249500998003992,0.0
6856,0.14221556886227546,0.9115399389296072
6857,0.16417165668662675,0.8478866351853909
6859,0.0054890219560878245,4.729231171645073e-05
6860,0.000249500998003992,0.0
6861,0.002245508982035928,0.0
6862,0.2537425149700599,0.9024913754862622
6863,0.1467065868263473,0.9076097297774953
6865,0.12075848303393213,0.923611287893685
6867,0.16791417165668662,0.7491656312031201
6868,0.000998003992015968,0.0
6869,0.0027445109780439123,0.21541282507130824
6870,0.000249500998003992,0.0
6871,0.0029940119760479044,0.0
6872,0.39246506986027946,0.9912882890715489
6874,0.0014970059880239522,0.0
6875,0.015718562874251496,0.25836362493575393
6876,0.000499001996007984,1.6403934202494617e-05
6878,0.1506986027944112,0.9196651737375816
6880,0.38547904191616766,0.9980623569633863
6882,0.08682634730538923,0.9407455640960141
6885,0.018213572854291416,0.473311747462372
6890,0.3096307385229541,0.8918600354919388
6892,0.000249500998003992,0.0
6893,0.0074850299401197605,0.00794680047644892
6894,0.002245508982035928,0.04333743036732429
6896,0.0007485029940119761,0.0
6898,0.005738522954091816,0.7576063700265836
6899,0.12574850299401197,0.9989275443439772
6901,0.13522954091816367,0.9788113469321715
6902,0.000499001996007984,0.0
6903,0.00873253493013972,0.09983828976032215
6906,0.000499001996007984,0.0
6907,0.024201596806387227,0.16437961773603102
6912,0.08932135728542914,0.9999496353056271
6918,0.0007485029940119761,0.0
6920,0.000499001996007984,0.0
6923,0.000499001996007984,1.2364798980035789e-05
6925,0.12599800399201597,0.9907542703134864
6926,0.006986027944111776,0.0
6927,0.0014970059880239522,0.014393512030494552
6930,0.3917165668662675,0.9811294590948648
6935,0.003243512974051896,0.0
6938,0.000499001996007984,0.0
6940,0.125499001996008,0.9999880674911623
6942,0.21057884231536927,0.9877142317963742
6943,0.000249500998003992,0.0
6948,0.18537924151696608,0.9839218817834104
6950,0.375,0.9949997962152184
6951,0.003493013972055888,1.5557299846725727e-05
6953,0.32884231536926145,0.9960648969897762
6956,0.10703592814371257,0.8364766802199953
6959,0.0014970059880239522,0.0
6960,0.028193612774451097,0.9430207884418614
6962,0.10703592814371257,0.816326593515964
6963,0.09830339321357286,0.9338420342506715
6964,0.000499001996007984,0.0
6965,0.1155189620758483,0.9818799197229745
6966,0.015219560878243513,0.9544544954453562
6969,0.10678642714570859,0.8364542249321895
6972,0.00124750499001996,0.0
6976,0.00124750499001996,0.0
6977,0.000249500998003992,0.0
6978,0.0027445109780439123,0.0
6979,0.06312375249500998,0.752355752429271
6980,0.0014970059880239522,0.0
6981,0.32110778443113774,0.9959037817696025
6983,0.3216067864271457,0.991942250539963
6984,0.0062375249500998,0.7463643935423588
6987,0.000249500998003992,0.0
6988,0.000499001996007984,0.0
6989,0.000249500998003992,0.0
6990,0.00249500998003992,0.2170621011014913
6991,0.05239520958083832,0.8302790543713987
6992,0.09955089820359281,0.9578623886022553
6993,0.000249500998003992,0.0
6995,0.000998003992015968,0.9999996218869955
6996,0.05414171656686627,0.8164853935495883
6998,0.0007485029940119761,0.4967053307069378
7000,0.000499001996007984,0.0
7001,0.000249500998003992,0.0
7002,0.0007485029940119761,0.0
7006,0.000499001996007984,0.0
7007,0.000249500998003992,0.0
7009,0.35578842315369263,0.49207797562567807
7012,0.13972055888223553,0.9908260438409535
7013,0.3587824351297405,0.9873066365170524
7015,0.000499001996007984,0.0
7016,0.000249500998003992,0.0
7019,0.0037425149700598802,0.0
7021,0.49975049900199603,0.7809933779532635
7023,0.04466067864271457,0.16353218039366993
7025,0.01222554890219561,0.026935232424520804
7026,0.000249500998003992,0.0
7027,0.05538922155688623,0.8415214193423243
7028,0.0007485029940119761,0.9999999873678189
7031,0.00124750499001996,5.6128545914764974e-05
7034,0.000249500998003992,0.0
7035,0.015219560878243513,0.2337441207879739
7037,0.0054890219560878245,0.5505100416941648
7039,0.06986027944111776,0.8864651102941465
7040,0.000249500998003992,0.0
7042,0.3350798403193613,0.9970128108606214
7043,0.001746506986027944,0.0
7044,0.09730538922155689,0.7969845984692506
7050,0.000249500998003992,4.013027430510769e-06
7051,0.0007485029940119761,0.19320016792957462
7054,0.000249500998003992,0.0
7057,0.000249500998003992,0.0
7059,0.000249500998003992,0.0
7060,0.06412175648702595,0.9666669498330844
7061,0.35404191616766467,0.9676686525836842
7065,0.002245508982035928,0.00019313458034249465
7066,0.000249500998003992,0.0
7068,0.000249500998003992,0.0
7069,0.44560878243512975,0.9794102737489784
7072,0.001746506986027944,0.000636965064809434
7073,0.000499001996007984,0.0
7074,0.4441117764471058,0.9792278511607461
7075,0.4473552894211577,0.9792443414192674
7076,0.4481037924151697,0.9791230086228355
7077,0.0029940119760479044,0.0
7078,0.000249500998003992,0.9746987990582028
7080,0.15718562874251496,0.9989427377397512
7084,0.4463572854291417,0.9930762548683444
7085,0.001996007984031936,0.9956657404025151
7086,0.0007485029940119761,0.0
7089,0.4481037924151697,0.9998810979592754
7092,0.38872255489021956,0.9999999934635353
7095,0.000499001996007984,0.0
7100,0.3907185628742515,0.9999999999980445
7101,0.3907185628742515,0.9999999999572369
7103,0.38897205588822353,0.9999999973806675
7104,0.000998003992015968,0.24785689616054973
7105,0.00499001996007984,0.13139555246819254
7107,0.38922155688622756,0.9990792036817904
7108,0.38897205588822353,0.9963843069925877
7111,0.38822355289421157,0.9979255292648899
7113,0.0014970059880239522,0.0
7114,0.12749500998003993,0.9994911737638975
7116,0.031686626746506984,0.6530345197656228
7119,0.3874750499001996,0.9999977968393003
7120,0.000249500998003992,0.0
7123,0.002245508982035928,0.0
7131,0.13048902195608783,0.9996721178292646
7132,0.01222554890219561,0.1788107245254391
7133,0.37624750499001997,0.9999998784992822
7136,0.4593313373253493,0.9994304823251532
7138,0.375998003992016,0.9999998902327106
7141,0.000249500998003992,0.0
7142,0.37425149700598803,0.9922582865859382
7144,0.000249500998003992,0.0
7148,0.002245508982035928,8.65216210142321e-07
7149,0.4134231536926148,0.9433183387384452
7151,0.41691616766467066,0.9300412036763036
7152,0.00124750499001996,0.06978913109415973
7153,0.003493013972055888,0.0038018825037549678
7154,0.000249500998003992,0.0
7155,0.48278443113772457,0.8266192284656463
7158,0.0037425149700598802,1.1681529478501224e-05
7159,0.49401197604790414,0.8871265905810422
7161,0.000249500998003992,0.0
7162,0.000499001996007984,0.0
7164,0.07909181636726546,0.616184241226573
7166,0.000249500998003992,0.0
7167,0.2125748502994012,0.8495853265399974
7170,0.07085828343313373,0.6584494189759763
7177,0.04890219560878244,0.8666117998054506
7178,0.007984031936127744,0.48749332417091523
7180,0.002245508982035928,1.2544551645400138e-05
7182,0.001746506986027944,0.10744499666695645
7183,0.1309880239520958,0.8078223065860971
7184,0.000249500998003992,0.0
7186,0.000499001996007984,0.0
7189,0.25149700598802394,0.6732563025298274
7190,0.4488522954091816,0.7334109966877181
7191,0.000249500998003992,0.0
7196,0.000499001996007984,0.0
7197,0.3867265469061876,0.8949495977316704
7199,0.007235528942115769,0.8447344305291102
7205,0.0007485029940119761,0.9977142715506522
7206,0.36551896207584833,0.9798820362078183
7210,0.12799401197604787,0.9417541380451662
7213,0.000249500998003992,0.0
7218,0.000499001996007984,0.0
7220,0.000499001996007984,0.0
7223,0.000249500998003992,0.0
7224,0.062624750499002,0.8370350738446231
7225,0.0007485029940119761,0.0
7227,0.23228542914171657,0.9095628442699538
7229,0.000249500998003992,0.0
7230,0.25074850299401197,0.9352044175489128
7233,0.002245508982035928,0.999998838421224
7235,0.000249500998003992,0.0
7236,0.0007485029940119761,0.7416221640500222
7242,0.2310379241516966,0.9150120584662333
7243,0.04466067864271457,0.9384274192110283
7245,0.0027445109780439123,0.9999999992975712
7246,0.000499001996007984,0.0
7247,0.000499001996007984,0.0
7248,0.002245508982035928,4.408996347754847e-05
7250,0.001996007984031936,0.0
7251,0.041666666666666664,0.9355556930446521
7253,0.001996007984031936,0.0
7254,0.0007485029940119761,0.0
7258,0.000249500998003992,0.0
7262,0.08632734530938124,0.7864419632814027
7263,0.06487025948103792,0.6367658287337035
7267,0.0753493013972056,0.9129377807332798
7268,0.000998003992015968,0.03505686012567266
7269,0.000249500998003992,0.0
7272,0.09805389221556886,0.9999996703925139
7273,0.0843313373253493,0.9483424200647157
7277,0.25773453093812376,0.9338847342465995
7279,0.3290918163672655,0.9999711118351514
7282,0.000249500998003992,0.0
7283,0.003243512974051896,0.12449024192351453
7285,0.000499001996007984,1.247537665214372e-05
7286,0.11377245508982035,0.9782867274327615
7287,0.49525948103792417,0.9997456688886577
7289,0.009231536926147704,0.8432055428504645
7290,0.09206586826347306,0.9773480688448002
7293,0.033932135728542916,0.24314079150360182
7294,0.002245508982035928,3.313831320056824e-05
7296,0.000249500998003992,0.0
7298,0.000249500998003992,0.0
7301,0.09356287425149701,0.9999957805048326
7303,0.09356287425149701,0.9784277985174351
7306,0.09256487025948104,0.9773207303348068
7308,0.000249500998003992,0.0
7309,0.003493013972055888,0.9993158083377577
7313,0.49550898203592814,0.9988618088586426
7316,0.000998003992015968,0.19319826446614954
7317,0.008233532934131737,0.10868073223229048
7318,0.16741516966067865,0.9896882861922535
7319,0.08408183632734531,0.9716468795802445
7321,0.1377245508982036,0.759717738966574
7322,0.025449101796407185,0.4760712287691807
7323,0.13672654690618763,0.9486617541585707
7324,0.4977544910179641,0.9610788532280936
7326,0.000249500998003992,0.0
7328,0.36402195608782434,0.9719758388838381
7329,0.001746506986027944,0.0
7332,0.15244510978043913,0.9967427580035855
7335,0.499001996007984,0.9966123277079171
7338,0.00124750499001996,0.0
7341,0.000249500998003992,0.0
7342,0.4505988023952096,0.9941632109961458
7346,0.4513473053892216,0.9999999209930381
7350,0.006487025948103792,0.2906118913443711
7354,0.010479041916167664,0.5060281186177106
7356,0.15119760479041916,0.9999786873584874
7358,0.18662674650698602,0.9679150881652212
7359,0.4505988023952096,0.9999992057179169
7361,0.00124750499001996,0.002936418347116651
7362,0.0007485029940119761,0.0005056350428166662
7363,0.0249500998003992,0.5070944788098521
7364,0.000499001996007984,0.0
7366,0.21132734530938124,0.9999709170361983
7367,0.4925149700598802,0.9976470568612366
7373,0.18013972055888225,0.9962303559605712
7374,0.000249500998003992,0.0
7376,0.000249500998003992,0.0
7380,0.000249500998003992,0.0
7384,0.000249500998003992,0.0
7388,0.001996007984031936,0.9961594084322015
7391,0.19411177644710578,0.9997011392091834
7392,0.006736526946107785,0.3456695531455459
7393,0.0007485029940119761,0.0
7394,0.2215568862275449,0.9999998944088643
7397,0.000499001996007984,0.0
7400,0.22380239520958084,0.9775137829822296
7401,0.003493013972055888,0.036144721097549626
7404,0.0007485029940119761,3.699340727074501e-05
7407,0.43587824351297405,0.9999999819468103
7409,0.000249500998003992,0.0
7413,0.21357285429141717,0.999999885116506
7414,0.000249500998003992,0.0
7415,0.2123253493013972,0.9909981669641061
7419,0.14545908183632736,0.934607083076217
7421,0.0014970059880239522,0.9999999883572155
7424,0.000499001996007984,4.6301300013820505e-05
7427,0.20184630738522955,0.9999987530899427
7428,0.1499500998003992,0.9997342773267889
7429,0.48403193612774453,0.9999935070281681
7430,0.20209580838323354,0.9999183963104192
7432,0.001746506986027944,0.0
7435,0.0007485029940119761,0.0
7438,0.007984031936127744,0.4575124975554134
7439,0.22904191616766467,0.9999641477215453
7440,0.2282934131736527,0.9999783227910487
7441,0.4842814371257485,0.9999904570173673
7443,0.000499001996007984,0.0
7444,0.000249500998003992,0.0
7445,0.20184630738522955,0.9999561972559111
7446,0.20184630738522955,0.9999561972553211
7448,0.000499001996007984,0.0
7452,0.43038922155688625,0.999999999674849
7457,0.4301397205588822,0.9999999979942522
7458,0.20184630738522955,0.9999561972570828
7459,0.000249500998003992,0.0
7461,0.000249500998003992,0.0
7462,0.0014970059880239522,0.0
7463,0.43038922155688625,0.9999999861493021
7466,0.009231536926147704,0.9927313671995602
7467,0.1497005988023952,0.9997517486212856
7469,0.010978043912175649,0.4671129940425101
7473,0.48353293413173654,0.9999811902202698
7476,0.0027445109780439123,0.8051407949980876
7478,0.00124750499001996,0.0
7479,0.06536926147704591,0.7054138753567695
7480,0.004491017964071856,0.581340273338992
7481,0.4241516966067864,0.9999999974464002
7484,0.42240518962075846,0.9999570494247959
7485,0.000249500998003992,0.0
7493,0.4176646706586826,0.999999999225669
7498,0.00873253493013972,0.448675869149719
7499,0.06511976047904192,0.7048413436491232
7501,0.0029940119760479044,0.9992914772375245
7503,0.0007485029940119761,0.00011092772669089884
7504,0.4106786427145709,0.9637013318644576
7505,0.43962075848303395,0.9802100696492569
7508,0.0027445109780439123,0.0
7509,0.000499001996007984,0.0
7513,0.11127744510978044,0.8121066425110668
7515,0.08108782435129741,0.9999778995694045
7518,0.406936127744511,0.9711569734462598
7519,0.015718562874251496,0.9999999884406101
7522,0.31087824351297405,0.9130510049313719
7523,0.0042415169660678645,0.5815652383238363
7526,0.0014970059880239522,0.0
7527,0.011726546906187624,0.9236634751893651
7530,0.07784431137724551,0.9999752441887376
7531,0.07784431137724551,0.9999752441891999
7533,0.41791417165668665,0.9999884689019093
7534,0.1439620758483034,0.9999988269772659
7538,0.005239520958083832,0.9981600866446665
7539,0.4748003992015968,0.9999965995365965
7540,0.000998003992015968,0.0
7542,0.1342315369261477,0.9989261740449035
7545,0.2248003992015968,0.9884858758164705
7546,0.22255489021956087,0.9991029401018379
7549,0.07784431137724551,0.9999752441901161
7552,0.010229540918163672,0.27839524605132215
7555,0.002245508982035928,0.04111669642350662
7557,0.000998003992015968,0.0
7558,0.4748003992015968,0.9999965995210558
7559,0.2791916167664671,0.9461232645577763
7560,0.13522954091816367,0.974226000170216
7561,0.000499001996007984,0.0
7562,0.1439620758483034,0.999998093145092
7563,0.001746506986027944,0.0
7564,0.05289421157684631,0.6433982243654714
7568,0.4181636726546906,0.9999966131016281
7572,0.4214071856287425,0.9999809356663176
7577,0.42240518962075846,0.9795412403377471
7578,0.000249500998003992,0.0
7579,0.49750499001996007,0.9762588059079128
7581,0.07385229540918163,0.996084390565069
7585,0.468063872255489,0.9997944448983196
7587,0.07909181636726546,0.9999996658627067
7592,0.39845309381237526,0.9999989064366325
7598,0.4281437125748503,0.9919628074725991
7599,0.000249500998003992,0.0
7600,0.08907185628742514,0.9868884617273472
7601,0.04341317365269461,0.8294170549903641
7607,0.08008982035928144,0.9999999951132403
7612,0.09755489021956087,0.9999828204501354
7614,0.003493013972055888,0.0
7616,0.00124750499001996,0.0
7618,0.026447105788423155,0.8659557066676369
7619,0.000249500998003992,0.0
7623,0.0007485029940119761,0.0
7624,0.19560878243512975,0.9999984653497503
7625,0.014970059880239521,0.2769647543653655
7626,0.19560878243512975,0.9999984653497483
7627,0.07435129740518961,0.9960893926005443
7631,0.000499001996007984,0.0
7632,0.00249500998003992,0.0647298923133585
7634,0.4406187624750499,0.9938702200158398
7638,0.4408682634730539,0.9925794824176511
7641,0.015968063872255488,0.9999999854528221
7642,0.4875249500998004,0.9947359355834172
7649,0.013722554890219561,0.7955472739747244
7651,0.42390219560878245,0.9979711236953178
7652,0.4406187624750499,0.9920344422140219
7654,0.18188622754491018,0.9999847868074109
7657,0.002245508982035928,0.6862881382232257
7658,0.003243512974051896,0.32027771682957773
7659,0.4436127744510978,0.9999837788566862
7661,0.09730538922155689,0.9999999969031932
7663,0.050149700598802395,0.9999995947587514
7665,0.4865269461077844,0.9997932087890643
7669,0.000249500998003992,0.0
7672,0.000499001996007984,0.0
7675,0.000499001996007984,0.0
7681,0.4268962075848303,0.9999962418310495
7685,0.49850299401197606,0.9938283462666911
7686,0.13572854291417166,0.9998588337252601
7687,0.000249500998003992,0.0
7688,0.18313373253493015,0.999878310069873
7689,0.18313373253493015,0.9998783100699414
7690,0.015968063872255488,0.9999999973176841
7692,0.4466067864271457,0.9994928843405789
7693,0.4466067864271457,0.99949288422186
7698,0.09580838323353294,0.9898556215208951
7703,0.12674650698602793,0.9886502769980314
7704,0.000998003992015968,0.12323235452807575
7706,0.2465069860279441,0.9562612455656269
7709,0.07460079840319361,0.9999972381192955
7714,0.000998003992015968,0.0
7715,0.11477045908183632,0.9989745426177964
7719,0.0007485029940119761,0.0
7721,0.08632734530938124,0.9994586374150524
7722,0.003493013972055888,0.0
7725,0.0037425149700598802,0.9997051000707569
7726,0.000249500998003992,0.0
7727,0.14196606786427146,0.9977851395359675
7728,0.16492015968063872,0.9554320064165244
7730,0.001746506986027944,0.0
7733,0.15818363273453093,0.9983241794561744
7734,0.14296407185628743,0.9846429817789175
7736,0.1591816367265469,0.9999966904939415
7739,0.010728542914171657,0.9294989640251717
7741,0.0062375249500998,0.3826182348559606
7742,0.000998003992015968,0.0
7745,0.010229540918163672,0.8732251310617971
7746,0.14246506986027943,0.9998479819766003
7747,0.3592814371257485,0.9999993440893568
7749,0.003493013972055888,0.0
7750,0.1601796407185629,0.9998799932568034
7754,0.14296407185628743,0.9999605107053984
7755,0.14471057884231536,0.999959397274871
7756,0.3181137724550898,0.9438563994221816
7757,0.14271457085828343,0.9999184591011682
7758,0.1601796407185629,0.9999862960491049
7759,0.1372255489021956,0.9936790127653616
7760,0.000249500998003992,0.0
7764,0.21357285429141717,0.9998978566538668
7765,0.13947105788423153,0.9960294788620768
7766,0.14171656686626746,0.986903151473705
7767,0.14196606786427146,0.986824055103442
7769,0.0007485029940119761,0.00011143381588648271
7771,0.13997005988023953,0.9980621981851884
7772,0.13972055888223553,0.9988037587415614
7775,0.4820359281437126,0.9517036458858968
7776,0.000249500998003992,0.0
7779,0.003243512974051896,0.0
7782,0.13972055888223553,0.9998206007781772
7785,0.13922155688622753,0.9960294091650999
7786,0.13947105788423153,0.996029478862077
7787,0.007984031936127744,0.6099278038077829
7793,0.22355289421157684,0.96427745263103
7794,0.22330339321357284,0.9642897801145593
7796,0.18188622754491018,0.9999993242880312
7797,0.18188622754491018,0.9999993242880338
7804,0.000998003992015968,0.0
7806,0.13897205588822356,0.9996517387885511
7807,0.18213572854291418,0.9999994200503967
7810,0.010479041916167664,0.9989878380069785
7811,0.000499001996007984,0.0
7812,0.07235528942115768,0.9958914478453965
7815,0.003243512974051896,0.4970336800744797
7817,0.3884730538922156,0.9973931774314954
7819,0.003243512974051896,0.0
7821,0.000249500998003992,0.0
7822,0.07235528942115768,0.9999997329908904
7825,0.001996007984031936,0.0
7828,0.000499001996007984,0.0
7830,0.13872255489021956,0.9996245690448
7831,0.38872255489021956,0.9973550279911607
7832,0.02844311377245509,0.9529622869343295
7834,0.469311377245509,0.9999852030907594
7835,0.000249500998003992,0.0
7836,0.13847305389221556,0.9999953278904501
7838,0.000249500998003992,0.0
7839,0.015968063872255488,0.9441301881051641
7842,0.12075848303393213,0.9997202508115938
7843,0.13822355289421157,0.9999947370090511
7844,0.000499001996007984,0.0
7846,0.00124750499001996,0.0
7852,0.498003992015968,0.9985310144925845
7853,0.18288423153692615,0.9276721498309064
7854,0.3468063872255489,0.9999998155279005
7856,0.000249500998003992,0.0
7858,0.1379740518962076,0.9999998409429823
7861,0.000499001996007984,0.0
7863,0.001746506986027944,0.9999999992204887
7866,0.000499001996007984,0.0
7867,0.000249500998003992,0.0
7869,0.000249500998003992,5.992505625583393e-05
7870,0.043912175648702596,0.8444405529086793
7871,0.4967564870259481,0.9935389423047508
7872,0.14021956087824353,0.9999998835863236
7875,0.34555888223552894,0.9999621128427442
7877,0.000249500998003992,0.0
7880,0.000249500998003992,0.0
7883,0.11776447105788423,0.9615353978461191
7884,0.48952095808383234,0.9979043775779827
7885,0.07385229540918163,0.9986348835023414
7887,0.1783932135728543,0.9577251678552926
7888,0.0007485029940119761,0.0
7890,0.006736526946107785,0.6651191410941322
7892,0.000249500998003992,0.0
7893,0.09031936127744511,0.8414284761012527
7894,0.49326347305389223,0.9854480956791238
7896,0.001996007984031936,0.0
7900,0.0014970059880239522,0.0
7902,0.000499001996007984,0.0
7903,0.006736526946107785,0.6651191411280087
7904,0.000249500998003992,0.0
7907,0.4486027944111777,0.9621532543664357
7908,0.46806387225548907,0.9991317486136694
7909,0.468313373253493,0.9991314342674807
7910,0.002245508982035928,4.052639110410192e-05
7911,0.468313373253493,0.9999999667447086
7914,0.0014970059880239522,0.12323199118741202
7915,0.003243512974051896,0.12324632616212226
7918,0.4595808383233533,0.9995933715833902
7919,0.13572854291417166,0.9960285139896402
7921,0.000998003992015968,0.0
7926,0.13023952095808383,0.9919697073424693
7927,0.000249500998003992,0.0
7930,0.000249500998003992,0.0
7932,0.000249500998003992,0.0
7933,0.0027445109780439123,0.6491786794391258
7935,0.46806387225548907,0.999999920443613
7937,0.46781437125748504,0.9999999958531529
7941,0.006487025948103792,0.8323500805656977
7942,0.000499001996007984,0.0
7949,0.470558882235529,0.9999999921818983
7950,0.470558882235529,0.9999999921818912
7951,0.14471057884231536,0.9999975902072971
7954,0.47105788423153694,0.9999999979891518
7955,0.47105788423153694,0.9999999979891587
7957,0.000998003992015968,0.0
7958,0.469311377245509,0.9999999785613821
7959,0.46132734530938124,0.9999992662253363
7960,0.0014970059880239522,4.495601837028894e-05
7966,0.000249500998003992,0.0
7968,0.156936127744511,0.986963245615552
7969,0.002245508982035928,0.06472884353819564
7970,0.46132734530938124,0.9920467450805279
7973,0.001746506986027944,0.9872521587513784
7977,0.3345808383233533,0.9979218222156583
7978,0.46132734530938124,0.9999992662247705
7982,0.4638223552894212,0.9999531183665665
7985,0.000499001996007984,0.0
7986,0.19211576846307385,0.9870973043498383
7987,0.10129740518962076,0.9352506578017756
7988,0.001746506986027944,0.9999999992204989
7989,0.0029940119760479044,0.04304232182959555
7992,0.19386227544910178,0.9858436503430837
7997,0.19011976047904192,0.9999884959363833
7998,0.25249500998003993,0.9825433003100392
7999,0.25174650698602796,0.9746304156853255
8002,0.10978043912175649,0.8733578639117391
8004,0.0062375249500998,0.0
8007,0.2527445109780439,0.9999865274865938
8009,0.24600798403193613,0.9887659607961808
8010,0.24600798403193613,0.9887540848833423
8011,0.000998003992015968,0.0
8012,0.011726546906187624,0.8622109001168006
8013,0.18987025948103792,0.9894729265350817
8014,0.002245508982035928,0.0
8015,0.0007485029940119761,0.0
8016,0.0007485029940119761,0.0
8017,0.25124750499001997,0.9988426163990948
8019,0.0014970059880239522,0.0
8021,0.001996007984031936,0.0694157430876487
8023,0.000249500998003992,4.578657014280355e-05
8024,0.0007485029940119761,0.0
8027,0.18762475049900199,0.9858169748801063
8030,0.25,0.9992079178354129
8032,0.000499001996007984,1.1569293696098409e-05
8039,0.02470059880239521,0.5876144113879247
8040,0.3176147704590818,0.9734593604444353
8041,0.31736526946107785,0.9734966236377725
8042,0.31786427145708585,0.9735049183744108
8043,0.006487025948103792,0.6488781018742721
8046,0.1282435129740519,0.9999999999294567
8049,0.010728542914171657,0.9830693924523758
8051,0.2213073852295409,0.9999739996369245
8052,0.000249500998003992,4.270722464441307e-06
8056,0.31312375249500995,0.9999998094513356
8058,0.313373253493014,0.9999965852140795
8059,0.000499001996007984,0.0
8060,0.31312375249500995,0.9999998672431627
8061,0.4673153692614771,0.9999591522163895
8062,0.09106786427145709,0.9999857156095439
8063,0.31312375249500995,0.9999999943475135
8067,0.000249500998003992,0.0
8069,0.313373253493014,0.9999964665049005
8070,0.4578343313373253,0.9987759810513488
8071,0.2836826347305389,0.9999993834247665
8076,0.0054890219560878245,0.4994474238777303
8077,0.0007485029940119761,0.0
8078,0.000249500998003992,0.0
8079,0.313373253493014,0.9999994840095949
8080,0.2836826347305389,0.9909484306428307
8081,0.08383233532934131,0.9910211265522109
8082,0.002245508982035928,0.04494718284889989
8084,0.000249500998003992,2.801838643312567e-05
8087,0.00124750499001996,0.01764452785586911
8088,0.05738522954091816,0.7536000129335588
8090,0.000249500998003992,0.0
8093,0.08333333333333333,0.9774646887877413
8095,0.28293413173652693,0.9999821728403129
8096,0.09106786427145709,0.990959718095013
8099,0.09081836327345309,0.9999908810319059
8100,0.00124750499001996,0.0
8104,0.09555888223552894,0.9789549590175988
8110,0.000499001996007984,0.0
8111,0.3066367265469062,0.18525762906982482
8113,0.000998003992015968,0.1829524463770512
8115,0.18088822355289422,0.36021408353910794
8116,0.0007485029940119761,0.0
8117,0.35753493013972054,0.5895647714437752
8120,0.06112774451097804,0.7799294362050262
8127,0.000998003992015968,0.0
8129,0.019461077844311378,0.8714144998858734
8130,0.003493013972055888,0.4007725712790582
8131,0.00124750499001996,0.0
8134,0.31786427145708585,0.9705302704694236
8136,0.19785429141716568,0.9276987223266584
8137,0.007734530938123752,0.2833160006749603
8138,0.0007485029940119761,0.9981752043677571
8141,0.000249500998003992,0.0
8144,0.000499001996007984,0.0
8146,0.3158682634730539,0.9713706097528872
8150,0.0029940119760479044,0.008023804049027253
8151,0.00499001996007984,0.9999741226108961
8153,0.0037425149700598802,0.0
8155,0.3143712574850299,0.9707374909414271
8157,0.000499001996007984,0.0
8158,0.14920159680638723,0.9613359803467961
8159,0.4306387225548902,0.8475384123067505
8160,0.008483033932135729,0.7835729740716952
8162,0.000249500998003992,0.0
8163,0.011976047904191617,0.17212491754207077
8165,0.0007485029940119761,0.0
8166,0.002245508982035928,0.0
8168,0.000249500998003992,0.0
8171,0.0014970059880239522,0.032991080417662015
8172,0.000249500998003992,0.0
8173,0.002245508982035928,0.0
8174,0.000249500998003992,0.0
8177,0.0042415169660678645,2.7167515132887986e-07
8178,0.003493013972055888,0.9120583566835695
8180,0.000249500998003992,0.0
8181,0.018463073852295408,0.7890536147704291
8183,0.000249500998003992,0.0
8187,0.02220558882235529,0.7930582743347759
8188,0.005988023952095809,0.9084779581673569
8189,0.0029940119760479044,0.31825231025697875
8191,0.00124750499001996,0.0
8192,0.000249500998003992,0.0
8193,0.003243512974051896,0.19231158947657642
8197,0.000499001996007984,0.0
8198,0.000249500998003992,0.0
8201,0.005239520958083832,0.8066890588661677
8203,0.3101297405189621,0.9694517149028465
8205,0.011976047904191617,0.20954301121804753
8207,0.000249500998003992,0.0
8208,0.17290419161676646,0.9642412691758819
8209,0.0007485029940119761,0.0
8211,0.16192614770459082,0.9997670057312297
8212,0.16192614770459082,0.9997670057624231
8213,0.29141716566866266,0.9837265709725854
8217,0.02644710578842313,0.9593286109464146
8220,0.000499001996007984,0.0
8221,0.015469061876247504,0.35064939615671287
8224,0.00249500998003992,0.010698587579256912
8226,0.07734530938123753,0.9998845853174473
8230,0.03268463073852296,0.9789907260041774
8236,0.01222554890219561,0.760072938401283
8242,0.05763473053892216,0.9877596730532731
8244,0.008233532934131737,0.9999987655371052
8247,0.000499001996007984,0.0
8248,0.000499001996007984,0.03298390349419684
8249,0.000249500998003992,0.0
8251,0.000499001996007984,0.0
8253,0.001746506986027944,0.0
8256,0.02719560878243513,0.8852354478968154
8257,0.12250499001996008,0.9966920246725548
8258,0.000249500998003992,0.0
8259,0.0014970059880239522,0.0
8260,0.0748502994011976,0.999789538374104
8263,0.0750998003992016,0.999999629007847
8265,0.003243512974051896,0.0
8266,0.028193612774451097,0.955941597781945
8270,0.07984031936127745,0.999957989388883
8272,0.0750998003992016,0.9999996290078026
8273,0.000499001996007984,0.0
8274,0.002245508982035928,0.9669916355454334
8275,0.002245508982035928,0.966991636101451
8277,0.004740518962075849,0.0
8281,0.000249500998003992,3.953185640226922e-06
8282,0.000249500998003992,0.0
8284,0.000249500998003992,0.0
8285,0.000998003992015968,0.0
8289,0.003992015968063872,0.0
8291,0.022954091816367265,0.7791955745067783
8292,0.04441117764471058,0.9999999919860871
8293,0.000499001996007984,0.0
8294,0.0014970059880239522,0.9200554172805796
8299,0.000249500998003992,0.0
8302,0.038672654690618764,0.9999999619397092
8303,0.000249500998003992,0.0
8306,0.0027445109780439123,0.9990396679967978
8307,0.000249500998003992,0.0
8308,0.000499001996007984,0.0
8316,0.06786427145708583,0.9437039079382722
8317,0.000998003992015968,0.04065686111315683
8318,0.005988023952095809,0.6388148427636855
8319,0.12749500998003993,0.9847553849990165
8321,0.000249500998003992,0.0
8322,0.05139720558882235,0.9326107506447939
8323,0.000249500998003992,0.0
8325,0.26247504990019965,0.8788721781485036
8326,0.05264471057884232,0.89762741875105
8327,0.005738522954091816,0.9999807252910102
8332,0.003992015968063872,0.4483177404190482
8333,0.058632734530938126,0.9999425079719232
8336,0.000499001996007984,0.0
8337,0.06736526946107785,0.9384028717739646
8338,0.000249500998003992,0.0
8341,0.003493013972055888,0.5431794856278777
8344,0.0658682634730539,0.9999996242131339
8345,0.12749500998003993,0.9944117672996043
8350,0.031686626746506984,0.9447756457029094
8351,0.0029940119760479044,0.31825232007735044
8352,0.009481037924151697,0.6185741843594089
8353,0.3086327345309381,0.8678693214212763
8354,0.02245508982035928,0.5554136257342314
8356,0.007984031936127744,0.9998434222320332
8357,0.3782435129740519,0.9525562157481414
8359,0.13248502994011976,0.5782334937505614
8363,0.000998003992015968,0.0
8366,0.000998003992015968,0.0007529148731680094
8371,0.41791417165668665,0.957587782951774
8374,0.19086826347305386,0.996416879629824
8377,0.18812375249501,0.9776160015782646
8379,0.19386227544910184,0.9999999743359581
8381,0.1988522954091816,0.9999792793200278
8382,0.009231536926147704,0.9323610562532529
8384,0.03468063872255489,0.9664600149207225
8385,0.00873253493013972,0.7911774476453322
8388,0.1988522954091816,0.999082828705693
8389,0.0014970059880239522,0.0
8391,0.1988522954091816,0.9999809057155716
8394,0.001746506986027944,0.0
8395,0.007984031936127733,0.9914422874985498
8402,0.001746506986027944,3.42387710460294e-05
8403,0.41891217564870264,0.9833525413189412
8405,0.0014970059880239522,4.025685315445514e-06
8407,0.000249500998003992,0.0
8408,0.00124750499001996,0.0
8411,0.000249500998003992,0.0
8415,0.16492015968063872,0.9999924970262472
8418,0.010479041916167664,0.07743910826609568
8423,0.000249500998003992,0.0
8426,0.000998003992015968,0.036540471349370295
8431,0.022954091816367265,0.9905723872057905
8433,0.022954091816367265,0.9267475815683844
8434,0.4099301397205589,0.9997449747456704
8440,0.000249500998003992,3.161260751154261e-05
8441,0.007235528942115769,0.4856711716485348
8443,0.0014970059880239522,0.0
8444,0.013972055888223553,0.9998853937286506
8447,0.39520958083832336,0.9999875750812999
8453,0.14770459081836326,0.9515836923300325
8455,0.01347305389221557,0.9999999489302449
8457,0.000499001996007984,0.0
8458,0.000249500998003992,0.0
8459,0.01347305389221557,0.9999999489302462
8461,0.18737524950099801,0.9901363133472646
8463,0.01971057884231537,0.8829206818028876
8465,0.17265469061876249,0.9897266101318791
8468,0.12100798403193613,0.49455182085665517
8471,0.000249500998003992,0.0
8472,0.0014970059880239522,0.9999999999931879
8474,0.2063373253493014,0.6907655640572051
8477,0.0124750499001996,0.04040231062417731
8478,0.08982035928143713,0.5925301047030068
8483,0.001746506986027944,0.003943543073688055
8485,0.43737524950099804,0.7951479856003691
8486,0.41691616766467066,0.8430329878356871
8488,0.42340319361277445,0.8819170006043761
8489,0.000249500998003992,0.0
8492,0.05688622754491018,0.8671035147074145
8495,0.000249500998003992,0.0
8499,0.00124750499001996,0.0
8502,0.1966067864271457,0.9873458014974381
8503,0.001746506986027944,0.0
8504,0.000249500998003992,0.0
8506,0.437874251497006,0.9832559535851039
8507,0.006986027944111776,0.290247929974678
8508,0.000499001996007984,0.0
8509,0.000499001996007984,0.0
8510,0.000249500998003992,0.0
8511,0.026696606786427147,0.7630915256860903
8513,0.000998003992015968,0.8571656099887125
8514,0.010728542914171657,0.14704586131158776
8518,0.001746506986027944,0.330936081941762
8519,0.000499001996007984,0.0
8521,0.000249500998003992,0.0
8522,0.0029940119760479044,0.651596358832626
8523,0.0007485029940119761,0.0
8528,0.000249500998003992,0.0
8529,0.1848802395209581,0.9885653690762696
8531,0.000249500998003992,0.0
8532,0.24151696606786432,0.9212629376356891
8541,0.004740518962075849,0.10118139244917436
8543,0.06187624750499002,0.995140674469752
8545,0.2325349301397206,0.9518680520119038
8546,0.0007485029940119761,0.0
8547,0.06112774451097804,0.994616608441177
8548,0.001996007984031936,0.6508952562635061
8549,0.04615768463073852,0.8879008446927329
8555,0.0014970059880239522,0.0004250634184090784
8556,0.00499001996007984,0.062002707482619546
8558,0.005988023952095809,0.9589668973687141
8566,0.4638223552894212,0.9917866486677209
8567,0.4139221556886228,0.9833129872090454
8570,0.000499001996007984,0.0
8572,0.015968063872255488,0.7165506713262515
8574,0.1858782435129741,0.9932083040095874
8577,0.3682634730538922,0.9586057525298884
8579,0.2639720558882236,0.9734817355976785
8583,0.1624251497005988,0.9670861605297107
8589,0.0014970059880239522,0.0
8590,0.10678642714570859,0.6880025886214405
8594,0.39496007984031933,0.9615202294523576
8596,0.3914670658682635,0.9582285858826364
8598,0.28542914171656686,0.9820939493772886
8604,0.41142714570858285,0.9644697212326296
8605,0.000249500998003992,0.0
8608,0.0007485029940119761,0.5157267649742582
8610,0.000249500998003992,0.0
8612,0.000998003992015968,0.0002015897829150606
8614,0.2619760479041916,0.837897727249418
8621,0.000249500998003992,0.0
8622,0.00124750499001996,0.0
8623,0.28218562874251496,0.9458176388279712
8624,0.011976047904191617,0.6251269282301841
8625,0.00873253493013972,0.06076985495678895
8626,0.000249500998003992,0.0
8627,0.03268463073852296,0.9999992227263186
8630,0.00249500998003992,5.8714679920984e-05
8631,0.16816367265469062,0.9470327658980763
8633,0.07784431137724546,0.957181501644206
8637,0.0249500998003992,0.744662259872481
8640,0.003493013972055888,3.1550817668701656e-05
8642,0.000499001996007984,0.12361419912435431
8645,0.08333333333333337,0.9197094947072805
8646,0.04216566866267465,0.765094943308222
8647,0.4249001996007984,0.9136166595481788
8648,0.33532934131736525,0.9193162555826454
8649,0.39071856287425155,0.914910090305511
8650,0.37100798403193613,0.8721401674993735
8651,0.001746506986027944,0.4990044029120225
8652,0.09880239520958084,0.9066903411961793
8654,0.09880239520958084,0.9053667658469502
8657,0.10454091816367266,0.846788687555797
8659,0.00124750499001996,0.0028015257960083456
8660,0.1062874251497006,0.833232587909396
8661,0.4508483033932136,0.8978691485312934
8663,0.1344810379241517,0.993998990655786
8667,0.000499001996007984,0.0
8668,0.48852295409181634,0.9384833158950929
8671,0.000249500998003992,0.0
8673,0.00873253493013972,0.008094092658996141
8675,0.0027445109780439123,0.10012531992999306
8676,0.000499001996007984,0.0
8677,0.0007485029940119761,0.0
8678,0.023453093812375248,0.16337733806871385
8680,0.10054890219560879,0.09090720651730964
8682,0.40119760479041916,0.06488362892636594
8683,0.003243512974051896,0.00034741842160278025
8685,0.20259481037924154,0.3214394541809126
8687,0.006487025948103792,0.592198197212931
8688,0.000499001996007984,0.0
8689,0.11976047904191611,0.21913691143635514
8690,0.000249500998003992,0.00016349375826803635
8692,0.1369760479041916,0.448023481227748
8693,0.001746506986027944,0.0003125153141331955
8698,0.000499001996007984,0.0
8699,0.1998502994011976,0.7373547653602692
8701,0.18887225548902195,0.7546292628792679
8703,0.4740518962075848,0.7815570237812388
8705,0.26796407185628746,0.6821286943109527
8706,0.017964071856287425,0.9999920005022167
8707,0.48552894211576847,0.7248064080113668
8710,0.16142714570858283,0.9128487314974911
8712,0.0014970059880239522,0.0
8714,0.18712574850299402,0.748839330810538
8716,0.001996007984031936,0.0
8717,0.3088822355289421,0.9732200303238894
8718,0.2749500998003992,0.7819839849649465
8719,0.000499001996007984,2.3998681091338554e-05
8727,0.000998003992015968,0.0
8730,0.0007485029940119761,3.19504585334945e-05
8731,0.000499001996007984,0.0
8732,0.031686626746506984,0.012857051246616144
8736,0.000249500998003992,0.0
8738,0.012974051896207584,0.32640193554194075
8740,0.00124750499001996,0.0
8741,0.020708582834331336,0.7838512615896731
8742,0.0007485029940119761,0.0
8743,0.02245508982035928,0.17335966216193077
8745,0.2876746506986028,0.7146682407727982
8747,0.0007485029940119761,0.0
8749,0.1409680638722555,0.8004849141567966
8755,0.000249500998003992,4.0293807049956044e-06
8757,0.023952095808383235,0.6546771284969131
8758,0.2252994011976048,0.835186716731105
8763,0.0124750499001996,0.3605587383613046
8765,0.000499001996007984,0.0
8768,0.04441117764471058,0.7190645080286354
8769,0.024201596806387227,0.47989052103886887
8770,0.4491017964071856,0.8573769122533565
8772,0.015219560878243513,0.021850883502323795
8773,0.000249500998003992,0.0
8778,0.000249500998003992,0.0
8780,0.01996007984031936,0.4199934828005364
8781,0.001746506986027944,0.0
8782,0.03992015968063872,0.8316213607770312
8783,0.056636726546906185,0.8852480717953819
8785,0.000499001996007984,0.0
8786,0.000249500998003992,0.0
8787,0.000499001996007984,0.0
8788,0.16541916167664672,0.9790492443470075
8792,0.0007485029940119761,0.0
8793,0.04715568862275449,0.9999796009066105
8794,0.3495508982035928,0.9298130327374662
8797,0.012974051896207584,0.9999999595422941
8798,0.003493013972055888,0.08219648538514485
8799,0.06037924151696607,0.7485782479378348
8801,0.038922155688622756,0.9512030163512066
8804,0.04715568862275449,0.9355485757686233
8808,0.000249500998003992,0.0
8810,0.00124750499001996,0.0
8813,0.000499001996007984,0.0
8815,0.04740518962075848,0.9999992847758943
8818,0.18862275449101795,0.9363433639202828
8819,0.49700598802395207,0.9430346891998996
8820,0.0007485029940119761,0.0
8821,0.27944111776447106,0.9502292145546897
8823,0.2856786427145709,0.9606275176081752
8824,0.000499001996007984,0.0
8827,0.000499001996007984,0.0
8832,0.18787425149700598,0.9975424285601819
8833,0.18762475049900199,0.9977459971059902
8834,0.18737524950099801,0.9978189272915026
8835,0.18737524950099801,0.9978189272767765
8838,0.1092814371257485,0.9999992177333847
8839,0.000249500998003992,0.0
8844,0.18862275449101795,0.9955577905801958
8846,0.18837325349301398,0.9966325192362169
8847,0.1624251497005988,0.9840335456533261
8849,0.0007485029940119761,0.0
8851,0.04715568862275449,0.9424955852699982
8852,0.18812375249500998,0.9965880093200201
8855,0.0042415169660678645,0.0007952873042950683
8856,0.000499001996007984,0.0
8858,0.1626746506986028,0.9997169707196333
8865,0.16342315369261476,0.9999980183770534
8866,0.18488023952095808,0.9984141411923769
8867,0.1631736526946108,0.9999973008140126
8868,0.16217564870259482,0.9862245684993235
8869,0.18488023952095808,0.9984586900454888
8871,0.001746506986027944,0.8090740836391627
8873,0.2467564870259481,0.963946651944003
8874,0.17365269461077845,0.9852296466980722
8875,0.22854291417165667,0.9766710228106898
8876,0.010479041916167664,0.8151839230121265
8877,0.218063872255489,0.970881736742417
8879,0.38298403193612773,0.9962944866715261
8881,0.28592814371257486,0.945118056827252
8885,0.10054890219560879,0.9240091355965082
8887,0.010229540918163672,0.7982312074706124
8892,0.0014970059880239522,0.016116714300321248
8894,0.05289421157684631,0.8114945411415728
8896,0.24476047904191617,0.9776349655959026
8897,0.24451097804391217,0.9776220339934303
8899,0.001996007984031936,0.0
8901,0.000249500998003992,0.0
8906,0.3507984031936128,0.33097136641223857
8907,0.000998003992015968,0.9961707775089108
8908,0.000249500998003992,0.0
8909,0.2564870259481038,0.7762617166707139
8911,0.13248502994011976,0.9448474485273233
8913,0.0027445109780439123,0.0
8915,0.22030938123752497,0.997781843018745
8917,0.001746506986027944,0.0
8922,0.18562874251497005,0.9979966609233043
8923,0.0062375249500998,0.006358665013325644
8927,0.47105788423153694,0.9926846703537223
8929,0.0029940119760479044,1.6708082512265026e-05
8932,0.000249500998003992,0.0
8933,0.0007485029940119761,0.0
8934,0.06786427145708583,0.8437007056731254
8936,0.000249500998003992,0.0
8940,0.000499001996007984,0.0
8943,0.000499001996007984,0.0
8947,0.000249500998003992,0.0
8949,0.1813872255489022,0.9996211737961994
8950,0.012974051896207584,0.16892482818962495
8952,0.23228542914171657,0.9999999986372734
8954,0.000249500998003992,0.00027277672033065295
8957,0.002245508982035928,0.999999968365245
8958,0.04890219560878244,0.9999999734230016
8959,0.0029940119760479044,0.0005049806749939723
8961,0.0027445109780439123,0.0002855119480979739
8963,0.1813872255489022,0.9999999334478971
8964,0.13298403193612773,0.9999999854532267
8973,0.000499001996007984,0.0
8974,0.0014970059880239522,0.007680304913632844
8976,0.01347305389221557,0.16723396432183182
8978,0.4466067864271457,0.9878500709774357
8980,0.4184131736526946,0.9918148968185014
8994,0.00124750499001996,0.007681735240571009
8995,0.4533433133732535,0.8658882191923614
8997,0.311127744510978,0.4710415889424687
9000,0.00124750499001996,0.0
9001,0.00124750499001996,0.0
9002,0.006736526946107785,0.10546105913031177
9005,0.00124750499001996,7.531667041323316e-05
9007,0.11077844311377245,0.8946442330729683
9010,0.07984031936127745,0.9633523494107916
9015,0.06412175648702595,0.9999999995597402
9016,0.000499001996007984,0.0
9022,0.000249500998003992,0.0
9023,0.0007485029940119761,0.0
9024,0.00124750499001996,0.3317113500660851
9025,0.06387225548902195,0.9999999997935654
9026,0.4977544910179641,0.93392876831429
9027,0.1030439121756487,0.6092104553347093
9031,0.06337325349301397,0.9999999612951159
9032,0.08857285429141716,0.9159404997281816
9033,0.0007485029940119761,0.0
9034,0.023952095808383235,0.35873844422658185
9038,0.0718562874251497,0.9935845812410781
9039,0.00998003992015968,0.16038929463222734
9040,0.06387225548902195,0.999999609715786
9041,0.000249500998003992,0.0
9042,0.08083832335329341,0.999997955240492
9045,0.000249500998003992,0.0
9046,0.18812375249500998,0.30142991159555754
9047,0.000499001996007984,0.0
9050,0.000249500998003992,0.0011343928737500295
9052,0.4144211576846307,0.8924339924643849
9056,0.4842814371257485,0.9909641635351272
9061,0.006736526946107785,0.8794161442018236
9064,0.000249500998003992,0.0
9066,0.0014970059880239522,0.24844875374892517
9068,0.001996007984031936,0.0
9069,0.000249500998003992,0.0
9073,0.0007485029940119761,0.2802707183807203
9074,0.4473552894211577,0.9999999934550134
9076,0.01222554890219561,0.8100904966622059
9077,0.000998003992015968,0.8356224042401741
9078,0.000998003992015968,0.8356224456869407
9079,0.4443612774451098,0.9999376053858637
9080,0.0187125748502994,0.17216920409874006
9082,0.00124750499001996,0.0
9085,0.4251497005988024,0.9998990384762331
9087,0.0007485029940119761,0.4204658999382888
9088,0.0037425149700598802,7.499939007169634e-05
9090,0.0007485029940119761,0.0
9092,0.020958083832335328,0.8732543294337684
9093,0.000249500998003992,0.0
9094,0.001746506986027944,0.0
9095,0.00124750499001996,0.00013476869714385386
9100,0.000998003992015968,0.0
9104,0.0007485029940119761,0.0
9106,0.003992015968063872,0.0026419475064462924
9108,0.000249500998003992,0.0
9109,0.003992015968063872,0.046380149999508485
9110,0.000249500998003992,0.0
9111,0.000998003992015968,0.0
9115,0.4565868263473054,0.9999999990861881
9117,0.0074850299401197605,0.9999999861280029
9119,0.46182634730538924,0.99999870327302
9126,0.4638223552894212,0.9999505629689658
9127,0.007235528942115769,0.42927965153423653
9133,0.012724550898203593,0.8464744374117628
9134,0.0029940119760479044,0.0
9135,0.0074850299401197605,0.9999999861280036
9136,0.001996007984031936,0.24845094130983633
9138,0.000499001996007984,0.0
9140,0.4491017964071856,0.9999999892027465
9144,0.4550898203592814,0.9999996101638557
9145,0.47754491017964074,0.9981388892743959
9148,0.000249500998003992,0.0
9149,0.008233532934131737,0.9999999989855659
9152,0.0029940119760479044,0.4533781485620099
9155,0.043163672654690566,0.7781434527029648
9164,0.000249500998003992,0.0
9168,0.005988023952095809,0.05220246340073171
9170,0.006986027944111776,0.29071258005154216
9171,0.000499001996007984,0.0
9172,0.012724550898203593,0.8464745329042773
9173,0.0042415169660678645,0.14715047979860169
9174,0.006986027944111776,0.49314223854625194
9181,0.000998003992015968,0.42469847328925225
9182,0.012724550898203593,0.8464743277246657
9184,0.000249500998003992,0.0
9185,0.4708083832335329,0.9988075705744858
9187,0.0074850299401197605,0.9999999861280024
9189,0.49276447105788423,0.9829009995608062
9190,0.0014970059880239522,0.4950587480884502
9191,0.0014970059880239522,0.2828124965293989
9194,0.000249500998003992,0.0
9195,0.007984031936127744,0.6650748672797626
9196,0.002245508982035928,0.0
9197,0.013722554890219561,0.25974589223440464
9199,0.003243512974051896,0.9999999998957108
9200,0.000249500998003992,0.0
9201,0.4777944111776447,0.9996201540429692
9204,0.008233532934131737,0.9995003094614519
9210,0.44560878243512975,0.775801131983858
9213,0.0074850299401197605,0.003566589799044566
9215,0.000249500998003992,0.0
9218,0.0014970059880239522,0.0
9220,0.006986027944111776,0.5254644643200681
9221,0.007984031936127744,0.7446564381655901
9222,0.00249500998003992,0.0
9227,0.00998003992015968,0.21728471296508456
9228,0.4655688622754491,0.9556362787949036
9229,0.004740518962075849,0.9979290558341966
9233,0.07709580838323353,0.428056683699243
9235,0.4723053892215569,0.9751751217028783
9236,0.000499001996007984,5.909741738582925e-06
9237,0.00124750499001996,0.0
9240,0.002245508982035928,0.0
9242,0.000249500998003992,0.0
9243,0.000249500998003992,0.0
9248,0.49176646706586824,0.9748409702958124
9251,0.001746506986027944,0.038466108635961935
9252,0.0007485029940119761,0.0
9253,0.49001996007984033,0.9975125417986033
9254,0.000249500998003992,0.0
9256,0.000249500998003992,0.0
9258,0.000249500998003992,5.21255864171089e-07
9259,0.07759481037924151,0.44310450157103043
9261,0.001996007984031936,0.0
9262,0.38772455089820357,0.9999994311177515
9264,0.3969560878243513,0.9997943238715986
9265,0.38922155688622756,0.9999999825425175
9268,0.0007485029940119761,0.0
9270,0.000249500998003992,0.0
9274,0.000249500998003992,0.0
9278,0.0007485029940119761,0.9999999559784436
9280,0.3869760479041916,0.9999879995778362
9281,0.00499001996007984,0.7938731304623083
9282,0.015718562874251496,0.5692036317346953
9283,0.0007485029940119761,0.0
9284,0.0007485029940119761,0.0835774207921592
9285,0.38872255489021956,0.9999999436798638
9286,0.39221556886227543,0.9999999856168278
9287,0.38822355289421157,0.9999997913989105
9288,0.39196606786427146,0.9916203363511635
9290,0.38897205588822353,0.999999981415307
9291,0.38897205588822353,0.9999999814153061
9295,0.4308882235528942,0.9998387340075781
9296,0.0124750499001996,0.22969627779866486
9301,0.38597804391217566,0.9999999335814431
9302,0.4847804391217565,0.9720552843784663
9304,0.000499001996007984,0.0
9310,0.001996007984031936,0.5874855735022221
9312,0.000499001996007984,0.0
9319,0.4912674650698603,0.9999998237677468
9320,0.000249500998003992,0.0
9321,0.00249500998003992,0.0
9326,0.4219061876247505,0.9924649454614557
9327,0.4219061876247505,0.9924649444230287
9328,0.4219061876247505,0.9924649445266429
9329,0.000249500998003992,0.0
9330,0.007235528942115769,0.8770086329540542
9332,0.3929640718562874,0.9832983346690979
9333,0.4219061876247505,0.9913266094746012
9335,0.4226546906187625,0.9999749614297097
9336,0.38273453093812376,0.9999999850549423
9338,0.42240518962075846,0.999975548401618
9339,0.001746506986027944,0.9992506605355063
9340,0.3932135728542914,0.9999999994119528
9343,0.000249500998003992,0.0
9344,0.004491017964071856,0.795693961026633
9348,0.004740518962075849,0.0008312702734610233
9349,0.42240518962075846,0.999975548406344
9351,0.42240518962075846,0.9999755484181705
9353,0.000249500998003992,0.0
9354,0.000499001996007984,0.0
9355,0.38298403193612773,0.9999999692002297
9356,0.38273453093812376,0.9999999850549394
9358,0.39221556886227543,0.9999999854002959
9359,0.39221556886227543,0.9999999854002948
9364,0.000499001996007984,0.0
9366,0.000499001996007984,0.0
9367,0.00124750499001996,0.0
9368,0.0014970059880239522,0.0
9379,0.000249500998003992,0.0
9380,0.3964570858283433,0.9999999944781359
9383,0.000249500998003992,0.0
9384,0.48303393213572854,0.9982154055937266
9394,0.012974051896207584,0.99759719072312
9395,0.000499001996007984,0.0
9396,0.001996007984031936,0.0
9397,0.4967564870259481,0.9832269270852845
9398,0.4149201596806387,0.9999997898888194
9402,0.4630738522954092,0.9999984503488053
9404,0.000249500998003992,0.0
9408,0.49426147704590817,0.9999745956869949
9414,0.000499001996007984,0.9999991120696018
9415,0.000249500998003992,0.0
9417,0.011477045908183632,0.6576178849998506
9418,0.3682634730538922,0.9193763532486985
9419,0.010728542914171657,0.26869482337185624
9420,0.000998003992015968,0.8356223439181004
9422,0.000998003992015968,0.8356223967107093
9423,0.49326347305389223,0.9999433830938231
9424,0.010229540918163672,0.15539807402833358
9425,0.4780439121756487,0.974708952098359
9427,0.1674151696606786,0.8959624530162454
9428,0.007734530938123752,0.7824607696179257
9429,0.003992015968063872,0.982758074630984
9430,0.011726546906187624,0.40997065794491194
9434,0.47554890219560875,0.9747291650407546
9438,0.36676646706586824,0.9366355172117867
9440,0.49376247504990023,0.9980247165875096
9441,0.005988023952095809,0.999999898022807
9445,0.000249500998003992,0.0
9446,0.49176646706586824,0.9995040453509746
9447,0.010728542914171657,0.8811797184371447
9449,0.4144211576846307,0.9999258639967992
9452,0.49975049900199603,0.9999990918485354
9453,0.03642714570858283,0.18453741362257015
9454,0.4880239520958084,0.9980293259351705
9455,0.4141716566866267,0.9999256327982957
9456,0.00124750499001996,0.0
9457,0.49850299401197606,0.9999521687515706
9459,0.000249500998003992,0.0
9461,0.000499001996007984,0.0
9462,0.49825349301397204,0.9999491451838068
9466,0.01222554890219561,0.5515864878463178
9468,0.010728542914171657,0.19078692317595228
9470,0.0007485029940119761,1.8538787337818417e-05
9471,0.3804890219560878,0.9423018186724578
9473,0.000499001996007984,0.0
9474,0.000998003992015968,0.9999979513069231
9476,0.0062375249500998,0.6144830072545063
9477,0.0037425149700598802,0.09568934165302927
9478,0.000499001996007984,0.0
9483,0.000249500998003992,0.0
9487,0.3236027944111777,0.9577085525802028
9488,0.3869760479041916,0.9836092618069988
9489,0.015968063872255488,0.3454991275701085
9490,0.3867265469061876,0.9924877011972831
9491,0.000499001996007984,0.0
9492,0.007734530938123752,0.00013088872305266715
9493,0.07734530938123753,0.9657522677627197
9501,0.0007485029940119761,0.0
9503,0.002245508982035928,0.1142069245467021
9504,0.42989021956087825,0.9999877991294148
9506,0.4293912175648703,0.9915820472295879
9510,0.48078842315369263,0.989614292514424
9511,0.00249500998003992,0.9950035523738641
9513,0.000249500998003992,0.0
9514,0.000249500998003992,0.0
9515,0.37874251497005984,0.9819942480787857
9519,0.0029940119760479044,0.0
9525,0.37874251497005984,0.9800823654305735
9527,0.48952095808383234,0.9980290239898968
9528,0.008483033932135729,0.9999549896631479
9529,0.469560878243513,0.9999635901304903
9532,0.0014970059880239522,0.49692238112374604
9534,0.002245508982035928,0.0008335764085736802
9535,0.0074850299401197605,0.6150971828297156
9540,0.0007485029940119761,0.0
9545,0.1467065868263473,0.8776880830515305
9546,0.4184131736526946,0.7282118445545809
9548,0.000249500998003992,0.0
9549,0.000249500998003992,0.0
9550,0.004740518962075849,0.7466093131067744
9551,0.012974051896207584,0.9974962884143004
9553,0.000249500998003992,0.0
9555,0.000249500998003992,0.0
9560,0.000499001996007984,0.0
9561,0.009481037924151697,0.9997789417460354
9563,0.035179640718562874,0.9205727765865871
9568,0.3231037924151697,0.9999848124857621
9569,0.00249500998003992,0.0
9572,0.028942115768463075,0.8827689452499737
9575,0.3236027944111776,0.9952668443313536
9577,0.32285429141716565,0.999992645655855
9578,0.124750499001996,0.9956748879070666
9579,0.001996007984031936,0.0
9581,0.005738522954091816,0.9966452707615339
9586,0.000249500998003992,0.0
9587,0.000499001996007984,0.0
9588,0.001996007984031936,0.2988372655556412
9589,0.18937125748502995,0.9374587601173764
9590,0.009730538922155689,0.9999931082566975
9593,0.2871756487025948,0.961507213572292
9594,0.0007485029940119761,0.0
9595,0.026696606786427147,0.6942626307813218
9596,0.07135728542914171,0.9657562496795937
9597,0.000249500998003992,0.0
9600,0.04091816367265469,0.9988096885039272
9602,0.0658682634730539,0.9999988533843932
9603,0.0658682634730539,0.9999988533838035
9605,0.09306387225548902,0.8700388812303368
9606,0.0062375249500998,0.19105287773808682
9607,0.06761477045908183,0.9998214567117979
9609,0.02944111776447106,0.1981277831541908
9610,0.07934131736526946,0.9474601880144219
9612,0.07909181636726546,0.9483036984065772
9613,0.013722554890219561,0.5311685450035716
9614,0.34530938123752497,0.9594396123942737
9615,0.001746506986027944,0.0
9619,0.38448103792415167,0.9910652398966981
9622,0.011477045908183632,0.9999999418870302
9623,0.0249500998003992,0.9980208610570913
9624,0.4880239520958084,0.9160091067266201
9625,0.3690119760479042,0.9778435325386804
9626,0.000249500998003992,0.0
9629,0.0074850299401197605,0.7478117062519282
9632,0.000249500998003992,0.0
9633,0.021956087824351298,0.9551781089074539
9634,0.49401197604790414,0.9816629185141176
9635,0.3507984031936128,0.999951255470175
9636,0.36127744510978044,0.9999973797065044
9637,0.011477045908183632,0.9853278998487875
9638,0.36127744510978044,0.991209340855131
9642,0.023203592814371257,0.8876564965257797
9643,0.0054890219560878245,0.3468223613679901
9645,0.013722554890219561,0.38789468767536467
9646,0.000249500998003992,0.0
9648,0.44835329341317365,0.9328007180655826
9652,0.000249500998003992,0.0
9657,0.038922155688622756,0.4332638944124447
9658,0.01222554890219561,0.9999996272012849
9661,0.469311377245509,0.9985022998623235
9663,0.004740518962075849,0.9999999967576734
9664,0.03792415169660679,0.4342278180404756
9667,0.3393213572854291,0.9975890899484064
9673,0.005239520958083832,0.9966634289557847
9674,0.000249500998003992,0.0
9677,0.07609780439121756,0.8202740794740762
9678,0.03567864271457086,0.3805239733254737
9680,0.0014970059880239522,0.495058602733112
9681,0.48278443113772457,0.9942397399969101
9682,0.01222554890219561,0.9999996272012245
9689,0.01472055888223553,0.3554047611963317
9690,0.000499001996007984,0.0
9694,0.36402195608782434,0.9999631889548082
9695,0.000249500998003992,0.0
9700,0.004740518962075849,0.6577689052563902
9701,0.03792415169660679,0.4337308374209952
9702,0.49276447105788423,0.9619854724652799
9703,0.019461077844311378,0.5058882666037763
9704,0.001996007984031936,0.00014842124605911133
9707,0.4718063872255489,0.9676257788721463
9709,0.000249500998003992,0.9999999999796958
9711,0.000998003992015968,0.49899606406790026
9715,0.36601796407185627,0.8944072993922233
9716,0.000249500998003992,0.0
9717,0.3405688622754491,0.8808720137667753
9718,0.1062874251497006,0.634167056600406
9719,0.010978043912175649,0.06425018231865244
9720,0.10354291417165669,0.4807213786042287
9721,0.3338323353293413,0.8536845048505948
9724,0.004491017964071856,5.412693580660793e-05
9726,0.0037425149700598802,0.020768220774381067
9727,0.1781437125748503,0.941492499327093
9732,0.19785429141716568,0.9857243081953353
9736,0.19760479041916168,0.9999999999997133
9738,0.15568862275449102,0.8322923245477766
9739,0.019211576846307386,0.20978018931295378
9742,0.19760479041916168,0.9999999999997167
9745,0.49476047904191617,0.9981729651498967
9746,0.47330339321357284,0.9985686980772035
9747,0.19760479041916168,0.9999999999997113
9748,0.19710578842315368,0.9712453623512444
9749,0.15094810379241516,0.9999995512671386
9750,0.19760479041916168,0.9999999999997167
9751,0.19760479041916168,0.9999999999997187
9755,0.15094810379241516,0.9999999493693619
9756,0.11926147704590818,0.9998232054474903
9757,0.000249500998003992,0.0
9759,0.19760479041916168,0.9999999999997118
9761,0.000998003992015968,0.0
9762,0.19760479041916168,0.9999999999997109
9763,0.000249500998003992,0.0
9764,0.19785429141716568,0.9999999975606984
9765,0.19760479041916168,0.9999999999997182
9766,0.19760479041916168,0.9999999999997129
9769,0.002245508982035928,0.0
9770,0.19760479041916168,0.9999999999997151
9774,0.003493013972055888,0.5252017182919384
9776,0.000998003992015968,0.0
9779,0.4740518962075848,0.9999817713619445
9780,0.1279940119760479,0.9991826859080526
9781,0.0027445109780439123,0.9994781226426246
9782,0.000249500998003992,0.0
9784,0.000249500998003992,0.0
9786,0.1344810379241517,0.960092606605609
9793,0.000499001996007984,0.0
9797,0.11926147704590818,0.9998232055249785
9798,0.19835329341317365,0.9999999944548661
9801,0.1279940119760479,0.9909114359963977
9802,0.15094810379241516,0.9999995512675447
9803,0.16042914171656686,0.9997570320192202
9804,0.1282435129740519,0.9991631799976342
9805,0.19810379241516965,0.9999999999794185
9809,0.19810379241516965,0.9999999999794209
9810,0.11901197604790419,0.9998050937064249
9812,0.000249500998003992,0.0
9813,0.19810379241516965,0.9999999999794214
9818,0.36052894211576847,0.9990329324983005
9820,0.36052894211576847,0.9990329322965407
9822,0.36077844311377244,0.9990300127779845
9825,0.31736526946107785,0.9999780775196072
9826,0.000249500998003992,0.0
9834,0.1220059880239521,0.9567198314825797
9839,0.47554890219560875,0.9999994299561048
9843,0.39096806387225547,0.9917758689071893
9847,0.23253493013972057,0.9898870236892003
9853,0.47779441117764476,0.9998750173590015
9854,0.04615768463073852,0.15538442192486043
9856,0.24276447105788423,0.9999999417248873
9857,0.0007485029940119761,1.8839483110304616e-05
9858,0.27944111776447106,0.9998328960854317
9864,0.10678642714570859,0.9999586614660941
9867,0.0007485029940119761,0.9850370192310217
9871,0.26072854291417163,0.9613536054648264
9873,0.009481037924151697,0.9999987574132704
9874,0.2906686626746507,0.9999857832433037
9875,0.1501996007984032,0.9988758490333359
9876,0.0007485029940119761,0.0
9877,0.2337824351297405,0.9999999730981952
9878,0.2871756487025948,0.988184952369119
9879,0.020459081836327345,0.11497332623245639
9881,0.029940119760479042,0.7688293656949038
9884,0.11302395209580839,0.840563242581819
9885,0.001996007984031936,0.24679761800072372
9888,0.000499001996007984,0.00010847667131453378
9889,0.49051896207584833,0.9999999997420683
9890,0.23353293413173654,0.9999559455451434
9891,0.25773453093812376,0.999971523746132
9893,0.000499001996007984,0.0
9895,0.000499001996007984,0.0
9897,0.12225548902195608,0.9999532675690832
9900,0.2587325349301397,0.9999999351776517
9901,0.15119760479041916,0.9999997805299792
9903,0.23478043912175647,0.9940205674962606
9906,0.05089820359281437,0.1200507583039627
9908,0.23478043912175647,0.9994561485343755
9909,0.2587325349301397,0.9883765517386436
9914,0.22954091816367264,0.9901723486289947
9917,0.16217564870259482,0.9999999739153584
9918,0.14770459081836326,0.9999999638182867
9919,0.000249500998003992,0.0
9920,0.29416167664670656,0.9627547576949813
9921,0.12325349301397205,0.9996727971649556
9923,0.4740518962075848,0.9909192264633354
9925,0.29416167664670656,0.9621864349659169
9928,0.000499001996007984,0.0
9929,0.10703592814371257,0.9999072708039775
9930,0.000249500998003992,0.0
9932,0.000249500998003992,0.0
9933,0.00499001996007984,0.003603003824881372
9934,0.12300399201596807,0.9713263543203676
9935,0.15843313373253493,0.9999997657819044
9936,0.12300399201596807,0.8479565688107943
9937,0.13373253493013973,0.8397739345657158
9943,0.1312375249500998,0.832419932690621
9944,0.000499001996007984,0.0
9945,0.13073852295409183,0.9509333016518426
9947,0.018463073852295408,0.6179517429296622
9950,0.04565868263473054,0.13411344326756802
9951,0.003493013972055888,0.3921927250549761
9953,0.4725548902195609,0.995588112744661
9955,0.004740518962075849,0.9970586730034159
9956,0.12624750499001997,0.8476639558854603
9958,0.000499001996007984,0.9999920121169554
9961,0.125249500998004,0.8479540442965555
9962,0.009730538922155689,0.6679843035248036
9963,0.125249500998004,0.8479540442266125
9964,0.2654690618762475,0.9730899360960552
9970,0.000998003992015968,0.0
9971,0.000499001996007984,0.0
9973,0.00124750499001996,0.0
9978,0.0037425149700598802,0.046499338370882035
9982,0.001746506986027944,0.0
9983,0.31786427145708585,0.2686833171152033
9984,0.022704590818363273,0.4096634813587981
9986,0.33682634730538924,0.2854873300303438
9988,0.013223552894211578,0.41509331060404836
9991,0.0007485029940119761,0.0
9992,0.000249500998003992,0.0
9994,0.001996007984031936,0.0
9995,0.000499001996007984,2.031522598532288e-05
9997,0.000499001996007984,0.0
