snp,maf,r2
0,0.2342814371257485,0.9966876281614393
1,0.001996007984031936,0.0
2,0.16666666666666666,0.9430422506212636
3,0.000249500998003992,0.0
4,0.14296407185628743,0.9429704132589299
5,0.23602794411177644,0.9894506027591421
6,0.2687125748502994,0.9876792418919461
7,0.000249500998003992,0.0
8,0.000998003992015968,0.0
9,0.054890219560878244,0.7825053724117224
10,0.0007485029940119761,0.0
11,0.000499001996007984,8.097747552798044e-06
12,0.000998003992015968,0.0
13,0.000499001996007984,0.0
14,0.14570858283433133,0.92271483930923
15,0.281437125748503,0.9967116673625437
16,0.27844311377245506,0.9999519572638926
17,0.009231536926147704,0.7988165277504033
18,0.000249500998003992,0.0
19,0.17090818363273452,0.9966444431973376
20,0.004491017964071856,6.437946385107936e-05
21,0.1664171656686627,0.9958816399007403
22,0.00124750499001996,0.0
23,0.1591816367265469,0.9997402686965722
24,0.16067864271457086,0.9999574336605204
25,0.00124750499001996,4.023360532863368e-06
26,0.19810379241516965,0.9752981741305756
27,0.000998003992015968,0.0
28,0.00998003992015968,0.9198210280067626
29,0.004740518962075849,0.0
30,0.000249500998003992,0.0
31,0.000249500998003992,0.0
32,0.000998003992015968,0.0
33,0.004491017964071856,0.9994543324149611
34,0.27445109780439125,0.9824596532284089
36,0.000249500998003992,0.0
37,0.2055888223552894,0.9937605738430427
38,0.000249500998003992,0.0
39,0.000499001996007984,0.0
40,0.00249500998003992,4.1675835303904905e-05
41,0.19860279441117765,0.9825735134276441
42,0.00124750499001996,0.9999990582061647
43,0.00124750499001996,0.999999058206137
44,0.000499001996007984,0.0
45,0.1724051896207585,0.999978547543651
46,0.0014970059880239522,0.0
47,0.1724051896207585,0.9999785475394756
48,0.000499001996007984,0.0
49,0.003243512974051896,0.20811060054465486
50,0.280439121756487,0.9985435282850875
51,0.000998003992015968,0.0
52,0.0007485029940119761,0.5085227620779328
53,0.47380239520958084,0.9588569512283113
54,0.000998003992015968,0.0256660944801494
55,0.001996007984031936,0.0523411924408535
56,0.16741516966067865,0.945807427291023
57,0.00124750499001996,0.7863550016517448
58,0.2624750499001996,0.9994365452190636
59,0.08258483033932136,0.9552101010067299
60,0.25673652694610777,0.9862882874988801
61,0.007734530938123752,0.0198515817987422
62,0.000499001996007984,0.0
63,0.000499001996007984,0.0
64,0.2370259481037924,0.9893462903307911
65,0.17140718562874252,0.997711425948613
66,0.26347305389221554,0.9998390947285745
68,0.000499001996007984,0.0
69,0.001996007984031936,0.8896353335641162
70,0.15843313373253493,0.9746411308304221
71,0.001996007984031936,0.0
72,0.000998003992015968,0.0
73,0.000499001996007984,0.0
74,0.2926646706586826,0.9999584015901264
75,0.47280439121756485,0.9892022690672369
76,0.07235528942115768,0.9721341602874549
77,0.4930139720558882,0.9982235563743475
78,0.16467065868263472,0.9802178524707447
79,0.0007485029940119761,0.0
80,0.0042415169660678645,0.3975834159070336
81,0.1936127744510978,0.9999995844292641
82,0.000249500998003992,0.0
83,0.000499001996007984,0.0
84,0.003243512974051896,0.9999999941032589
85,0.00124750499001996,0.0
86,0.2465069860279441,0.9999963450829071
87,0.07285429141716566,0.9982872571684706
88,0.19486027944111775,0.999991333109442
90,0.2407684630738523,0.9888033156075932
91,0.4740518962075848,0.9976115396667581
92,0.19461077844311378,0.9999999985680121
93,0.24201596806387227,0.9888958126918759
94,0.23028942115768464,0.9999985160530361
95,0.2307884231536926,0.9825952068393945
96,0.003992015968063872,0.0429353769696869
97,0.000249500998003992,0.0
98,0.4877744510978044,0.9928216066164175
99,0.48602794411177647,0.992029083410897
100,0.07410179640718563,0.9806799079766505
102,0.2719560878243513,0.9997124452187368
103,0.010728542914171657,0.18771738305328484
104,0.010479041916167664,0.9184702382712541
105,0.00124750499001996,0.0
106,0.000499001996007984,0.0
107,0.009481037924151697,0.998742241664337
108,0.17090818363273452,0.9840121736868104
109,0.44935129740518964,0.9962048961972723
111,0.00998003992015968,0.18500375011093495
112,0.0027445109780439123,0.0
113,0.10454091816367266,0.8848806192809834
114,0.07360279441117765,0.9624419753597325
115,0.00124750499001996,0.024501140277051196
116,0.17739520958083832,0.9958250035710478
117,0.001996007984031936,0.34109669170613127
118,0.16666666666666666,0.9999983007806932
119,0.45933133732534925,0.983126523107698
120,0.14870259481037923,0.9879582390556171
121,0.000499001996007984,0.0
122,0.000249500998003992,0.0
123,0.000998003992015968,1.4776563714784613e-05
124,0.45059880239520955,0.9891626024866355
125,0.11926147704590818,0.9851605820113501
126,0.4792914171656687,0.9981017894747023
127,0.009481037924151697,0.6049934878250115
128,0.14021956087824353,0.9998844841909167
129,0.1694111776447106,0.9734318964132908
130,0.2574850299401198,0.9969254047203592
131,0.000249500998003992,0.0
132,0.34780439121756485,0.9906599804630983
133,0.34830339321357284,0.9905503085640645
134,0.1404690618762475,0.9999222663690002
135,0.14845309381237526,0.9981750416842158
136,0.000249500998003992,0.0
137,0.000249500998003992,0.0
138,0.000998003992015968,0.0
139,0.11726546906187625,0.9969834474075658
140,0.11726546906187625,0.996983448717359
141,0.11751497005988024,0.9968470415702809
142,0.003992015968063872,0.04771977980431177
143,0.31636726546906185,0.9921154112184714
144,0.13647704590818363,0.9601899135445762
145,0.006487025948103792,0.3581662442227698
146,0.4970059880239521,0.9867264615244296
147,0.002245508982035928,0.9988667345275962
148,0.000998003992015968,0.0
149,0.000998003992015968,0.742871402266688
150,0.4660678642714571,0.9843586783840244
152,0.14520958083832336,0.9878268121288188
153,0.00124750499001996,0.0
154,0.1813872255489022,0.9999906099160234
155,0.00124750499001996,0.09327838610650861
156,0.1499500998003992,0.985400060064258
157,0.16392215568862276,0.9878911953064041
158,0.008483033932135729,0.1132886477856516
159,0.19261477045908185,0.9741428043939991
161,0.005988023952095809,0.4405863888981018
162,0.14820359281437126,0.9239852553037268
163,0.11077844311377245,0.9626952334618134
164,0.000249500998003992,0.00014447056379075153
165,0.00124750499001996,0.00783013238450643
166,0.000499001996007984,0.0
167,0.1467065868263473,0.984922903656343
168,0.17140718562874252,0.9999416387280107
169,0.006736526946107785,0.32994102675408565
170,0.0037425149700598802,0.9999994414286898
171,0.11926147704590818,0.9800147343763845
172,0.1694111776447106,0.9999459037590518
173,0.16042914171656686,0.9999941912829015
174,0.46132734530938124,0.9931410215203385
175,0.005988023952095809,0.03958995449268104
176,0.17115768463073852,0.9753968918875453
177,0.00998003992015968,0.5964556359371859
178,0.001996007984031936,4.9328054573647e-05
179,0.3690119760479042,0.9835305362444702
180,0.0037425149700598802,0.9999994414286081
181,0.16841317365269462,0.9999999504187753
182,0.11452095808383234,0.9891823852113997
183,0.36427145708582837,0.9881328518129159
184,0.004491017964071856,0.026730986922785575
185,0.000998003992015968,0.0
186,0.0027445109780439123,0.3204353887314149
187,0.015718562874251496,0.9999832323446638
188,0.4510978043912176,0.9910970426321458
189,0.0027445109780439123,0.9908725512629646
190,0.36452095808383234,0.9993377244488048
191,0.00124750499001996,0.0
192,0.000249500998003992,0.0
193,0.13697604790419163,0.9984062461935083
194,0.000249500998003992,0.0
195,0.12150698602794412,0.9980590436865218
196,0.001746506986027944,0.0
197,0.17165668662674652,0.9679927687373605
198,0.0037425149700598802,0.4809200183353131
199,0.0037425149700598802,0.004085855158536364
200,0.11676646706586827,0.9996980320794563
201,0.000998003992015968,0.0
202,0.014221556886227544,0.9999929022156256
203,0.10853293413173652,0.9467137094506154
204,0.1936127744510978,0.9695821044733808
205,0.000249500998003992,0.0
206,0.2894211576846307,0.9575054711576196
207,0.0007485029940119761,0.12324645449460518
208,0.000499001996007984,0.0
209,0.0014970059880239522,0.28408998058544915
210,0.000998003992015968,0.7428713631083568
211,0.000249500998003992,1.6732277620762213e-05
212,0.000998003992015968,0.6653259831963282
213,0.39496007984031933,0.23974021840379228
214,0.000499001996007984,0.0
215,0.2662175648702595,0.14765825532912852
217,0.2544910179640718,0.0873044241254002
218,0.00499001996007984,0.18754027186757943
219,0.0007485029940119761,0.0
220,0.47105788423153694,0.9167863571968313
221,0.0007485029940119761,0.0
222,0.28193612774451093,0.9160917003273156
223,0.000249500998003992,0.0
224,0.21082834331337325,0.9475199331400203
225,0.053393213572854294,0.845029154548173
226,0.000249500998003992,0.0
227,0.4041916167664671,0.9591755337487452
228,0.000998003992015968,0.0
229,0.000499001996007984,0.0
230,0.00499001996007984,0.5495070987569871
231,0.000499001996007984,0.0
232,0.20134730538922155,0.9906189825550838
233,0.000499001996007984,0.0
234,0.015718562874251496,0.801298920842466
235,0.2025948103792415,0.9913921465933885
236,0.014221556886227544,0.593732700190566
237,0.000499001996007984,0.0
238,0.000249500998003992,0.0
239,0.47430139720558884,0.9630036928599587
240,0.07709580838323353,0.9446469274706661
241,0.000249500998003992,0.0
242,0.19011976047904192,0.955312911430362
243,0.2272954091816367,0.9891968875172872
244,0.24700598802395213,0.9963240277470822
245,0.000499001996007984,0.24220869998926023
246,0.00124750499001996,0.038624235426431223
247,0.000249500998003992,0.0
248,0.000249500998003992,0.0
249,0.005738522954091816,0.9997292247593895
250,0.07634730538922156,0.9729680295830087
251,0.000249500998003992,0.0
252,0.0531437125748503,0.9989398895670698
253,0.08932135728542914,0.996528089035377
254,0.30164670658682635,0.9999908546605979
255,0.00249500998003992,0.0
256,0.00124750499001996,0.0
257,0.001996007984031936,0.9999999821151303
258,0.3018962075848304,0.9999999011126937
259,0.3018962075848304,0.9999999011127383
260,0.20409181636726548,0.983079257721183
261,0.3018962075848304,0.9999999011127463
262,0.3013972055888223,0.9999717775282129
263,0.000249500998003992,0.0
264,0.008233532934131737,0.2659242454754013
265,0.00124750499001996,0.0
266,0.30988023952095806,0.9825256262858993
267,0.24725548902195604,0.9998488001511181
268,0.05289421157684631,0.9999999946235012
269,0.00499001996007984,0.02143825209086986
270,0.05289421157684631,0.9999999946235001
271,0.0007485029940119761,0.0
272,0.000249500998003992,0.0
273,0.21332335329341318,0.9888936917112381
274,0.05289421157684631,0.9999999946234972
275,0.248003992015968,0.9959247051865656
276,0.000249500998003992,0.0
277,0.29416167664670656,0.9900823637337247
278,0.000249500998003992,0.0
279,0.0014970059880239522,0.9999999988955495
280,0.2584830339321357,0.9405542894312731
281,0.00124750499001996,0.007917977957228792
282,0.29740518962075846,0.9872807304349193
283,0.000249500998003992,5.001019712475518e-06
284,0.0499001996007984,0.9999999603734568
285,0.08857285429141716,0.9960288752528345
286,0.000249500998003992,0.0
287,0.06511976047904192,0.9999275496170994
288,0.21107784431137724,0.9964059586684252
289,0.3078842315369261,0.9665940915733868
290,0.07160678642714571,0.9715746377340403
291,0.04965069860279441,0.999998595132696
292,0.312874251497006,0.9994426849620539
293,0.20184630738522955,0.9744148172029947
294,0.000249500998003992,0.0
295,0.000249500998003992,0.0
296,0.001746506986027944,0.0
297,0.001746506986027944,0.18988798773657442
298,0.08857285429141716,0.9960288724360057
299,0.0014970059880239522,0.0
300,0.000499001996007984,0.0
301,0.2969061876247505,0.02026914382161493
302,0.000249500998003992,0.0
303,0.051646706586826345,0.999999998109224
304,0.010479041916167664,0.2339877632133877
305,0.000998003992015968,0.0
306,0.000499001996007984,0.0
307,0.04915169660678643,0.9999995722342636
308,0.30114770459081835,0.9588962177726094
309,0.000249500998003992,0.0
310,0.0007485029940119761,0.0
311,0.006736526946107785,0.9999999565910778
312,0.051646706586826345,0.9999999943998237
313,0.000499001996007984,0.0
314,0.21731536926147704,0.9821773645913627
315,0.02869261477045908,0.6603631717762221
316,0.000499001996007984,0.0
317,0.000249500998003992,0.0
318,0.000499001996007984,0.0
319,0.08907185628742514,0.9314822751654571
320,0.04915169660678643,0.9999995722343045
321,0.056387225548902194,0.9999998559642779
322,0.000499001996007984,0.0
323,0.0007485029940119761,0.0
324,0.218562874251497,0.9904962318456412
325,0.000499001996007984,5.673631995837441e-06
326,0.30439121756487025,0.9986639640501485
327,0.19635728542914171,0.97604784217845
328,0.000499001996007984,0.0
329,0.3046407185628742,0.9923742383404678
330,0.2250499001996008,0.9790951072961385
331,0.015968063872255488,0.9987399079983781
332,0.20484031936127745,0.9896086287796979
333,0.000998003992015968,0.0
334,0.000998003992015968,0.0
335,0.001996007984031936,0.995739808958605
336,0.020958083832335328,0.7117347272348987
337,0.2986526946107785,0.9998850636211148
338,0.24326347305389218,0.9998333114156672
339,0.00124750499001996,0.0
340,0.000499001996007984,0.0
341,0.02619760479041916,0.6862873397773397
342,0.08408183632734531,0.9002680491193978
343,0.06387225548902195,0.9950496135872088
344,0.003243512974051896,0.030582386661219544
345,0.2954091816367265,0.9492548778302693
346,0.000499001996007984,0.0
347,0.005738522954091816,0.6686093941898905
348,0.24500998003992014,0.9999339540967996
349,0.005239520958083832,0.9664916342688762
350,0.0845808383233533,0.8960490025832529
351,0.0032435129740518986,0.0
352,0.005738522954091816,0.7628380136824693
353,0.000249500998003992,0.0
354,0.3073852295409182,0.9999997035286736
355,0.000499001996007984,0.03885916323986621
356,0.0014970059880239522,0.0
357,0.000249500998003992,0.0
358,0.3083832335329342,0.9999659051283418
359,0.000998003992015968,0.0
360,0.003992015968063872,0.2769743514341948
361,0.3008982035928144,0.9823243769121383
362,0.000499001996007984,0.0
363,0.3023952095808383,0.9823474650774969
364,0.000249500998003992,0.0
365,0.000249500998003992,0.0
366,0.03343313373253493,0.8494088293298911
367,0.000998003992015968,0.0
368,0.20234530938123751,0.9962033813838014
369,0.0062375249500998,0.9944519999864574
370,0.2063373253493014,0.9971437843541455
371,0.05039920159680639,0.8972133828425466
372,0.001746506986027944,0.0
373,0.000249500998003992,2.5232216291373655e-05
374,0.03318363273453094,0.83086731247344
375,0.2090818363273453,0.9999942831214487
376,0.005988023952095809,0.09692344036648269
377,0.001996007984031936,0.9999999821151325
378,0.000499001996007984,5.369316729621079e-06
379,0.001996007984031936,0.33787302918798073
380,0.10029940119760479,0.8656258273029255
381,0.001746506986027944,0.0
382,0.000998003992015968,0.0
383,0.002245508982035928,0.1490627614824195
384,0.00124750499001996,0.0
385,0.000499001996007984,0.0
386,0.0007485029940119761,0.0
387,0.2090818363273453,0.9999550435945554
388,0.46182634730538924,0.7772221245207951
389,0.30164670658682635,0.9820642952862123
390,0.004491017964071856,0.0011936354163591574
391,0.000499001996007984,0.0009893843041788536
392,0.04915169660678643,0.999924071490167
393,0.24700598802395213,0.9999999789008583
394,0.24700598802395213,0.9999999789008721
395,0.000249500998003992,0.0
396,0.24401197604790414,0.9882445658990701
397,0.000998003992015968,0.0
398,0.048652694610778445,0.9999999973674716
399,0.0007485029940119761,0.0
400,0.000249500998003992,0.0
401,0.08283433133732535,0.8973967289937457
402,0.0007485029940119761,0.0
403,0.3001497005988024,0.999871985398082
404,0.006487025948103792,0.9999999385984017
405,0.07035928143712575,0.9999998724670173
406,0.48003992015968067,0.9978091638196379
407,0.3842315369261477,0.9972281859323345
408,0.30988023952095806,0.9903905980431037
409,0.3380738522954092,0.9163359848326952
410,0.38098802395209586,0.9758826775467331
411,0.3934630738522954,0.9922230605120184
412,0.3924650698602794,0.9988209187698012
413,0.09580838323353294,0.9999998827895481
414,0.0014970059880239522,0.9999999776821015
415,0.09605788423153692,0.9999998963758827
416,0.09605788423153692,0.9999824487420262
417,0.09580838323353294,0.9999927540823536
418,0.31237524950099804,0.9811331976036752
419,0.0845808383233533,0.995257072893497
420,0.005988023952095809,0.8557259131027056
421,0.000249500998003992,0.0
422,0.3061377245508982,0.9941420361671094
423,0.07060878243512975,0.9941321672494888
424,0.0014970059880239522,0.0
425,0.09481037924151696,0.9602202807256061
426,0.05289421157684631,0.9999666217413341
427,0.3143712574850299,0.9993211687122419
428,0.005239520958083832,0.14133240946844794
429,0.00124750499001996,0.0
430,0.0042415169660678645,0.8316507350833249
431,0.31037924151696605,0.9899442182159106
432,0.09580838323353294,0.9999796588333593
433,0.07110778443113773,0.9684866708553647
434,0.000499001996007984,0.2484962806809625
435,0.0499001996007984,0.999999858551681
436,0.000499001996007984,0.0
437,0.16741516966067865,0.999712187871657
438,0.000249500998003992,0.0
439,0.015968063872255488,0.8858346285457102
440,0.000998003992015968,0.0
441,0.3051397205588822,0.9899187038259013
442,0.003493013972055888,0.40693653396320667
444,0.000249500998003992,0.0
445,0.006986027944111776,0.9999999478310739
446,0.4089321357285429,0.9388830365295024
447,0.015469061876247504,0.9999992542770055
448,0.0014970059880239522,0.0
449,0.2118263473053892,0.8452040107816418
450,0.061377245508982034,0.6249750285017414
451,0.41591816367265466,0.8364065266998998
452,0.000249500998003992,0.0
453,0.0054890219560878245,0.4979662264232686
454,0.3665169660678643,0.825563463782336
455,0.000998003992015968,0.0
456,0.37050898203592814,0.8341980386009088
457,0.000249500998003992,0.0
458,0.21082834331337325,0.2625411677316046
459,0.000249500998003992,0.0
460,0.001996007984031936,0.5997755406226297
461,0.20409181636726548,0.4216785030532709
462,0.0007485029940119761,0.0
463,0.000249500998003992,0.0
464,0.000249500998003992,0.0
465,0.0027445109780439123,0.9999999845461215
467,0.26596806387225547,0.981154909558553
468,0.013972055888223553,0.03260268459033442
469,0.00124750499001996,0.0585868943143741
470,0.000249500998003992,0.0
471,0.26422155688622756,0.9986766264025874
472,0.000499001996007984,0.0
473,0.001996007984031936,4.197996647737398e-05
474,0.0029940119760479044,4.434698289012738e-05
475,0.26172654690618763,0.9903521971970155
476,0.0007485029940119761,0.0
477,0.3156187624750499,0.9674410829315118
478,0.1656686626746507,0.9858119888208584
479,0.2647205588822355,0.9896803108317216
480,0.000249500998003992,0.0
481,0.000249500998003992,0.0
482,0.000249500998003992,0.0
483,0.0007485029940119761,4.390112864429838e-06
484,0.2801896207584831,0.9223723832105404
485,0.000249500998003992,0.0
486,0.4453592814371258,0.9971047854344587
487,0.009481037924151697,0.08697192445773544
488,0.40993013972055886,0.9996364640083318
489,0.010229540918163672,0.9964365272125595
490,0.3143712574850299,0.999998870627478
491,0.023453093812375248,0.6120130467717467
492,0.26097804391217566,0.9999999877673036
493,0.3218562874251497,0.9941924382088879
494,0.001746506986027944,0.0002457231218729222
495,0.012724550898203593,0.8590219613435317
496,0.000249500998003992,0.0
497,0.0014970059880239522,0.0
498,0.25823353293413176,0.9946235412812973
499,0.000249500998003992,0.0
500,0.16791417165668662,0.997127546492865
501,0.25848303393213573,0.9999999252340414
502,0.4718063872255489,0.9426750091144768
503,0.02844311377245509,0.9488021374172446
504,0.3772455089820359,0.9742188915766044
505,0.000249500998003992,0.0
506,0.015718562874251496,0.30643695611015354
507,0.07559880239520958,0.5465863841859272
508,0.000499001996007984,0.0
509,0.000499001996007984,0.0
510,0.2894211576846307,0.9998449193705813
511,0.3532934131736527,0.9989016310917254
512,0.2654690618762475,0.9999999860093656
513,0.11177644710578842,0.6374358299387399
514,0.27994011976047906,0.9999999973531213
515,0.35204590818363274,0.9989005230512805
516,0.000249500998003992,0.0
517,0.00124750499001996,0.0
518,0.001746506986027944,0.0
519,0.28043912175648705,0.9999999983834282
520,0.000249500998003992,0.09845509918974152
521,0.010479041916167664,0.980821363344913
522,0.280189620758483,0.9999999953952203
523,0.280189620758483,0.9999999953952252
524,0.27969061876247503,0.9984913622797129
525,0.280189620758483,0.9999999992436237
526,0.2776946107784431,0.9999999640440892
527,0.281187624750499,0.9999999999869036
528,0.26322355289421157,0.9999998785692245
529,0.03617764471057884,0.9977240045996693
530,0.281187624750499,0.9999999999869078
531,0.281187624750499,0.9999999999869098
532,0.000249500998003992,0.0
533,0.37949101796407186,0.9997300768627196
534,0.000249500998003992,0.0
535,0.0007485029940119761,0.0
536,0.007734530938123752,0.9448141483933078
537,0.000249500998003992,6.207077151550293e-05
538,0.002245508982035928,0.0
539,0.05264471057884232,0.9602085375353235
540,0.000499001996007984,0.0
541,0.281187624750499,0.9999999999869076
542,0.4091816367265469,0.9917824315894398
543,0.280688622754491,0.9999999999942575
544,0.281187624750499,0.9999999999996889
545,0.281437125748503,0.9999999999998739
546,0.038672654690618764,0.9997927703104615
547,0.010479041916167664,0.9554036391781928
548,0.000249500998003992,0.0
549,0.011477045908183632,0.17378563681365017
550,0.3567864271457086,0.9885969303877308
551,0.000249500998003992,6.007456326831687e-06
552,0.025698602794411177,0.4710453561441222
554,0.001746506986027944,0.0
555,0.0007485029940119761,0.0
556,0.027694610778443114,0.6132986140500479
557,0.004491017964071856,0.05786401617708432
558,0.000249500998003992,0.0
559,0.0074850299401197605,0.23100461089249585
560,0.000249500998003992,0.0
561,0.006736526946107785,0.9999968066301436
562,0.125,0.10182559371683454
563,0.0007485029940119761,0.0
564,0.36601796407185627,0.6838961971650245
565,0.000249500998003992,0.0
566,0.000499001996007984,0.0
567,0.000249500998003992,0.0
568,0.4498502994011976,0.9555726806678203
569,0.000249500998003992,0.0
570,0.0029940119760479044,2.6150617457930683e-06
571,0.20209580838323354,0.9599919034296118
572,0.000249500998003992,0.0
573,0.05963073852295409,0.9563422035766959
574,0.013223552894211578,0.23058453150944697
575,0.000249500998003992,0.0
576,0.4555888223552894,0.9641333432821373
577,0.27569860279441116,0.9843999274262563
578,0.000249500998003992,0.0
579,0.0007485029940119761,0.0
580,0.14271457085828343,0.9830336098819952
581,0.000249500998003992,0.0
582,0.26746506986027946,0.9987985991708067
583,0.14471057884231536,0.9824748241472381
584,0.08183632734530938,0.9609531165159224
585,0.2647205588822355,0.9981097618158139
586,0.0406686626746507,0.944696503456354
587,0.005988023952095809,0.34337984650908665
588,0.03842315369261477,0.9998842076935744
589,0.14945109780439123,0.9831380695008679
590,0.000249500998003992,0.0
591,0.001996007984031936,0.0
592,0.09580838323353294,0.9612795092694654
593,0.4518463073852295,0.9699398995714935
594,0.09231536926147704,0.9714045390421137
595,0.000998003992015968,3.991604689215861e-06
596,0.028942115768463075,0.999997517834051
597,0.000249500998003992,0.0
598,0.000249500998003992,0.0
599,0.0029940119760479044,0.013011474551950397
600,0.4426147704590818,0.9917639968092687
601,0.003992015968063872,8.61023761878143e-05
602,0.004740518962075849,8.686068808649931e-06
603,0.3567864271457086,0.9903423456855118
604,0.35429141716566864,0.9761883435713327
605,0.000249500998003992,0.0
606,0.4433632734530938,0.9973138554429993
607,0.001996007984031936,0.0
608,0.34231536926147704,0.999273447275948
610,0.000249500998003992,0.0023680597770801607
611,0.344810379241517,0.9850406406437635
612,0.0007485029940119761,0.0
613,0.029191616766467067,0.9997802515331258
614,0.344311377245509,0.999999840187463
615,0.344311377245509,0.999999840187487
616,0.0052395209580838875,0.12308468220483221
617,0.000249500998003992,0.0
618,0.07260479041916168,0.9593743272908695
619,0.4216566866267465,0.9999989502895267
620,0.0029940119760479044,0.7120864582147172
621,0.4316367265469062,0.9997538865702723
622,0.000249500998003992,0.00023188855374871057
623,0.34331337325349304,0.9912329540180559
624,0.0062375249500998,0.2920320998782281
625,0.000249500998003992,0.0
626,0.000249500998003992,0.0
627,0.0007485029940119761,0.0
628,0.40693612774451093,0.905302649210276
629,0.000499001996007984,0.0
630,0.009231536926147704,0.774263264226013
631,0.002245508982035928,0.999999934710734
632,0.0007485029940119761,0.9999999758491153
633,0.006986027944111776,0.36826672335802474
634,0.20159680638722555,0.9762426337385494
635,0.000249500998003992,0.0
636,0.003243512974051896,0.07605373276702207
637,0.05788423153692615,0.895499822581107
638,0.1344810379241517,0.9669456413809564
639,0.0007485029940119761,0.0
640,0.000249500998003992,0.0
641,0.20059880239520958,0.9548732832603577
642,0.000249500998003992,0.0
643,0.003992015968063872,0.9938009840182841
644,0.3023952095808383,0.9999779824722095
645,0.38398203592814373,0.9816410193984625
646,0.07410179640718563,0.9559170063569851
647,0.000499001996007984,0.15875079045623228
648,0.4406187624750499,0.9999966853759508
649,0.3804890219560878,0.9972664103104524
650,0.13647704590818363,0.9631381159304357
651,0.003493013972055888,0.8560803797920105
652,0.000998003992015968,0.0
653,0.38622754491017963,0.9910307182428443
654,0.4820359281437126,0.9919923954892569
655,0.0037425149700598802,0.1640614623134342
656,0.003992015968063872,0.4989978375048787
657,0.000249500998003992,0.0
658,0.0007485029940119761,0.0
659,0.1694111776447106,0.9754751272932369
660,0.000249500998003992,0.0
661,0.0007485029940119761,0.0
662,0.001996007984031936,0.40032679868733745
663,0.011976047904191617,0.9999999848736779
664,0.2435129740518962,0.9270551588901222
665,0.003992015968063872,0.1779804513843745
667,0.023203592814371257,0.6358291852523755
668,0.0656187624750499,0.5622927230601968
670,0.000249500998003992,0.0
671,0.000249500998003992,0.0
672,0.001996007984031936,0.0
674,0.007235528942115769,0.46384356999223425
675,0.4466067864271457,0.9483817576686963
676,0.1277445109780439,0.9836440139420074
677,0.12350299401197605,0.9730765803763469
678,0.003243512974051896,0.0
679,0.0007485029940119761,0.0
680,0.000249500998003992,0.0
681,0.0007485029940119761,4.984821148449762e-05
682,0.004491017964071856,0.5923197210950847
683,0.000499001996007984,8.09812528166561e-05
684,0.002245508982035928,0.0
685,0.008233532934131737,0.9982755170652965
686,0.002245508982035928,0.6622504704267977
687,0.000499001996007984,0.9985851930051205
688,0.004491017964071856,0.48050557928164156
689,0.000998003992015968,0.0
690,0.0014970059880239522,0.0001280208959407313
691,0.0561377245508982,0.8981044871753251
692,0.02220558882235529,0.6579936505706269
693,0.08233532934131736,0.894540701552793
694,0.000499001996007984,0.0
695,0.0029940119760479044,0.0
696,0.030439121756487025,0.8405031363612769
697,0.46407185628742514,0.9771158388394751
698,0.003493013972055888,0.748490724819906
700,0.011726546906187624,0.999999989123908
702,0.11926147704590818,0.9579938494973848
703,0.000499001996007984,0.0
704,0.001996007984031936,0.19507172637330605
705,0.000998003992015968,0.0
706,0.031686626746506984,0.8811731779829572
707,0.06087824351297405,0.9985706556279512
708,0.000249500998003992,0.0
710,0.000249500998003992,0.0
711,0.06087824351297405,0.9999999820666287
712,0.0007485029940119761,1.4646803428953492e-05
713,0.03218562874251497,0.7912163463660657
714,0.061377245508982034,0.9936391887019852
715,0.3290918163672655,0.9817330978123472
716,0.06661676646706587,0.9913597015616161
717,0.41641716566866266,0.9998939211534178
718,0.4216566866267465,0.9996402903049417
719,0.00124750499001996,0.3320122089545197
720,0.4416167664670658,0.9897504978104448
721,0.031686626746506984,0.8231926365771526
722,0.00124750499001996,0.0
723,0.36676646706586824,0.9938715203154952
724,0.0968063872255489,0.9998293886686161
725,0.0037425149700598802,0.5830903953183183
726,0.4094311377245509,0.9999174091843901
727,0.4433632734530938,0.9921601465455434
728,0.019461077844311378,0.6661173903533198
729,0.4456087824351297,0.9999990044878719
730,0.16042914171656686,0.9712748053770808
731,0.00124750499001996,0.0
732,0.000249500998003992,0.0
733,0.1783932135728543,0.9770425187283373
734,0.002245508982035928,0.0
735,0.008483033932135729,0.8645418971887723
737,0.14246506986027943,0.9989188114293033
738,0.04291417165668663,0.61606769336846
739,0.11826347305389222,0.9999961392005502
740,0.17739520958083832,0.9999982568214592
741,0.14246506986027943,0.9989188098265325
742,0.37475049900199603,0.9764306634248923
743,0.002245508982035928,0.8130205133905388
744,0.19610778443113772,0.9628962773439347
745,0.4865269461077844,0.9755520192311306
746,0.4109281437125748,0.9853695091237417
747,0.1284930139720559,0.7639121136166204
748,0.001746506986027944,0.0
749,0.000499001996007984,0.0
750,0.2874251497005988,0.9152190489260644
751,0.16966067864271456,0.9840636365554671
752,0.1534431137724551,0.999999994800117
753,0.17564870259481039,0.9999042063671485
754,0.0007485029940119761,0.0
755,0.3315868263473054,0.9460443399350946
756,0.30763473053892215,0.9999995350888772
757,0.344311377245509,0.9686142752251002
758,0.16766467065868262,0.9595810723409018
759,0.0037425149700598802,0.6896528584192114
760,0.48303393213572854,0.9999999218590863
761,0.000249500998003992,1.605801143403442e-05
762,0.4922654690618763,0.9385217767469186
763,0.000998003992015968,0.6653280017881997
764,0.003992015968063872,0.7484889788335372
765,0.4935129740518962,0.9999999964840156
766,0.000499001996007984,0.0
768,0.000249500998003992,0.0
769,0.4937624750499002,0.9999999974023857
770,0.49426147704590817,0.9999903533249095
771,0.49426147704590817,0.9999999076991622
772,0.4937624750499002,0.9999999974023843
773,0.4937624750499002,0.999999997402381
774,0.4945109780439122,0.9999998847612537
775,0.00873253493013972,0.9997970844379004
776,0.4940119760479042,0.9999999368091815
777,0.32984031936127745,0.9999973542846703
778,0.051646706586826345,0.5752057399615097
779,0.013722554890219561,0.9914089714118681
780,0.312874251497006,0.9999995709395523
782,0.4940119760479042,0.9999999811103314
783,0.49326347305389223,0.9998086928395552
784,0.4937624750499002,0.9999999998121949
785,0.4940119760479042,0.9999999818771131
786,0.004491017964071856,0.923740560002034
787,0.4937624750499002,0.9999999998121996
788,0.01746506986027944,0.9996457573649531
789,0.4937624750499002,0.9999999998122004
790,0.000499001996007984,0.5177601233205429
791,0.4940119760479042,0.9999999811919732
792,0.000249500998003992,0.0
793,0.13547904191616766,0.9625713215844977
794,0.0007485029940119681,0.0
795,0.4977544910179641,0.9691715222426931
796,0.49925149700598803,0.9992308770116753
797,0.3348303393213573,0.9823627934998835
798,0.14645708582834333,0.9999999919706406
799,0.33083832335329344,0.9999999880004062
800,0.000499001996007984,0.0
801,0.0007485029940119761,0.0
802,0.43737524950099804,0.9999997745968545
803,0.000249500998003992,0.0
804,0.14620758483033933,0.9999999988222692
805,0.00499001996007984,0.48927077735402996
806,0.14595808383233533,0.9999999963074697
807,0.04141716566866267,0.7069325329492585
808,0.003493013972055888,0.1692328616891991
809,0.49076846307385225,0.9980741623438333
810,0.14620758483033933,0.9999887035387505
811,0.23927145708582834,0.9695845232782134
812,0.0007485029940119761,0.0
813,0.000249500998003992,0.0
814,0.14620758483033933,0.9999270704355342
815,0.000499001996007984,0.0
816,0.48927145708582837,0.999996348491748
817,0.000499001996007984,0.0
818,0.021956087824351298,0.18681841375395744
819,0.000249500998003992,0.0
820,0.43687624750499,0.9999997823268337
821,0.00124750499001996,0.3319807328530682
822,0.000249500998003992,0.0
823,0.3096307385229541,0.997530657453855
824,0.000249500998003992,0.0
825,0.45708582834331335,0.9963826977279241
826,0.437125748502994,0.9999864418633675
827,0.000249500998003992,0.0
828,0.0007485029940119761,0.9999999758491852
829,0.16766467065868262,0.9855268437371516
830,0.43313373253493015,0.9914561745754604
831,0.002245508982035928,0.9989035780548045
832,0.0027445109780439123,0.9999819337074198
833,0.000249500998003992,0.0
834,0.0014970059880239522,0.0
835,0.06636726546906188,0.7398944863206152
836,0.000249500998003992,0.0
837,0.11152694610778444,0.9801206145967889
838,0.0029940119760479044,5.300965732941875e-07
839,0.002245508982035928,0.0
840,0.27894211576846306,0.9994039376821084
841,0.0037425149700598802,0.541962721218531
842,0.30988023952095806,0.9994976635169782
843,0.000499001996007984,0.517760128949248
844,0.004491017964071856,0.48831620468298365
845,0.2786926147704591,0.9999988549159068
846,0.000249500998003992,0.0
847,0.2779441117764471,0.9993235949515481
848,0.31037924151696605,0.9999946100702024
849,0.03243512974051896,0.5619098260123985
850,0.000249500998003992,9.405436507067353e-06
851,0.003243512974051896,0.8021474368615323
852,0.18887225548902195,0.9845326374027845
853,0.00249500998003992,0.0
854,0.00249500998003992,0.0
855,0.000249500998003992,0.0
856,0.17440119760479042,0.9999992740712772
857,0.16516966067864272,0.9999981265419525
858,0.000249500998003992,0.0
859,0.001996007984031936,0.0
860,0.000998003992015968,0.0
861,0.001996007984031936,0.6653331433952071
862,0.1906187624750499,0.9998869429443824
864,0.0007485029940119761,0.0
865,0.19835329341317365,0.9736146471397503
866,0.19835329341317365,0.9999975190146786
867,0.015469061876247504,0.9954572533250609
868,0.023453093812375248,0.6152747171994324
869,0.12874251497005987,0.9804646664650218
870,0.000249500998003992,0.0
871,0.0027445109780439123,0.9999819337071967
872,0.00124750499001996,0.0003199032550406397
873,0.16392215568862276,0.985930963529528
874,0.035179640718562874,0.9974641586401674
875,0.08383233532934131,0.8738308180806904
876,0.156936127744511,0.9849663890146696
877,0.000499001996007984,0.0
878,0.0029940119760479044,0.6928197869151641
879,0.17889221556886228,0.9769413961086281
880,0.000249500998003992,0.0
881,0.000249500998003992,0.0
883,0.29191616766467066,0.9780505529808879
884,0.00124750499001996,0.9999920705568682
885,0.006986027944111776,0.9999963900413028
886,0.021706586826347306,0.5433250931989161
887,0.00249500998003992,0.001990169927900156
888,0.000249500998003992,0.0
889,0.022704590818363273,0.8148138940029801
890,0.000998003992015968,0.0
892,0.22854291417165667,0.9399162678103158
893,0.00124750499001996,0.4986960601842496
894,0.000499001996007984,0.0
895,0.000499001996007984,0.0
896,0.000249500998003992,0.0
897,0.000998003992015968,0.0484194141122892
898,0.000499001996007984,0.0
899,0.003493013972055888,0.8949102538690197
900,0.0007485029940119761,0.32096704124959247
901,0.10304391217564868,0.9935696407443773
902,0.000249500998003992,0.0
903,0.000249500998003992,0.0
904,0.000249500998003992,0.0
905,0.014471057884231538,0.5545774420855099
906,0.000249500998003992,0.0
907,0.003992015968063872,0.0
908,0.000249500998003992,0.0
909,0.10853293413173648,0.9574537568321656
910,0.000499001996007984,0.0
911,0.3088822355289421,0.9947157338980877
912,0.000499001996007984,0.0
913,0.47155688622754494,0.9682691063088136
914,0.001996007984031936,0.007528602109285912
915,0.000249500998003992,0.0
916,0.000499001996007984,0.0
917,0.002245508982035928,0.03390687950959036
918,0.0007485029940119761,0.0
919,0.4653193612774451,0.9999797471310534
920,0.000249500998003992,0.0
921,0.01971057884231537,0.32404498383578495
922,0.001996007984031936,0.00019182779932037502
923,0.003243512974051896,0.0
924,0.000249500998003992,0.0
925,0.000249500998003992,0.0
926,0.0037425149700598802,0.8202298208447667
927,0.4101796407185629,0.9597499843698528
928,0.47030938123752497,0.984167725438114
929,0.000249500998003992,0.0
930,0.006487025948103792,0.5177949210847426
931,0.0037425149700598802,0.9680354337656992
932,0.3101297405189621,0.9999663232926554
933,0.31636726546906185,0.9999985867375765
934,0.023453093812375248,0.6511230741824989
935,0.000249500998003992,0.0
936,0.000249500998003992,0.0
937,0.000249500998003992,1.9143281955595142e-05
938,0.00124750499001996,0.9999997442593141
939,0.007984031936127744,0.0
940,0.0007485029940119761,0.0
941,0.000249500998003992,0.0
942,0.000249500998003992,0.0
943,0.0007485029940119761,0.0
944,0.3058882235528942,0.9953974914509126
945,0.0054890219560878245,0.0005724173050487398
946,0.46357285429141715,0.999284286962529
948,0.000249500998003992,0.0
949,0.28817365269461076,0.997775452653793
950,0.02719560878243513,0.9800832123974407
951,0.000249500998003992,0.0
952,0.10703592814371254,0.9409257094721595
953,0.000499001996007984,0.0
954,0.000249500998003992,0.0
955,0.000249500998003992,0.0
956,0.1803892215568862,0.8766079158771674
957,0.0007485029940119761,0.0
958,0.00249500998003992,0.9673496148626177
959,0.4633233532934132,0.9999995907304647
960,0.000249500998003992,0.0
961,0.0029940119760479044,0.17227944895902444
962,0.000249500998003992,0.0
963,0.05588822355289421,0.4599070055575795
964,0.27669660678642716,0.9609012984210721
965,0.0014970059880239522,0.0
966,0.2934131736526946,0.9475022243566307
967,0.006986027944111776,0.9993910078049306
968,0.000249500998003992,0.0
969,0.37200598802395207,0.9561162565609581
970,0.000249500998003992,0.0
971,0.38173652694610777,0.973974617649823
972,0.000249500998003992,0.0
973,0.000249500998003992,0.0
974,0.10404191616766467,0.333369469475353
975,0.000249500998003992,0.0
976,0.007984031936127744,0.05144464231821972
977,0.28892215568862273,0.7633204006312329
978,0.013223552894211578,0.9484842674038692
979,0.000499001996007984,4.021302170576641e-06
980,0.000499001996007984,0.0
981,0.22929141716566867,0.9518116118696569
982,0.07709580838323353,0.9535319443244862
983,0.000249500998003992,0.0
984,0.0780938123752495,0.9670817672537257
985,0.0783433133732535,0.9976050798051321
986,0.24276447105788423,0.9639489340220578
987,0.0007485029940119761,0.0
988,0.000499001996007984,0.49899798831840086
989,0.00124750499001996,0.0
990,0.0014970059880239522,0.0
991,0.000249500998003992,0.0
992,0.12949101796407186,0.8685426297822273
993,0.03567864271457086,0.9999999974241798
994,0.000998003992015968,0.0
995,0.035429141716566866,0.9999551916573185
996,0.000499001996007984,0.0
997,0.09655688622754491,0.9999999894717333
998,0.09655688622754491,0.9999999894717309
999,0.000249500998003992,0.0
1000,0.008982035928143712,0.4118632393379876
1001,0.000499001996007984,0.0
1002,0.02245508982035928,0.9999530973411569
1003,0.000249500998003992,0.0
1004,0.010978043912175649,0.4802556116220531
1005,0.001746506986027944,0.498999034686997
1006,0.026447105788423155,0.0330455866227675
1007,0.000499001996007984,0.0
1008,0.15244510978043913,0.9999999091732877
1009,0.16192614770459082,0.9999999345898036
1010,0.20733532934131738,0.968960130450368
1011,0.000249500998003992,9.346785311541593e-06
1012,0.000249500998003992,0.0
1013,0.0007485029940119761,0.0
1014,0.14471057884231536,0.9946160866514899
1015,0.1372255489021956,0.975145338773553
1016,0.1372255489021956,0.9943623202336614
1017,0.007235528942115769,0.6991519594158844
1018,0.11826347305389222,0.993388867728437
1019,0.1372255489021956,0.9950303810109257
1020,0.00499001996007984,0.10810710820112503
1021,0.000249500998003992,0.0
1022,0.13847305389221556,0.9959263668003554
1023,0.001996007984031936,0.0
1024,0.13872255489021956,0.9229081634031923
1025,0.13872255489021956,0.9909415545978726
1026,0.13897205588822356,0.9925679730837049
1027,0.011477045908183632,0.944748801145732
1028,0.13947105788423153,0.9779860720937378
1029,0.001996007984031936,0.8364916115715334
1030,0.13597804391217566,0.9968461573632283
1031,0.0656187624750499,0.9999163694080632
1032,0.13922155688622753,0.9973500458757026
1033,0.0007485029940119761,0.0
1034,0.000499001996007984,0.33172324985023643
1035,0.0656187624750499,0.9999999636435183
1036,0.0656187624750499,0.9999999636433207
1037,0.15494011976047903,0.997792603830532
1038,0.000249500998003992,0.0
1039,0.0007485029940119761,0.0
1040,0.15568862275449102,0.9976617528907942
1041,0.15518962075848303,0.9963014244984113
1042,0.000249500998003992,9.991450758726824e-06
1043,0.01472055888223553,0.9999999482954212
1044,0.08058882235528943,0.9974401222021206
1045,0.000249500998003992,0.0
1046,0.01472055888223553,0.99999994829542
1047,0.0007485029940119761,0.0
1048,0.0042415169660678645,0.23776237391947688
1049,0.000249500998003992,0.0
1050,0.08982035928143713,0.9999965570411123
1051,0.008982035928143712,0.9822103786377274
1052,0.000249500998003992,0.0
1053,0.015968063872255488,0.9999800593201797
1054,0.000499001996007984,0.0
1055,0.0718562874251497,0.9920194816159856
1056,0.022954091816367265,0.9742352272791996
1057,0.0014970059880239522,0.49899641722943805
1058,0.000249500998003992,0.0
1059,0.000249500998003992,0.0
1060,0.2155688622754491,0.9602619517163953
1061,0.015718562874251496,0.8870544785314286
1062,0.01472055888223553,0.9999966934609344
1063,0.45484031936127745,0.7374822189503392
1064,0.000499001996007984,0.0
1065,0.0845808383233533,0.9999828646636758
1066,0.14795409181636726,0.9999786183422354
1067,0.000249500998003992,8.132093222247754e-06
1068,0.022704590818363273,0.9999978660139495
1069,0.06611776447105788,0.9999939489739371
1070,0.02719560878243513,0.8981658003026948
1071,0.0007485029940119761,0.0
1072,0.07659680638722555,0.9419685333517066
1073,0.07634730538922156,0.9999990439150912
1074,0.19386227544910178,0.9713880561751538
1075,0.004491017964071856,0.0
1076,0.000249500998003992,0.0
1077,0.003243512974051896,0.013296220314695783
1078,0.17290419161676646,0.9992862660851185
1079,0.00998003992015968,0.04355259642489609
1080,0.001996007984031936,0.0
1081,0.0686127744510978,0.992153657469368
1082,0.0007485029940119761,0.0
1083,0.003992015968063872,0.9708315765856746
1084,0.029940119760479042,0.994512058932979
1085,0.000998003992015968,0.0
1086,0.01621756487025948,0.9999999973437899
1087,0.05389221556886228,0.9999999989521462
1088,0.05414171656686627,0.9999999693360364
1089,0.05389221556886228,0.999999998952152
1090,0.062624750499002,0.9998859399692255
1091,0.016966067864271458,0.7227040895570551
1093,0.000249500998003992,0.0
1094,0.0042415169660678645,0.6840730932081337
1095,0.05389221556886228,0.9999999989521497
1096,0.05314371257485029,0.38577291008982456
1097,0.05464071856287425,0.9999999732116724
1098,0.05389221556886228,0.9999999989521509
1099,0.05414171656686627,0.9999400456887405
1100,0.05389221556886228,0.9999999989521484
1101,0.01621756487025948,0.9999999973437952
1102,0.003493013972055888,0.13779598214761357
1103,0.015968063872255488,0.99999995303723
1104,0.021457085828343315,0.9923356123243781
1105,0.005738522954091816,0.17517718772479998
1106,0.3231037924151697,0.7087500476992813
1107,0.025199600798403193,0.7421252369428082
1108,0.0007485029940119761,0.9999999945524389
1109,0.00124750499001996,0.0
1110,0.341566866267465,0.7682474099862063
1111,0.008233532934131737,0.9910695386461458
1112,0.3532934131736527,0.7210759365885682
1113,0.000499001996007984,4.037147544663276e-06
1114,0.0042415169660678645,0.0981925440660897
1115,0.000249500998003992,0.0
1116,0.056387225548902194,0.6587573770138889
1117,0.000249500998003992,0.0
1118,0.000499001996007984,0.0
1119,0.000249500998003992,0.0
1120,0.005239520958083832,0.9673763160673863
1121,0.043912175648702596,0.9571771827064676
1122,0.03967065868263473,0.8584459362145996
1123,0.000499001996007984,0.0
1124,0.04790419161676647,0.6768941245065114
1125,0.11801397205588822,0.6362697772392272
1126,0.06911177644710578,0.6339561131027288
1127,0.000499001996007984,0.0
1128,0.041916167664670656,0.9413171087120402
1129,0.000499001996007984,0.0
1130,0.0054890219560878245,0.0
1131,0.000998003992015968,0.0
1132,0.0014970059880239522,0.9999999912432009
1133,0.002245508982035928,0.00015538228915396016
1134,0.45259481037924154,0.8035858086428913
1136,0.0124750499001996,0.7007059016052901
1137,0.016716566866267466,0.9445085513624945
1138,0.000499001996007984,2.255055667573896e-05
1139,0.000499001996007984,0.0
1140,0.0014970059880239522,0.0
1141,0.005738522954091816,0.2685021403834881
1142,0.10553892215568862,0.9978343768054502
1143,0.000249500998003992,0.0
1144,0.006487025948103792,0.9999999620547947
1145,0.2759481037924152,0.9976407820691655
1146,0.000499001996007984,0.0
1147,0.16766467065868262,0.9882062953424341
1148,0.3929640718562874,0.9810421465439627
1149,0.11501996007984032,0.999583014255291
1150,0.0656187624750499,0.9999997511168065
1151,0.11526946107784432,0.9722466942474663
1152,0.09755489021956087,0.9999999587700044
1153,0.000499001996007984,0.0
1154,0.03218562874251497,0.8631402388176023
1156,0.000499001996007984,0.0
1157,0.0014970059880239522,0.0
1158,0.017964071856287425,0.5799193699554793
1159,0.3196107784431138,0.7092382226913373
1160,0.000249500998003992,0.0
1161,0.0014970059880239522,0.0
1162,0.003243512974051896,0.0
1163,0.003243512974051896,0.0
1164,0.000499001996007984,0.0
1165,0.0593812375249501,0.9243672795481207
1166,0.000499001996007984,0.13618277067850573
1167,0.16716566866267465,0.9756900202179623
1169,0.07160678642714571,0.9220399941239803
1170,0.0007485029940119761,0.0
1171,0.013223552894211578,0.15887538788292227
1172,0.009231536926147704,0.39267168343064096
1173,0.05888223552894212,0.9645609089361129
1174,0.08932135728542914,0.9291038238325408
1175,0.000249500998003992,1.8487377788326827e-05
1177,0.005239520958083832,0.04460477293116492
1178,0.4471057884231537,0.9589071517969598
1179,0.000249500998003992,0.0
1180,0.08033932135728543,0.9022175290029428
1181,0.3680139720558882,0.9983452718731652
1182,0.000499001996007984,0.0
1183,0.000249500998003992,0.0
1184,0.2717065868263473,0.9993894148621494
1185,0.3962075848303393,0.9999987283752826
1186,0.3962075848303393,0.9999987283750033
1187,0.045409181636726546,0.8359813977191137
1188,0.39496007984031933,0.9914260042151585
1189,0.02944111776447106,0.7193441799698721
1190,0.16192614770459082,0.9715414279982815
1191,0.39545908183632733,0.9949609960271362
1192,0.000998003992015968,0.0
1193,0.017714570858283433,0.9966257852502283
1194,0.000249500998003992,0.0
1195,0.35454091816367267,0.9989309076145907
1196,0.02869261477045908,0.9987380208676686
1197,0.37624750499001997,0.9939363560941448
1198,0.004740518962075849,8.118173668086764e-06
1199,0.36102794411177647,0.9916433896429308
1201,0.3872255489021956,0.9999993735416883
1202,0.003992015968063872,0.08908620027115588
1203,0.37624750499001997,0.9999934244418145
1204,0.000249500998003992,0.0
1205,0.4094311377245509,0.9646732324381426
1206,0.35429141716566864,0.9998538444461543
1207,0.35454091816367267,0.9999843280016281
1208,0.003493013972055888,0.3309356550009568
1209,0.011726546906187624,0.5307062131742608
1210,0.00124750499001996,0.7372198416766117
1211,0.3537924151696607,0.9911483620848855
1212,0.000249500998003992,0.0
1213,0.0007485029940119761,0.0
1214,0.006986027944111776,0.3903469202731745
1215,0.4026946107784431,0.9948870048112756
1216,0.3630239520958084,0.9824126880141716
1217,0.000249500998003992,0.0
1218,0.28293413173652693,0.9773370408134127
1219,0.011726546906187624,0.530706222124168
1220,0.23203592814371257,0.9881142079402695
1221,0.2405189620758483,0.9999905638216713
1222,0.2774451097804391,0.999999996521407
1223,0.27669660678642716,0.9999994971117195
1224,0.000249500998003992,0.0
1225,0.000249500998003992,0.0
1226,0.2759481037924152,0.9999998646364993
1227,0.27569860279441116,0.9904330636334132
1228,0.16392215568862276,0.9837544011692423
1229,0.2776946107784431,0.9999956098541449
1230,0.2774451097804391,0.9999962275412875
1231,0.27719560878243515,0.9999952880917374
1232,0.000499001996007984,0.0
1233,0.2776946107784431,0.99999976574854
1234,0.27619760479041916,0.999999943012264
1235,0.001746506986027944,0.4989881471296146
1236,0.3221057884231537,0.9974664919599384
1237,0.21656686626746507,0.9880822939790604
1238,0.22080838323353294,0.9885829458106312
1239,0.0376746506986028,0.8103648486991715
1240,0.18537924151696608,0.9986579138414049
1241,0.03493013972055888,0.8054132036790421
1242,0.004491017964071856,0.5950513276057511
1243,0.24525948103792417,0.9942141767065938
1244,0.0007485029940119761,0.0
1245,0.000499001996007984,0.0
1246,0.2213073852295409,0.9744206697015524
1247,0.0037425149700598802,0.44330103861763415
1248,0.0042415169660678645,0.952051263964101
1249,0.04266467065868264,0.7923541370274072
1250,0.26497005988023953,0.9527739230617607
1251,0.0014970059880239522,0.0
1252,0.01472055888223553,0.8130634758960635
1253,0.2345309381237525,0.9764567801453079
1254,0.005988023952095809,0.6737732398783766
1255,0.17115768463073852,0.999629689881824
1256,0.17115768463073852,0.9996296898818202
1257,0.000998003992015968,5.521197800435137e-06
1258,0.0037425149700598802,0.0
1259,0.000998003992015968,0.0
1260,0.1751497005988024,0.9644969611196883
1261,0.30988023952095806,0.9010589799578601
1262,0.003243512974051896,0.652601015030722
1263,0.0007485029940119761,0.0
1264,0.0029940119760479044,0.42178821124326216
1265,0.03218562874251497,0.7259374593052317
1266,0.16417165668662675,0.9834389362027974
1267,0.000249500998003992,6.0789908892113864e-05
1268,0.15169660678642716,0.9960653254248454
1269,0.003243512974051896,0.4915096444279467
1270,0.1312375249500998,0.9571232084426752
1271,0.27844311377245506,0.988887299228276
1272,0.000998003992015968,0.0
1273,0.000499001996007984,2.7835307123743836e-06
1274,0.005988023952095809,0.6466604618369043
1275,0.1534431137724551,0.999908702982008
1276,0.000249500998003992,9.83752777825412e-05
1278,0.00124750499001996,0.0
1279,0.000249500998003992,0.0
1280,0.1534431137724551,0.9999087029819438
1281,0.1534431137724551,0.99990870298202
1282,0.1501996007984032,0.999661326300586
1283,0.3221057884231537,0.9958850631193343
1284,0.13298403193612773,0.9999844894599837
1285,0.05688622754491018,0.9285033474019471
1286,0.15144710578842316,0.9999990998335443
1287,0.4608283433133733,0.989608501373996
1288,0.14246506986027943,0.9999920466430607
1289,0.03567864271457086,0.9627694458548819
1290,0.013722554890219561,0.5084857182121235
1291,0.1442115768463074,0.9999387132432477
1292,0.10204590818363274,0.9524385519862275
1293,0.15518962075848303,0.9999335045999734
1294,0.0037425149700598802,0.40861902958298546
1295,0.1472055888223553,0.999981768035792
1296,0.0656187624750499,0.8161279597538356
1297,0.32110778443113774,0.9964477725490963
1298,0.00249500998003992,0.0
1299,0.000499001996007984,0.0
1300,0.313872255489022,0.9989146132333536
1301,0.4625748502994012,0.9943679010145512
1302,0.000499001996007984,0.0
1303,0.47130738522954096,0.997187883478255
1304,0.46107784431137727,0.9979425328659142
1305,0.000998003992015968,0.0
1306,0.009231536926147704,0.9999951580742741
1307,0.05389221556886228,0.5938649789103768
1308,0.000249500998003992,0.0
1309,0.3403193612774451,0.9585523325365329
1310,0.043912175648702596,0.8446475273647844
1311,0.000499001996007984,0.0
1312,0.406936127744511,0.9723070340412386
1313,0.0014970059880239522,0.0
1314,0.000249500998003992,0.0
1315,0.45758483033932135,0.9752850544358382
1316,0.000499001996007984,0.0
1317,0.41317365269461076,0.9984117357528983
1318,0.41467065868263475,0.9932132397037438
1319,0.004740518962075849,0.32082040177580357
1320,0.000249500998003992,0.0
1321,0.4134231536926148,0.9924855243476914
1322,0.4268962075848303,0.9827967710978296
1323,0.40344311377245506,0.9871421964177127
1324,0.000998003992015968,4.020198150624362e-06
1325,0.008982035928143712,0.27750073150477084
1326,0.001746506986027944,2.5638380836427306e-05
1327,0.000499001996007984,0.5005647231197997
1328,0.000499001996007984,0.0
1329,0.028942115768463075,0.9996144106704068
1330,0.006736526946107785,0.9946800496433216
1331,0.4001996007984032,0.9367393924516568
1332,0.11327345309381237,0.9268159704786701
1333,0.029191616766467067,0.9999959327626531
1334,0.38622754491017963,0.991002225580255
1335,0.0007485029940119761,0.0
1336,0.43912175648702595,0.9943037803917343
1337,0.000249500998003992,0.0
1338,0.00998003992015968,0.6419851383593376
1339,0.4431137724550898,0.9978133766876803
1340,0.000249500998003992,0.0
1341,0.000249500998003992,0.0
1342,0.03243512974051896,0.7076090941772967
1343,0.0042415169660678645,0.08287943485347925
1344,0.0054890219560878245,0.9987953740431889
1345,0.000499001996007984,0.0
1346,0.0007485029940119761,0.0
1347,0.0014970059880239522,0.0
1348,0.12574850299401197,0.8334761284432283
1349,0.0007485029940119761,0.0
1350,0.0042415169660678645,0.0
1351,0.000249500998003992,0.0
1352,0.000998003992015968,0.0
1353,0.38298403193612773,0.9999378349978664
1354,0.4448602794411178,0.9911046759973003
1355,0.03243512974051896,0.8666608160909631
1356,0.0029940119760479044,0.0
1357,0.4398702594810379,0.9999888932680823
1358,0.005738522954091816,0.2898950161419147
1359,0.11452095808383234,0.9999904131134729
1360,0.000499001996007984,0.0
1361,0.39620758483033935,0.9915846695305818
1362,0.000499001996007984,0.0
1363,0.11452095808383234,0.9999904131148842
1364,0.000998003992015968,0.9999999999155664
1365,0.3690119760479042,0.9985478500514015
1366,0.005738522954091816,0.1308209345545048
1367,0.000499001996007984,0.0
1368,0.4408682634730539,0.9999991897473437
1369,0.4416167664670659,0.999984095866497
1370,0.44136726546906185,0.9998397402650118
1371,0.4139221556886228,0.99215859571268
1372,0.4411177644710579,0.9999835340377806
1373,0.04216566866267465,0.7981669969423827
1374,0.0007485029940119761,0.0
1375,0.0007485029940119761,0.0
1376,0.000998003992015968,0.0
1377,0.4416167664670659,0.9998994704472043
1378,0.0007485029940119761,0.0
1379,0.030439121756487025,0.9983097218033631
1380,0.13273453093812376,0.8836031618084489
1381,0.14845309381237526,0.9222138170772957
1382,0.000249500998003992,0.0
1383,0.0054890219560878245,0.9872067886290998
1384,0.0054890219560878245,0.987206786619606
1385,0.000499001996007984,0.0
1386,0.1339820359281437,0.6858914408021514
1387,0.08582834331337326,0.9204750859762043
1388,0.08607784431137724,0.9728533855225923
1389,0.000499001996007984,0.0
1390,0.08657684630738523,0.9997534149693174
1391,0.000249500998003992,0.0
1392,0.39271457085828343,0.9269718712106475
1393,0.000249500998003992,0.0
1395,0.000249500998003992,8.056344644581144e-06
1396,0.000998003992015968,0.0
1397,0.2856786427145709,0.9427204147741935
1398,0.000249500998003992,0.0
1399,0.002245508982035928,0.7468948934921366
1400,0.001996007984031936,0.4414480932067293
1401,0.09530938123752496,0.9946929245180703
1402,0.004740518962075849,0.29228555349200375
1403,0.49201596806387227,0.983049486709775
1404,0.09705588822355289,0.9508865556777668
1405,0.003992015968063872,0.4988790727943691
1406,0.10454091816367266,0.9069663566923047
1407,0.4835329341317365,0.9998034006804817
1408,0.08582834331337326,0.9730349928813451
1409,0.00249500998003992,0.5087738336510075
1410,0.4458582834331337,0.9620983006961593
1411,0.000499001996007984,0.28484672135602324
1412,0.008483033932135729,0.9999998209524961
1413,0.42465069860279436,0.9979325491829788
1414,0.008483033932135729,0.9999998209344034
1415,0.09456087824351297,0.9595011510677319
1416,0.003493013972055888,0.9879757972101827
1417,0.040169660678642714,0.7830756599483932
1418,0.43313373253493015,0.9979817620966547
1419,0.001996007984031936,0.0
1420,0.003243512974051896,0.10932973319659475
1421,0.000998003992015968,0.0
1422,0.4301397205588823,0.9981964534806463
1423,0.10204590818363274,0.9635410107045677
1424,0.0014970059880239522,0.0
1425,0.35803393213572854,0.984356494693883
1426,0.4194111776447106,0.9917015579530201
1427,0.47904191616766467,0.9920100999129676
1428,0.0499001996007984,0.99688038208155
1429,0.09131736526946108,0.9417637069055274
1430,0.41891217564870264,0.9928028097472851
1431,0.39945109780439125,0.9998921585192999
1432,0.3999500998003992,0.9915089117531998
1433,0.3999500998003992,0.9999194831887505
1434,0.37649700598802394,0.9856821801947483
1435,0.01222554890219561,0.6410261622385771
1436,0.000249500998003992,0.0
1437,0.49875249500998003,0.9971284914972248
1438,0.000499001996007984,0.0
1439,0.0499001996007984,0.9968803820249181
1440,0.000998003992015968,0.0
1441,0.3989520958083832,0.9998119262220213
1442,0.000249500998003992,0.0
1443,0.10354291417165669,0.9844303546165054
1444,0.0249500998003992,0.968373862889671
1445,0.0007485029940119761,0.0
1446,0.19261477045908185,0.893555276996105
1447,0.000249500998003992,3.861124094004519e-06
1448,0.405938123752495,0.9965912510012019
1449,0.000249500998003992,0.0
1450,0.000499001996007984,0.0
1451,0.11501996007984032,0.9813633632714474
1452,0.11477045908183632,0.9996969905313183
1453,0.0029940119760479044,0.0
1454,0.10578842315369262,0.999991168060645
1455,0.017714570858283433,0.8879179618219837
1456,0.000249500998003992,0.9999994494309202
1457,0.000249500998003992,0.9999994494313346
1458,0.00124750499001996,0.0
1459,0.1155189620758483,0.9815120851415778
1460,0.11477045908183632,0.9978850408964293
1461,0.11501996007984032,0.9999964418280759
1462,0.003493013972055888,0.0
1463,0.001996007984031936,0.9798948411833922
1464,0.30164670658682635,0.9999962046286867
1465,0.11501996007984032,0.999996441858536
1466,0.11501996007984032,0.9999964418585355
1467,0.000499001996007984,0.0
1468,0.006487025948103792,0.9980753177744522
1469,0.000998003992015968,0.999999994918211
1470,0.3013972055888223,0.9999996945705529
1471,0.00124750499001996,0.0
1472,0.48228542914171657,0.9924301543507897
1473,0.11477045908183632,0.9883243837908503
1474,0.01347305389221557,0.7822585565187843
1475,0.11402195608782435,0.9999999965322832
1476,0.000249500998003992,1.7234040393865107e-05
1477,0.027694610778443114,0.9993196369865366
1478,0.4229041916167665,0.9999964989531048
1479,0.11377245508982035,0.9999996702696742
1480,0.000249500998003992,0.0
1481,0.000249500998003992,0.0
1482,0.000249500998003992,0.0
1483,0.1122754491017964,0.9999999910999895
1484,0.11526946107784432,0.9999999722254169
1485,0.48303393213572854,0.9993939460700244
1486,0.4216566866267465,0.9999999073199476
1487,0.0062375249500998,0.344721158814609
1488,0.0037425149700598802,0.0
1489,0.10079840319361277,0.9950345741590543
1490,0.10079840319361277,0.995034575934882
1491,0.00249500998003992,0.897950991880872
1492,0.006487025948103792,0.14261486778018503
1493,0.003493013972055888,0.0
1494,0.000499001996007984,0.0
1495,0.001746506986027944,0.9999999597392895
1496,0.10079840319361277,0.995034575934697
1497,0.0374251497005988,0.9995192709663663
1498,0.000499001996007984,0.0
1499,0.0374251497005988,0.9995192705272039
1500,0.03917165668662675,0.993730881258982
1501,0.17939121756487025,0.9873057810005508
1502,0.22030938123752494,0.9999850741559615
1503,0.001746506986027944,0.0
1504,0.001996007984031936,0.0
1505,0.03917165668662675,0.9937308780564031
1506,0.008483033932135729,0.6736736480014696
1507,0.19860279441117765,0.9999269829327998
1508,0.000499001996007984,0.0
1509,0.1125249500998004,0.9999999997885303
1510,0.22005988023952097,0.9999307847740464
1511,0.22005988023952097,0.9995920006936366
1512,0.22005988023952097,0.9999307847745338
1513,0.000998003992015968,0.0
1514,0.005239520958083832,0.0
1515,0.00124750499001996,0.116260446715078
1516,0.000249500998003992,0.0
1517,0.022954091816367265,0.9991834079590685
1518,0.1220059880239521,0.9906144544782441
1520,0.32110778443113774,0.9715689282379532
1521,0.000249500998003992,0.0
1522,0.000249500998003992,0.0
1523,0.1125249500998004,0.9821224126360072
1524,0.046906187624750496,0.9907035171001171
1525,0.027944111776447105,0.9985512416164747
1526,0.046906187624750496,0.9907035195632805
1527,0.14770459081836326,0.9947778573315393
1528,0.046906187624750496,0.9907035072474928
1529,0.046906187624750496,0.9907035171001405
1531,0.04715568862275449,0.9544595964923049
1532,0.10054890219560879,0.9835606903824466
1533,0.03942115768463074,0.9501134522020609
1534,0.14471057884231536,0.9955180123792687
1535,0.0014970059880239522,0.0
1536,0.1437125748502994,0.9990732971325602
1537,0.0062375249500998,8.093990470719412e-06
1538,0.000249500998003992,0.0
1539,0.09481037924151696,0.9820536554786421
1540,0.000499001996007984,0.0
1541,0.0007485029940119761,0.0
1542,0.015469061876247504,0.42906483280332747
1543,0.125249500998004,0.9635567447019392
1544,0.001996007984031936,0.0
1545,0.0027445109780439123,0.0
1546,0.12574850299401197,0.9982882530918543
1547,0.0037425149700598802,0.9878085238532299
1548,0.000249500998003992,0.0
1549,0.009231536926147704,0.7848640690591762
1550,0.125499001996008,0.9999947584439419
1551,0.000998003992015968,0.4989981020990616
1552,0.10578842315369262,0.9321129041324352
1553,0.07035928143712575,0.9832321192483562
1554,0.125249500998004,0.9999808383537163
1555,0.010728542914171657,0.7254855246095401
1556,0.12375249500998003,0.9591723905270556
1557,0.000249500998003992,0.0
1558,0.000249500998003992,0.0
1559,0.000249500998003992,0.0
1560,0.14595808383233533,0.9997646288802525
1561,0.09530938123752496,0.9443950861436189
1562,0.008483033932135729,0.7985142648122062
1563,0.035179640718562874,0.7938093243535703
1564,0.0029940119760479044,0.0
1565,0.00124750499001996,0.0
1566,0.0007485029940119761,0.0
1567,0.12300399201596807,0.9788606268828559
1568,0.42240518962075846,0.9035892274149657
1569,0.00873253493013972,0.9790692261587346
1570,0.011726546906187624,0.5681807083994704
1571,0.01122754491017964,0.9116734992211837
1572,0.000249500998003992,0.0
1573,0.2786926147704591,0.8468725705432429
1574,0.017964071856287425,0.8064392930422266
1575,0.026696606786427147,0.9094398624415709
1576,0.0007485029940119761,0.0
1577,0.4560878243512974,0.9550886076302294
1578,0.4655688622754491,0.9300688766192634
1579,0.02719560878243513,0.9999999889277913
1580,0.00499001996007984,0.99896183544871
1581,0.00124750499001996,0.9999999999878406
1582,0.036676646706586824,0.9440450736235623
1583,0.023203592814371257,0.9998051389834904
1584,0.19286427145708582,0.9907298298208248
1585,0.02694610778443114,0.9999999927827115
1587,0.00873253493013972,0.26833716700461463
1588,0.06412175648702595,0.9723586146017972
1589,0.03218562874251497,0.9506058342525661
1590,0.015718562874251496,0.7025653619891613
1591,0.00124750499001996,0.9999999999878408
1592,0.19136726546906188,0.9906015335176661
1593,0.000998003992015968,0.0
1594,0.0007485029940119761,0.0
1595,0.0007485029940119761,0.0
1596,0.11202594810379242,0.9999761766370323
1597,0.0074850299401197605,0.5082317796906171
1598,0.0054890219560878245,0.0
1600,0.000249500998003992,0.0
1601,0.000499001996007984,0.0
1602,0.000249500998003992,0.0
1603,0.0406686626746507,0.9999999983368366
1604,0.10254491017964072,0.9736469111780353
1605,0.3370758483033932,0.8820049307030754
1607,0.040419161676646706,0.9999999981616774
1608,0.04141716566866267,0.9999999632897051
1609,0.040419161676646706,0.9999999975225418
1610,0.33258483033932135,0.9753125159166398
1611,0.040419161676646706,0.9999999981616765
1612,0.040419161676646706,0.9999999981616778
1613,0.040419161676646706,0.9999999981616765
1614,0.040419161676646706,0.9999999981616741
1615,0.0027445109780439123,0.3325029266483091
1617,0.3241017964071856,0.975682702023921
1618,0.013722554890219561,0.9999999937685922
1619,0.040419161676646706,0.9999999981616778
1620,0.040419161676646706,0.9999999981616778
1621,0.040419161676646706,0.9999999981616794
1622,0.040419161676646706,0.999999998161677
1623,0.023203592814371257,0.9998051389834873
1624,0.0014970059880239522,5.7530397594278776e-06
1625,0.0007485029940119761,0.0
1626,0.026696606786427147,0.9999999913024256
1627,0.0037425149700598802,0.9981218042345622
1628,0.000249500998003992,0.0
1629,0.01472055888223553,0.5887986182096921
1631,0.11177644710578842,0.9999865021128268
1632,0.10204590818363274,0.9477674111807868
1633,0.0027445109780439123,0.7088381755990923
1634,0.05289421157684631,0.9998556053117817
1635,0.040419161676646706,0.9999999981616785
1636,0.000249500998003992,0.0
1637,0.000249500998003992,0.0
1638,0.05089820359281437,0.9999999884658237
1639,0.0014970059880239522,0.0
1640,0.19635728542914171,0.9920354853399571
1641,0.000249500998003992,0.9196372096287813
1642,0.000499001996007984,0.0
1643,0.0007485029940119761,0.9999925417139538
1644,0.000998003992015968,5.296679177633768e-05
1645,0.000499001996007984,1.3200056342258221e-06
1646,0.009231536926147704,0.9976070123351617
1647,0.009231536926147704,0.9976070118470625
1648,0.0531437125748503,0.999999999169932
1649,0.19835329341317365,0.9986938374585177
1650,0.44710578842315374,0.9860918020453504
1651,0.000998003992015968,0.0
1652,0.002245508982035928,0.9447376567669008
1653,0.000249500998003992,0.0
1654,0.061626746506986026,0.9705391854469648
1655,0.02694610778443114,0.9980859596192837
1656,0.03243512974051896,0.9999965941395189
1657,0.33308383233532934,0.9910966639848754
1658,0.33358283433133734,0.9824255331965001
1659,0.00124750499001996,0.0
1660,0.000499001996007984,0.0
1661,0.33358283433133734,0.9881497538806373
1662,0.040419161676646706,0.9999999682671643
1663,0.0007485029940119761,0.0
1664,0.040419161676646706,0.999999998161675
1665,0.0007485029940119761,0.0
1666,0.000998003992015968,0.9999999998549376
1667,0.022954091816367265,0.9966658882363456
1668,0.040419161676646706,0.9999999981616754
1669,0.4468562874251497,0.9880595283968564
1670,0.040419161676646706,0.9999999981616785
1671,0.040419161676646706,0.9999999981616807
1672,0.040419161676646706,0.999999998161681
1673,0.040419161676646706,0.9999999981616794
1674,0.00124750499001996,0.0
1675,0.18537924151696608,0.9844718492724194
1676,0.000249500998003992,0.0
1677,0.023203592814371257,0.999999261340717
1678,0.000499001996007984,0.0
1679,0.040419161676646706,0.9999999981616783
1680,0.0007485029940119761,0.0
1681,0.000998003992015968,0.0
1682,0.0027445109780439123,0.6627351213029886
1683,0.040419161676646706,0.9999999981616736
1684,0.000249500998003992,0.0
1685,0.19560878243512975,0.9951908906328595
1686,0.001996007984031936,0.0
1687,0.20708582834331338,0.9999914720710907
1688,0.003493013972055888,0.9999986198925758
1689,0.000499001996007984,0.0
1690,0.000998003992015968,0.0
1691,0.000499001996007984,0.0
1692,0.0007485029940119761,0.0
1693,0.19510978043912175,0.9998505742691531
1694,0.4029441117764471,0.951377352344654
1695,0.001996007984031936,0.0
1696,0.18388223552894212,0.9881452237297051
1697,0.008982035928143712,0.41946997540420583
1698,0.0007485029940119761,0.0
1699,0.001746506986027944,0.0
1700,0.000998003992015968,0.0
1701,0.023453093812375248,0.999999991236018
1702,0.023453093812375248,0.9999999912360154
1703,0.4458582834331337,0.9737844079111772
1704,0.22330339321357284,0.9267841762077426
1705,0.000499001996007984,0.0
1706,0.001746506986027944,0.0
1707,0.0007485029940119761,0.00013786873572985643
1708,0.002245508982035928,0.0
1709,0.006487025948103792,0.5193703914492066
1710,0.002245508982035928,0.9999971332111968
1711,0.000499001996007984,2.7540136572539086e-05
1712,0.000249500998003992,0.0
1713,0.13073852295409183,0.9928592998391168
1714,0.023952095808383235,0.9998102385055487
1715,0.374500998003992,0.9527092880898634
1716,0.000249500998003992,3.704288659450162e-05
1717,0.000249500998003992,0.0
1718,0.12400199600798403,0.999945603648658
1719,0.0007485029940119761,0.0011693976207555626
1720,0.023952095808383235,0.9998102385324529
1721,0.13248502994011976,0.9996395347511503
1722,0.0014970059880239522,0.9875674954384503
1723,0.016467065868263474,0.493505194197753
1724,0.04915169660678643,0.8580416875732774
1725,0.14296407185628743,0.9993764680093875
1726,0.12599800399201597,0.9846087881566606
1727,0.001996007984031936,0.0
1728,0.00998003992015968,0.9525843582800934
1729,0.007235528942115769,0.9893670742804274
1730,0.36052894211576847,0.9999819429900413
1731,0.0007485029940119761,4.0185683785688625e-06
1732,0.03293413173652695,0.9999999289468123
1733,0.023952095808383235,0.9998102383711717
1734,0.14296407185628743,0.9993764677086335
1735,0.006986027944111776,0.9707502354039912
1736,0.000249500998003992,0.0
1737,0.03293413173652695,0.9999999289468454
1738,0.002245508982035928,0.0
1739,0.0014970059880239522,0.331960283018357
1740,0.3088822355289421,0.9752053556568647
1741,0.14146706586826346,0.9997710245844694
1742,0.3198602794411178,0.9793807498530177
1743,0.002245508982035928,0.0
1744,0.0037425149700598802,0.055050343622022206
1745,0.14271457085828343,0.9986175619347526
1746,0.000249500998003992,0.0
1747,0.36002994011976047,0.9912315230476889
1748,0.13048902195608783,0.9814502582715596
1749,0.009730538922155689,0.0
1750,0.027445109780439122,0.9527512136440047
1751,0.14221556886227546,0.9821205022924209
1752,0.00124750499001996,8.294602652138114e-06
1753,0.023952095808383235,0.9445995304046736
1754,0.36077844311377244,0.9757973766853747
1755,0.026696606786427147,0.9999999700331899
1756,0.000499001996007984,3.430126851238409e-05
1757,0.49101796407185627,0.9655057887542888
1758,0.32934131736526945,0.9773749515733466
1759,0.000249500998003992,0.0
1760,0.12874251497005987,0.9190942864433799
1761,0.000249500998003992,0.0
1762,0.026696606786427147,0.9999999700331907
1763,0.02370259481037924,0.9897526518269275
1764,0.18363273453093812,0.8864214702875362
1765,0.000249500998003992,0.0
1766,0.000998003992015968,0.0
1767,0.00249500998003992,0.6816560683508889
1768,0.000249500998003992,0.0
1769,0.000249500998003992,0.0
1770,0.004740518962075849,0.5226765307729775
1771,0.48852295409181634,0.9341667640381145
1772,0.009481037924151697,0.7998391649613459
1773,0.3151197604790419,0.9562969250729987
1774,0.000249500998003992,0.0
1775,0.024201596806387227,0.991166782300934
1776,0.002245508982035928,0.06254939364963796
1777,0.000249500998003992,0.0
1778,0.13922155688622753,0.9078039858449052
1779,0.37574850299401197,0.8834189282660081
1780,0.000249500998003992,0.0
1781,0.02445109780439122,0.9999903234261133
1782,0.35703592814371254,0.9600916122298746
1783,0.16816367265469062,0.9364924595723888
1784,0.42465069860279436,0.9489304980171578
1785,0.17614770459081835,0.8867693662316289
1786,0.02445109780439122,0.9999903234261142
1787,0.12949101796407186,0.8839656243389071
1788,0.000249500998003992,0.0
1789,0.005738522954091816,0.0
1790,0.11726546906187625,0.8647373173473846
1791,0.3837325349301397,0.9082033781319738
1792,0.37025948103792417,0.9487335873810454
1793,0.000249500998003992,0.0
1794,0.03268463073852296,0.9976147517507572
1795,0.49326347305389223,0.9987276290940084
1796,0.4907684630738523,0.9996235514135206
1797,0.000249500998003992,0.0
1798,0.4815369261477046,0.9996275253852293
1799,0.1317365269461078,0.9702687051853799
1800,0.1499500998003992,0.9565263623052849
1801,0.14146706586826352,0.8664304767780234
1802,0.03318363273453094,0.9999999999214917
1803,0.48727544910179643,0.9923751452582624
1804,0.03318363273453094,0.9999999999214884
1805,0.0029940119760479044,7.30543746677045e-06
1806,0.13922155688622753,0.9903583247111186
1807,0.03293413173652695,0.9999999876573666
1808,0.010978043912175649,0.9999969352538192
1809,0.13872255489021956,0.9836330601013714
1810,0.000249500998003992,0.0
1811,0.0037425149700598802,0.3123942002811484
1812,0.06437125748502993,0.972002900853499
1813,0.000499001996007984,0.0
1814,0.4740518962075848,0.9672937176720916
1815,0.48403193612774453,0.997985537121163
1816,0.000499001996007984,0.0
1817,0.48627744510978044,0.9998229790386851
1818,0.000998003992015968,0.0
1819,0.000249500998003992,0.0
1820,0.4875249500998004,0.9826710897103433
1821,0.48877245508982037,0.997870108013946
1822,0.0027445109780439123,0.0
1823,0.48877245508982037,0.9685217645771412
1824,0.000249500998003992,0.0
1825,0.000249500998003992,0.0
1826,0.48877245508982037,0.9978701087486656
1827,0.001996007984031936,0.9999999999991183
1828,0.49001996007984033,0.9916231290815176
1829,0.49001996007984033,0.9995890690298601
1830,0.49001996007984033,0.9995890694048184
1831,0.49525948103792417,0.9977442184839704
1832,0.000249500998003992,0.0
1833,0.00124750499001996,0.0
1834,0.0007485029940119761,0.0
1835,0.000499001996007984,0.0
1836,0.13697604790419163,0.9911562422324324
1837,0.00124750499001996,0.0
1838,0.0014970059880239522,9.89248870752787e-06
1839,0.13547904191616766,0.9838308480449014
1840,0.00124750499001996,0.0
1841,0.00124750499001996,0.9897833091940753
1842,0.033682634730538924,0.9999993506905928
1843,0.000249500998003992,0.0
1844,0.00998003992015968,0.7446462496988961
1845,0.344061876247505,0.9884497792694058
1846,0.001746506986027944,0.36567240017983516
1847,0.056636726546906185,0.7532470190601392
1848,0.3463073852295409,0.9999628662530599
1849,0.1187624750499002,0.9782773074517206
1850,0.000249500998003992,0.0
1851,0.000998003992015968,0.0
1852,0.000249500998003992,0.0
1853,0.3532934131736527,0.9960868736742226
1854,0.003243512974051896,6.704375320129198e-06
1855,0.001996007984031936,0.9999999587167487
1856,0.000249500998003992,0.0
1857,0.003493013972055888,0.97608175926814
1858,0.0007485029940119761,0.0
1859,0.003493013972055888,0.6464494933051282
1860,0.000499001996007984,0.0
1861,0.006736526946107785,0.4835085940684503
1862,0.13597804391217566,0.9525361213522634
1863,0.0027445109780439123,0.991435490449518
1865,0.000499001996007984,0.0
1866,0.000249500998003992,0.0
1867,0.30114770459081835,0.9717355223985316
1868,0.003243512974051896,0.1718595778329522
1869,0.000499001996007984,0.0
1870,0.11277445109780439,0.9385012773531964
1871,0.000249500998003992,0.0
1872,0.001996007984031936,4.508668902374977e-06
1873,0.0054890219560878245,0.0
1874,0.48602794411177647,0.9756207461372763
1875,0.000249500998003992,1.2861018721637655e-05
1876,0.48752495009980035,0.9996284075062633
1877,0.3365768463073852,0.9732000314058336
1878,0.000499001996007984,0.0
1879,0.13622754491017963,0.9989312042992451
1880,0.1374750499001996,0.8802007823229003
1882,0.03143712574850299,0.889393041164226
1883,0.000249500998003992,0.0
1884,0.0029940119760479044,0.0
1885,0.0029940119760479044,0.3594619112655429
1886,0.000249500998003992,0.0
1887,0.0037425149700598802,0.48572279743760194
1888,0.000499001996007984,0.0
1889,0.1626746506986028,0.9390493107641205
1890,0.0007485029940119761,0.0
1891,0.000249500998003992,0.0
1892,0.001996007984031936,0.0
1893,0.16067864271457086,0.8783778965751143
1894,0.000249500998003992,0.0
1895,0.000499001996007984,0.0
1896,0.003493013972055888,0.6653315424357777
1897,0.1783932135728543,0.8051697373047355
1898,0.0007485029940119761,0.0
1899,0.000499001996007984,0.0
1900,0.46706586826347307,0.8957372180102572
1901,0.1609281437125748,0.9269275311554025
1902,0.000499001996007984,0.49900088239520635
1903,0.01621756487025948,0.51876505381182
1904,0.001996007984031936,0.9999999587167636
1905,0.000249500998003992,0.0
1906,0.003493013972055888,0.48102437042237045
1907,0.0007485029940119761,0.0
1908,0.010728542914171657,0.30212032732499694
1909,0.09805389221556886,0.8281060344408998
1910,0.4446107784431138,0.9804081695418126
1911,0.04116766467065868,0.9996707470694539
1912,0.28967065868263475,0.982825594289415
1913,0.33308383233532934,0.9998896933959124
1914,0.06112774451097804,0.9597932614327628
1915,0.001996007984031936,0.9999999999991216
1916,0.3236027944111776,0.941988188619793
1917,0.000249500998003992,0.0
1918,0.004491017964071856,0.5183751168972536
1919,0.04116766467065868,0.9996681296426128
1920,0.06287425149700598,0.999284561007831
1921,0.0029940119760479044,0.16465608610972957
1922,0.2028443113772455,0.9985069157582949
1923,0.11477045908183632,0.9684090668167964
1924,0.008483033932135729,0.827205856078929
1925,0.041916167664670656,0.9980937895680151
1926,0.002245508982035928,0.0
1927,0.0998003992015968,0.9999999146234892
1928,0.09830339321357286,0.9998818661173865
1929,0.000249500998003992,0.0
1930,0.000249500998003992,0.0
1931,0.312624750499002,0.9975620600801599
1932,0.001746506986027944,0.0
1933,0.31187624750499005,0.9888398409839944
1934,0.06636726546906188,0.9659875972920181
1935,0.000499001996007984,0.0
1936,0.0007485029940119761,0.0
1937,0.312125748502994,0.9930280169643573
1938,0.000249500998003992,0.0
1939,0.33433133732534925,0.9914418620916255
1940,0.1404690618762475,0.9998174763477585
1941,0.2405189620758483,0.9948674777409041
1942,0.10503992015968064,0.9999959875897252
1943,0.16392215568862278,0.9248682315654333
1944,0.000499001996007984,0.0
1945,0.0014970059880239522,0.9995159624267064
1946,0.000998003992015968,0.0
1947,0.09630738522954092,0.9461066033192215
1948,0.002245508982035928,0.0
1949,0.31786427145708585,0.9522469337173335
1950,0.03792415169660679,0.9552724699117562
1951,0.03792415169660679,0.9523972357203517
1953,0.15568862275449102,0.9784026258803734
1954,0.22654690618762474,0.9315399172619512
1955,0.021457085828343315,0.9129843368701442
1956,0.4109281437125748,0.9418039486820687
1957,0.11452095808383234,0.9999440601042583
1958,0.000499001996007984,0.0
1959,0.0187125748502994,0.9999999589586501
1960,0.0187125748502994,0.9999999589586499
1961,0.14296407185628743,0.8546068092076008
1962,0.09356287425149701,0.9582038117020152
1963,0.000249500998003992,0.0
1964,0.07759481037924151,0.8909026281241349
1965,0.09431137724550898,0.6830480211023852
1966,0.08907185628742514,0.9896157269968797
1968,0.04441117764471058,0.9816614397135004
1969,0.0007485029940119761,0.7908514691464893
1970,0.1506986027944112,0.8526603343717956
1971,0.08857285429141716,0.97485037631904
1972,0.22729540918163674,0.9106225069045154
1973,0.000249500998003992,0.0
1974,0.29291417165668665,0.8733952538776978
1975,0.005239520958083832,0.3960609764417131
1976,0.002245508982035928,0.0
1977,0.02470059880239521,0.9259658917150673
1978,0.21007984031936128,0.841905652205391
1979,0.001746506986027944,0.0
1980,0.00124750499001996,0.24845212340276013
1981,0.0027445109780439123,0.013526851863136052
1982,0.32210578842315374,0.21361248411368625
1983,0.0014970059880239361,0.9981483669243516
1984,0.016966067864271458,0.5728797970534122
1985,0.000249500998003992,0.0
1986,0.37150698602794413,0.8651333594105209
1987,0.20209580838323354,0.8541243851014507
1988,0.0007485029940119761,0.0
1990,0.14770459081836326,0.9992641192025736
1992,0.38023952095808383,0.9674883176381486
1993,0.000249500998003992,0.0
1994,0.3106287425149701,0.8990959469540307
1995,0.15169660678642716,0.9991395552853995
1996,0.006736526946107785,0.7706698591361828
1997,0.000499001996007984,0.00012842320698576367
1998,0.000249500998003992,6.404510938215201e-06
1999,0.000499001996007984,5.539905910421514e-05
2000,0.000998003992015968,0.0
2001,0.021706586826347306,0.3683610434081617
2002,0.000998003992015968,0.006374647842387212
2003,0.2707085828343313,0.9769521120975068
2005,0.001996007984031936,0.9598958620694732
2006,0.000249500998003992,0.9995942951196045
2007,0.2607285429141717,0.9996786801226002
2008,0.0007485029940119761,0.0
2009,0.009481037924151697,0.06797492203814369
2011,0.2587325349301397,0.9674251647124591
2012,0.3108782435129741,0.9985716354628159
2013,0.3108782435129741,0.9950941438368558
2014,0.3787425149700599,0.9734624640198436
2015,0.10828343313373254,0.9996264018579908
2016,0.000249500998003992,0.0
2018,0.11402195608782435,0.9992228283448297
2019,0.14945109780439123,0.9738209640604963
2020,0.000998003992015968,0.0
2021,0.0007485029940119761,0.0
2022,0.29316367265469057,0.9883864881216732
2023,0.000499001996007984,0.9999999774663303
2024,0.000499001996007984,0.0
2025,0.001746506986027944,0.9998789382083697
2026,0.001746506986027944,0.9993266625780467
2027,0.0054890219560878245,0.44222182542095545
2028,0.007235528942115769,0.8358881232048628
2029,0.48577844311377244,0.9899201593524664
2030,0.2859281437125748,0.989016991626078
2031,0.38647704590818366,0.9915961799329848
2032,0.38248502994011974,0.99266830987081
2033,0.0062375249500998,0.7015911161392763
2034,0.000249500998003992,0.0
2035,0.37899201596806387,0.9749040287650128
2036,0.26272455089820357,0.9754170860970747
2037,0.1599301397205589,0.9998530250842905
2038,0.1599301397205589,0.9999117545403763
2039,0.03468063872255489,0.5860380015937041
2040,0.04615768463073852,0.9349077087600621
2041,0.045409181636726546,0.26834500712466886
2042,0.005988023952095809,0.12316653829069388
2043,0.026447105788423155,0.49604325893738654
2044,0.000499001996007984,0.0
2045,0.00249500998003992,0.00024406894458731565
2046,0.19011976047904192,0.9999894849807119
2047,0.1906187624750499,0.9999999642619394
2048,0.19136726546906188,0.9999996073853105
2049,0.19111776447105788,0.9999999897366603
2050,0.19111776447105788,0.9999999775679808
2051,0.19011976047904192,0.9999995183787422
2052,0.3408183632734531,0.9583851701009377
2053,0.0014970059880239522,0.0
2054,0.000249500998003992,0.0
2055,0.4296407185628742,0.9999994383842208
2056,0.4301397205588823,0.9999987857006221
2057,0.43113772455089816,0.9999719240526008
2058,0.000499001996007984,0.0
2059,0.000249500998003992,0.0
2060,0.0531437125748503,0.9985207428217847
2061,0.4124251497005988,0.9830229096922087
2062,0.054890219560878244,0.9999587178862259
2063,0.15768463073852296,0.9992633877998085
2064,0.15718562874251496,0.9994895772288629
2065,0.156686626746507,0.9844189136444021
2066,0.18288423153692615,0.9999560412298691
2067,0.000249500998003992,0.0
2068,0.002245508982035928,0.09934968901413678
2069,0.051646706586826345,0.9898886290206615
2070,0.1472055888223553,0.999908965241539
2071,0.14945109780439123,0.9996391979932759
2072,0.0027445109780439123,3.6351668996857496e-05
2073,0.1504491017964072,0.9924795920922345
2074,0.14595808383233533,0.9999999995577085
2075,0.3972055888223553,0.998627775553291
2076,0.14570858283433133,0.9999999996463378
2077,0.14570858283433133,0.9999999996463373
2078,0.2914171656686627,0.9988528675946897
2079,0.00124750499001996,6.561502052820201e-09
2080,0.14570858283433133,0.9999999996463407
2081,0.3051397205588822,0.9870633828150679
2082,0.000998003992015968,0.0
2083,0.0007485029940119761,0.0
2084,0.13048902195608783,0.9997402553645406
2085,0.000998003992015968,0.0
2086,0.2784431137724551,0.9980305484837781
2087,0.39246506986027946,0.9998583282145977
2088,0.000499001996007984,0.0
2089,0.39246506986027946,0.9998583283335322
2090,0.000249500998003992,0.0
2091,0.0014970059880239522,1.120380452262132e-05
2092,0.011477045908183632,0.16904679122175004
2093,0.44461077844311375,0.9729360821892388
2094,0.3934630738522954,0.9856491980796592
2095,0.2931636726546906,0.99557592870799
2096,0.3415668662674651,0.9982085842048076
2097,0.000249500998003992,0.0
2098,0.1721556886227545,0.8952407310631514
2100,0.0007485029940119761,0.0
2101,0.000499001996007984,0.0
2102,0.0007485029940119761,3.179352101978258e-05
2103,0.33308383233532934,0.930798346514446
2104,0.0062375249500998,0.014316398585259536
2105,0.3512974051896207,0.998288505326936
2106,0.34930139720558884,0.9999995748740859
2107,0.0014970059880239522,0.0
2108,0.35029940119760483,0.999999995945267
2109,0.000499001996007984,0.0
2110,0.18363273453093812,0.9970148797449514
2111,0.07435129740518961,0.9999999931374237
2112,0.07435129740518961,0.999999993137425
2113,0.14296407185628743,0.9759990878304364
2114,0.34930139720558884,0.9946071638718775
2115,0.07435129740518961,0.9999999749432741
2116,0.007734530938123752,0.26180017809648065
2117,0.006736526946107785,0.7463772770946722
2118,0.0007485029940119761,0.0
2119,0.000249500998003992,3.422311815105092e-05
2120,0.3500499001996008,0.9999999160342743
2121,0.0029940119760479044,0.1717784408269959
2122,0.4540918163672655,0.9952000979266277
2123,0.000249500998003992,0.0
2124,0.45384231536926145,0.9994917062230982
2125,0.14520958083832336,0.999999393177465
2126,0.4209081836327345,0.991587715043919
2127,0.000998003992015968,6.426186771463003e-05
2128,0.42115768463073855,0.9915240893550621
2129,0.31037924151696605,0.9999926406834972
2130,0.13997005988023953,0.9999920811781291
2131,0.005738522954091816,0.07118483448854654
2132,0.13997005988023953,0.9821210656363474
2133,0.17165668662674652,0.9853590672870306
2134,0.003493013972055888,0.0
2135,0.17165668662674652,0.9988083237511718
2136,0.011477045908183632,0.40483551741037255
2137,0.0014970059880239522,0.0
2138,0.17140718562874252,0.9991566217518464
2139,0.10454091816367266,0.9999997102407571
2140,0.17090818363273452,0.9999999994605899
2141,0.4466067864271457,0.9998655392560092
2142,0.17115768463073852,0.999999999734223
2143,0.31262475049900196,0.9999991956484046
2144,0.44735528942115765,0.9999783803659859
2145,0.27544910179640714,0.9728931972512279
2146,0.09880239520958084,0.999999853696321
2147,0.00124750499001996,0.0
2148,0.11676646706586827,0.9999995769195816
2149,0.0344311377245509,0.9999999894520306
2150,0.0344311377245509,0.9999999894519989
2151,0.000249500998003992,0.0
2152,0.000249500998003992,0.0
2153,0.0344311377245509,0.9999999894519906
2154,0.0344311377245509,0.9999999894519818
2155,0.005988023952095809,0.4990027898377638
2156,0.0344311377245509,0.9999999894520133
2157,0.39196606786427146,0.9969630907689574
2158,0.31137724550898205,0.9999999174988526
2159,0.39196606786427146,0.9999995801980018
2160,0.0074850299401197605,0.004040077599157534
2161,0.38947105788423153,0.9992911825919307
2162,0.310129740518962,0.9999999936005146
2163,0.310129740518962,0.9999999936005153
2164,0.3937125748502994,0.9986440929793526
2165,0.310129740518962,0.999999993600529
2166,0.3116267465069861,0.9935259517507082
2167,0.310129740518962,0.9999999936005155
2168,0.3106287425149701,0.9904968883991823
2169,0.3096307385229541,0.9999999936005322
2170,0.31137724550898205,0.9980034749243997
2171,0.3924650698602794,0.9997599726692792
2172,0.311127744510978,0.9999979159235399
2174,0.000998003992015968,0.0
2175,0.0750998003992016,0.9920113281977461
2176,0.013972055888223553,0.0300361655025149
2177,0.31037924151696605,0.9999801316829847
2178,0.39171656686626743,0.9999999268344382
2179,0.39096806387225547,0.9999997816117335
2180,0.3912175648702595,0.9915086254754018
2181,0.310129740518962,0.9904293535413657
2182,0.31037924151696605,0.9999700691645519
2183,0.31037924151696605,0.9999801316309751
2184,0.31037924151696605,0.9904667468865527
2185,0.31037924151696605,0.9999801316829698
2186,0.3108782435129741,0.999999918800767
2187,0.000249500998003992,0.006181797315063424
2188,0.000499001996007984,6.874520776222383e-06
2189,0.31037924151696605,0.9999801316829718
2190,0.31262475049900196,0.9999998333855261
2191,0.03493013972055888,0.9612949712812453
2192,0.3196107784431138,0.9999999994940079
2193,0.468313373253493,0.9991294815614529
2194,0.000499001996007984,0.0
2195,0.002245508982035928,0.9999992360278962
2196,0.4356287425149701,0.9999569336833409
2197,0.003243512974051896,0.0
2198,0.021706586826347306,0.6261587228646371
2199,0.000998003992015968,0.0
2200,0.3937125748502994,0.9999999264234287
2202,0.3196107784431138,0.9999999994940054
2203,0.31237524950099804,0.9999999969237645
2204,0.0027445109780439123,0.0
2205,0.00124750499001996,0.9999999917394773
2206,0.3937125748502994,0.9999999264234629
2207,0.3196107784431138,0.9999999994940016
2208,0.312874251497006,0.9999814337116965
2209,0.3196107784431138,0.9999999994940016
2210,0.3937125748502994,0.9999999264234418
2211,0.3937125748502994,0.9999999264234318
2212,0.007235528942115769,0.6113108852527693
2213,0.000998003992015968,0.0
2214,0.3196107784431138,0.9999999994940074
2215,0.0054890219560878245,0.899893711484449
2216,0.31237524950099804,0.9999999969237678
2217,0.3193612774451098,0.999999999319602
2218,0.312125748502994,0.9999999967359725
2219,0.004740518962075849,0.9903411782657202
2220,0.3912175648702595,0.999945809131447
2221,0.3098802395209581,0.99999999691607
2222,0.3171157684630739,0.9999999994582902
2223,0.01122754491017964,0.5204263086299135
2224,0.3196107784431138,0.9999999994940025
2225,0.3196107784431138,0.9999999994940043
2226,0.39396207584830334,0.9999429971434052
2227,0.3196107784431138,0.9999999994940005
2228,0.000499001996007984,7.975687214606942e-06
2229,0.000249500998003992,0.0
2230,0.3196107784431138,0.9999999994940048
2231,0.000499001996007984,0.0
2232,0.3196107784431138,0.9999999994940074
2233,0.3193612774451098,0.9999694636298848
2234,0.3934630738522954,0.9915071724781849
2235,0.31237524950099804,0.9999999969237614
2236,0.00249500998003992,0.7635772997447738
2237,0.000249500998003992,1.213592671218212e-05
2238,0.3937125748502994,0.9914351440298543
2239,0.312125748502994,0.9999909816627189
2240,0.31886227544910184,0.999999999520325
2241,0.3176147704590818,0.9999690471629463
2242,0.31786427145708585,0.999999999799664
2243,0.31886227544910184,0.9999999995203206
2244,0.31187624750499,0.9975937641794528
2245,0.000249500998003992,0.0
2246,0.31886227544910184,0.9999920671225728
2247,0.32335329341317365,0.9809465766554094
2248,0.4845309381237525,0.9717480408306592
2249,0.006986027944111776,2.6862555178860012e-05
2250,0.3086327345309381,0.9631095069363025
2251,0.00499001996007984,0.7347552861152269
2252,0.000499001996007984,0.0
2253,0.0007485029940119761,0.0
2254,0.35354291417165673,0.9813039975353743
2255,0.000249500998003992,0.0
2256,0.3078842315369261,0.946240318078978
2257,0.000998003992015968,0.0
2258,0.0014970059880239522,0.0
2259,0.004740518962075849,0.0
2260,0.010728542914171657,0.8128306712496087
2261,0.012724550898203593,0.18174684104274863
2262,0.008233532934131737,0.505785596627728
2263,0.000499001996007984,0.0
2264,0.000499001996007984,0.9439485774554325
2265,0.000249500998003992,0.0
2266,0.001996007984031936,0.0
2267,0.0656187624750499,0.8676986915260853
2269,0.0124750499001996,0.9739394611995184
2270,0.000998003992015968,0.0
2271,0.1813872255489022,0.9990175606761607
2272,0.000998003992015968,0.999922078056856
2273,0.001996007984031936,0.19839685051308456
2274,0.000499001996007984,0.0
2275,0.000499001996007984,5.0779360939271224e-05
2276,0.000998003992015968,0.0
2277,0.001746506986027944,0.0
2278,0.000249500998003992,3.732072570268766e-05
2279,0.000499001996007984,0.0
2280,0.000249500998003992,0.0
2281,0.18113772455089822,0.9999999894536311
2282,0.00124750499001996,0.0
2283,0.000249500998003992,0.0
2284,0.030189620758483034,0.763242099505266
2285,0.0124750499001996,0.4033808904358128
2286,0.000998003992015968,0.0
2287,0.16442115768463073,0.9999330973313522
2288,0.005239520958083832,0.2471374949472364
2289,0.000249500998003992,9.232933191499204e-05
2290,0.0007485029940119761,0.0
2291,0.000249500998003992,0.0
2292,0.00124750499001996,0.0
2293,0.000249500998003992,0.0
2294,0.020209580838323353,0.9999999996072528
2295,0.000499001996007984,0.0
2296,0.030688622754491017,0.9999989977684611
2297,0.014221556886227544,0.225254594268726
2298,0.013223552894211578,0.7651296256466125
2299,0.008483033932135729,0.20644917590508158
2300,0.003992015968063872,0.44256676015450025
2301,0.07959081836327345,0.9664673511655015
2302,0.07909181636726546,0.9555219043701658
2303,0.11951097804391217,0.967369183137558
2304,0.000249500998003992,0.0
2305,0.020708582834331336,0.9998812516235377
2307,0.17764471057884232,0.9663403663393196
2308,0.00124750499001996,0.4989004924842382
2309,0.1996007984031936,0.9903246271921725
2310,0.000249500998003992,0.0
2311,0.20184630738522955,0.9863952548206742
2312,0.000249500998003992,0.0
2313,0.02869261477045908,0.8273431295613297
2314,0.05813373253493014,0.9692303001940564
2315,0.000249500998003992,0.0
2316,0.10778443113772455,0.9786530751280291
2317,0.08732534930139721,0.9774365882443415
2318,0.013972055888223553,0.36403079003371175
2319,0.00249500998003992,0.0
2320,0.000998003992015968,0.0
2321,0.028942115768463075,0.8408444740701534
2322,0.000249500998003992,0.0
2323,0.0718562874251497,0.9563302769222376
2324,0.000998003992015968,0.0
2325,0.000249500998003992,0.0
2326,0.13073852295409183,0.947230986845139
2327,0.000249500998003992,0.0
2328,0.01122754491017964,0.7618457820592784
2329,0.000249500998003992,0.0
2330,0.0014970059880239522,0.0005494966558899852
2331,0.21457085828343314,0.9689084438854505
2333,0.07085828343313373,0.9992523686921525
2334,0.08782435129740519,0.9902035827144077
2335,0.10129740518962076,0.9946165202424222
2336,0.12350299401197605,0.9960868267262533
2337,0.12300399201596807,0.9886322951714538
2338,0.0007485029940119761,0.9983410901295828
2339,0.12325349301397205,0.9969640236617561
2340,0.009231536926147704,0.7232522152056515
2341,0.13922155688622753,0.9945476390407954
2342,0.12350299401197605,0.9849126819311523
2343,0.13897205588822356,0.9968652794126974
2344,0.04116766467065868,0.41496424965065
2345,0.2125748502994012,0.7087304264295716
2346,0.001996007984031936,0.0
2347,0.47305389221556887,0.9922562515719604
2348,0.4615768463073852,0.9847439713504511
2349,0.48827345309381237,0.9556115158532825
2350,0.05788423153692615,0.9988260002426415
2351,0.05788423153692615,0.9988260016679007
2352,0.009730538922155689,0.2941645375920481
2353,0.006487025948103792,0.5389014447601954
2354,0.000249500998003992,0.0
2355,0.006487025948103792,0.9999647157063312
2356,0.05189620758483034,0.9664765429715851
2357,0.061626746506986026,0.9999969093632978
2358,0.02694610778443114,0.7836094870644165
2359,0.06536926147704591,0.9999995821849735
2360,0.3892215568862275,0.8480928887529523
2361,0.053393213572854294,0.9696604161786687
2362,0.04790419161676647,0.8605796961022676
2363,0.000499001996007984,0.0
2364,0.027445109780439122,0.8499720405883116
2365,0.000249500998003992,0.0
2366,0.4638223552894212,0.932442948941648
2367,0.024201596806387227,0.6603793489412494
2368,0.000249500998003992,0.9999999999793776
2369,0.10429141716566866,0.8601808206001151
2370,0.001996007984031936,0.0
2371,0.06337325349301397,0.6561167277712193
2372,0.4723053892215569,0.9865247031218617
2373,0.008982035928143712,0.2611025510055953
2374,0.10678642714570859,0.9907625508894916
2375,0.469311377245509,0.9838854585868587
2376,0.06312375249500998,0.9998065122941281
2377,0.4720558882235529,0.9999575319492088
2378,0.47155688622754494,0.9999967020215914
2379,0.4725548902195609,0.9893116941086021
2380,0.47679640718562877,0.9999985112674233
2381,0.000249500998003992,0.0
2382,0.0718562874251497,0.5989036441283708
2383,0.46956087824351295,0.999961896710799
2384,0.000499001996007984,0.0
2385,0.45833333333333337,0.9999999984578607
2386,0.028942115768463075,0.9999996209208575
2387,0.435129740518962,0.999999997809714
2388,0.000249500998003992,0.0
2389,0.45808383233532934,0.9999999993988673
2390,0.000249500998003992,0.0
2391,0.469061876247505,0.9999999681816412
2392,0.469311377245509,0.9999964888647879
2393,0.00249500998003992,0.6653611783974356
2394,0.007235528942115769,0.6384015973973465
2395,0.000249500998003992,4.927023886279685e-06
2396,0.00124750499001996,0.0
2397,0.42140718562874246,0.9907090460160319
2398,0.0007485029940119761,0.0
2399,0.000499001996007984,0.0
2400,0.46032934131736525,0.9839397504999434
2401,0.00124750499001996,0.010664193808174927
2402,0.026696606786427147,0.6856084453062454
2403,0.000249500998003992,0.0
2404,0.4713073852295409,0.9920890631521125
2405,0.07609780439121756,0.9722284633654186
2407,0.45908183632734534,0.991777437739479
2408,0.4540918163672655,0.9999999792863775
2409,0.0027445109780439123,0.11784155529664095
2410,0.000499001996007984,0.0
2411,0.000249500998003992,0.9999999999793756
2412,0.06911177644710578,0.9999968260146262
2413,0.000249500998003992,4.057540769822229e-06
2414,0.000499001996007984,0.0
2415,0.038922155688622756,0.8853197880925845
2416,0.43088822355289425,0.999999989898658
2417,0.000499001996007984,0.0
2418,0.004491017964071856,0.9853323459338839
2419,0.0014970059880239522,0.0
2420,0.4291417165668663,0.9999999801069811
2421,0.4313872255489022,0.9999999970768503
2422,0.469810379241517,0.9999740391131138
2423,0.031936127744510975,0.9999998580785135
2424,0.031936127744510975,0.9999998580790602
2425,0.0037425149700598802,0.9813633056602737
2426,0.000499001996007984,0.0
2427,0.4540918163672655,0.9999999792863993
2428,0.017964071856287425,0.6767610001245985
2429,0.45359281437125754,0.9999999836335157
2430,0.45384231536926145,0.9999999834956498
2431,0.01122754491017964,0.03857688321012032
2432,0.45259481037924154,0.9999999887932118
2433,0.005988023952095809,0.8117322988848329
2434,0.45359281437125754,0.9948133936764508
2435,0.4533433133732535,0.9845788925519651
2436,0.028942115768463075,0.999999620921209
2437,0.07335329341317365,0.9667139750355864
2438,0.000249500998003992,0.0
2439,0.000998003992015968,0.0
2440,0.4533433133732535,0.9996918296958984
2441,0.000249500998003992,0.0
2442,0.48428143712574845,0.9994893783315603
2443,0.0014970059880239522,0.0
2444,0.4665668662674651,0.9630752031221983
2445,0.0014970059880239522,1.343630422653093e-05
2446,0.004740518962075849,0.8316526981048471
2447,0.469810379241517,0.9852173542915047
2448,0.000499001996007984,0.7942474840648299
2449,0.49950099800399206,0.999937396582712
2450,0.49950099800399206,0.9999373965881512
2451,0.006736526946107785,0.29781319733628436
2452,0.49950099800399206,0.9919165966545012
2453,0.4663173652694611,0.9928566211816243
2454,0.028942115768463075,0.9999996209196493
2455,0.04116766467065868,0.9977356007943295
2456,0.44311377245508987,0.9882329713371442
2457,0.49850299401197606,0.985052444189883
2458,0.4720558882235529,0.9879090135714941
2459,0.0007485029940119761,0.0
2460,0.000249500998003992,0.0
2461,0.46956087824351295,0.9899113607698133
2462,0.000249500998003992,0.0
2463,0.003243512974051896,0.9999687730441971
2464,0.000249500998003992,0.0
2466,0.000249500998003992,0.0
2467,0.000249500998003992,0.0
2468,0.000499001996007984,0.0
2469,0.029191616766467067,0.9460009115236512
2470,0.0062375249500998,0.9997339969987658
2471,0.004740518962075849,0.22101519172923512
2472,0.41242514970059885,0.9995924488758752
2473,0.22604790419161677,0.7547406256227456
2474,0.0054890219560878245,0.02873330060672448
2475,0.000499001996007984,0.9439485866903994
2476,0.0007485029940119761,0.0
2477,0.49326347305389223,0.993323411910155
2478,0.000249500998003992,0.0
2479,0.03493013972055888,0.7098211747505291
2480,0.010479041916167664,0.951073706221204
2481,0.4638223552894212,0.9958705999928981
2483,0.4096806387225549,0.9999916709944464
2484,0.004491017964071856,0.4834127535360381
2485,0.003243512974051896,0.7940025988730218
2486,0.01621756487025948,0.7890196929358857
2487,0.000249500998003992,0.0
2488,0.26422155688622756,0.6433508901044586
2489,0.499001996007984,0.9024511184377608
2490,0.001746506986027944,0.9988554266729749
2491,0.021706586826347306,0.3358128141973906
2492,0.06287425149700598,0.506218512633341
2493,0.36926147704590817,0.5340823137513727
2494,0.000499001996007984,0.0
2495,0.2996506986027944,0.8595714855719907
2496,0.15444111776447106,0.918026189027569
2497,0.027694610778443114,0.14808397921150013
2498,0.000249500998003992,0.0
2499,0.4723053892215569,0.9819539207019273
2500,0.04815369261477046,0.9529885918393798
2501,0.000249500998003992,0.0
2502,0.007734530938123752,0.317091402833896
2503,0.003992015968063872,0.0
2504,0.000499001996007984,0.0
2505,0.3964570858283433,0.9651675832597106
2506,0.03268463073852296,0.9999983336059547
2507,0.1157684630738523,0.9985669064342133
2508,0.4650698602794411,0.9840107761787223
2509,0.1155189620758483,0.9999999948769802
2510,0.1155189620758483,0.9999999948769758
2511,0.03817365269461078,0.20099978346369368
2512,0.1155189620758483,0.9999999948769769
2513,0.41966067864271456,0.9993830654276304
2514,0.47155688622754494,0.9869834535986546
2515,0.41641716566866266,0.9943766078350398
2516,0.41691616766467066,0.9872189102880069
2517,0.0014970059880239522,0.4989893014582971
2518,0.031936127744510975,0.9384180440030737
2519,0.03717564870259481,0.925059512429771
2520,0.05189620758483034,0.9724594872563347
2521,0.00249500998003992,0.0
2522,0.05289421157684631,0.9669416040491314
2524,0.05264471057884232,0.9998798687521416
2525,0.1157684630738523,0.9999903573613163
2526,0.002245508982035928,0.9875873699195596
2527,0.03268463073852296,0.9999999631147402
2528,0.005988023952095809,0.9671811023042156
2529,0.26397205588822353,0.9998072099266928
2530,0.000998003992015968,0.06062022864446977
2531,0.05214570858283433,0.9999528203429374
2532,0.46556886227544914,0.9863104639486151
2533,0.006736526946107785,0.0
2534,0.000249500998003992,0.0
2535,0.07110778443113773,0.659793960550169
2536,0.0007485029940119761,0.0
2537,0.006736526946107785,0.06679688345802155
2538,0.12250499001996008,0.9297325890145154
2539,0.03318363273453094,0.9999999266776576
2540,0.11601796407185629,0.9999999668335466
2541,0.11601796407185629,0.9999999668323063
2542,0.000499001996007984,0.0
2544,0.15718562874251496,0.988631594950514
2545,0.27894211576846306,0.9906460163356292
2546,0.03617764471057884,0.9028879194029851
2547,0.000249500998003992,0.0
2548,0.46956087824351295,0.9997175447735793
2549,0.11651696606786427,0.9999546788583368
2550,0.000499001996007984,0.0
2551,0.0007485029940119761,0.9999645712380366
2552,0.13298403193612773,0.9807581801187516
2553,0.03293413173652695,0.9999997548911387
2554,0.156936127744511,0.9467171919420236
2555,0.03343313373253493,0.9963187536070822
2556,0.11601796407185629,0.972932514198703
2557,0.020459081836327345,0.7583752078455018
2558,0.11601796407185629,0.9729325142176878
2559,0.1342315369261477,0.9999999881065444
2560,0.1342315369261477,0.9999999881064139
2561,0.14595808383233533,0.9475787717827667
2562,0.000499001996007984,0.053441447236993414
2563,0.0007485029940119761,0.0
2564,0.1344810379241517,0.9999822635565484
2565,0.4615768463073852,0.9911683139902577
2566,0.024201596806387227,0.5999218296893689
2567,0.3171157684630739,0.9938574266687396
2568,0.48502994011976047,0.9851642123666321
2569,0.3333333333333333,0.9954341944993668
2570,0.33957085828343314,0.9934448319565607
2571,0.1594311377245509,0.9999994434998428
2572,0.0007485029940119761,0.0
2573,0.21057884231536927,0.7484950029092577
2574,0.03567864271457086,0.999999965524491
2575,0.1437125748502994,0.9731864004194782
2576,0.4545908183632734,0.9914333404109336
2577,0.1504491017964072,0.9996272026231966
2578,0.03093812375249501,0.9999999978687222
2579,0.028193612774451097,0.8541333195484813
2580,0.14895209580838323,0.9999998060661207
2581,0.1497005988023952,0.9999999747573375
2582,0.46232534930139724,0.9997910919083774
2583,0.015219560878243513,0.46486540521473835
2584,0.000499001996007984,0.0001056498569774834
2585,0.4533433133732535,0.9999638994095942
2586,0.030189620758483034,0.9999999998780291
2587,0.4513473053892215,0.9944370702727434
2588,0.00124750499001996,0.0
2589,0.28493013972055886,0.9999370002993466
2590,0.007235528942115769,0.5068155612421136
2591,0.2851796407185629,0.9999388806944673
2592,0.010229540918163672,0.9556708292880084
2593,0.14945109780439123,0.9999921147752315
2594,0.4476047904191617,0.9933097152951414
2595,0.4431137724550898,0.9850783262971329
2596,0.001996007984031936,0.9985454176052112
2597,0.000499001996007984,0.0
2598,0.009231536926147704,0.28173983712101086
2599,0.45034930139720564,0.9671988023505736
2600,0.125499001996008,0.9933729032723755
2601,0.0007485029940119761,0.0
2602,0.000249500998003992,0.0
2603,0.000249500998003992,9.00365567972838e-05
2604,0.0007485029940119761,4.028089572028346e-06
2605,0.000249500998003992,0.0
2606,0.000249500998003992,0.0
2607,0.4755489021956088,0.9391637500368766
2608,0.4663173652694611,0.9660960351569887
2610,0.00124750499001996,0.0
2611,0.000998003992015968,0.0
2612,0.03493013972055888,0.6891057577718336
2613,0.001746506986027944,0.0
2614,0.37125748502994016,0.8524938567676439
2615,0.23178642714570857,0.7625874156766389
2616,0.003243512974051896,0.0
2617,0.15019960079840322,0.8300335140989502
2618,0.34530938123752497,0.7590833765641665
2619,0.000249500998003992,0.0
2620,0.005239520958083832,0.33903613790059167
2621,0.025199600798403193,0.9316109808867135
2622,0.00124750499001996,1.2207039081710002e-05
2623,0.3625249500998004,0.8564929123141931
2624,0.2634730538922156,0.9229301737260653
2626,0.000499001996007984,0.0
2627,0.016966067864271458,0.15839266999652557
2628,0.27969061876247503,0.9040038368248208
2629,0.000249500998003992,0.0
2630,0.3036427145708583,0.9999951238724163
2631,0.3036427145708583,0.9999951238724221
2632,0.30389221556886226,0.9904018816702599
2633,0.09505988023952096,0.9134675100598827
2634,0.000249500998003992,0.0
2635,0.2250499001996008,0.9055536302225246
2636,0.000499001996007984,0.0
2637,0.19136726546906188,0.9334128275826072
2638,0.000499001996007984,0.0
2639,0.0007485029940119761,0.0
2640,0.000249500998003992,0.0
2641,0.000249500998003992,0.0
2642,0.18662674650698602,0.9860388941992402
2643,0.47879241516966065,0.9999965583517905
2644,0.47879241516966065,0.9999999953407765
2645,0.48677644710578843,0.9920296766736849
2646,0.4772954091816367,0.9997496337819096
2647,0.000249500998003992,0.0
2648,0.47904191616766467,0.9999983028655972
2649,0.09431137724550898,0.9999948213290144
2650,0.0014970059880239522,0.0
2651,0.47230538922155685,0.9999993319510193
2652,0.000499001996007984,0.0
2653,0.23902195608782434,0.9972018621274663
2654,0.11801397205588822,0.8142160039509446
2655,0.4902694610778443,0.9998864468567261
2656,0.3218562874251497,0.9979377881156316
2657,0.3058882235528942,0.9999999082620433
2658,0.3056387225548902,0.9999999383410118
2659,0.4827844311377245,0.9950642173317247
2660,0.4139221556886228,0.9901392761270426
2661,0.000249500998003992,0.0
2662,0.3350798403193613,0.9900655103847156
2663,0.000499001996007984,0.0
2664,0.001746506986027944,0.0
2665,0.0062375249500998,0.0031712070689550956
2666,0.000998003992015968,0.0003686626890378777
2667,0.3263473053892216,0.9615865583535166
2668,0.42465069860279436,0.999999999999772
2669,0.42465069860279436,0.9999999999997737
2670,0.42465069860279436,0.9999999999997835
2671,0.0007485029940119761,1.3279677805961927e-05
2672,0.000249500998003992,0.0
2673,0.4249001996007984,0.9999999999733171
2674,0.23952095808383234,0.9962563929615605
2675,0.0007485029940119761,0.0
2676,0.18812375249500998,0.9777886728160651
2677,0.42539920159680644,0.9999999979505108
2678,0.33358283433133734,0.9999976082986407
2679,0.42215568862275454,0.9999333255786113
2680,0.42340319361277445,0.9999999510539138
2681,0.4231536926147704,0.9999999938322193
2683,0.003493013972055888,0.3854309277411935
2684,0.000249500998003992,0.9999999773736831
2685,0.4231536926147704,0.9999999938322222
2686,0.4229041916167665,0.9999999938248463
2687,0.24451097804391217,0.9994366262201942
2688,0.2435129740518962,0.9999999937216639
2689,0.000998003992015968,0.0
2690,0.000249500998003992,0.0
2691,0.4231536926147704,0.9999999938322126
2692,0.3333333333333333,0.9999982744970439
2693,0.4231536926147704,0.9999999938322119
2694,0.2435129740518962,0.9999999937216373
2695,0.3333333333333333,0.999998274492228
2696,0.4231536926147704,0.9999999938322113
2697,0.11177644710578842,0.9999999509336296
2698,0.0007485029940119761,2.996349391919755e-06
2699,0.4231536926147704,0.9999999938322153
2700,0.2435129740518962,0.9999999937216639
2701,0.4231536926147704,0.9999999938322175
2702,0.002245508982035928,0.0
2703,0.4231536926147704,0.9999999938322184
2704,0.4229041916167665,0.9999999938248687
2705,0.4236526946107785,0.999999993555462
2706,0.4241516966067864,0.9999999902569654
2707,0.4303892215568862,0.9579815840424228
2708,0.4241516966067864,0.9999995437403829
2709,0.015968063872255488,0.9705610326437585
2710,0.001746506986027944,0.0
2711,0.008982035928143712,0.020061693946562875
2712,0.0007485029940119761,0.0
2713,0.16991017964071856,0.9999990317398816
2714,0.3323353293413174,0.9999999737189711
2715,0.4231536926147704,0.9999999950377461
2716,0.4231536926147704,0.9999999950377565
2717,0.4231536926147704,0.9999999950377514
2718,0.3323353293413174,0.99999997371897
2719,0.4231536926147704,0.9999999950377338
2720,0.005738522954091816,0.21802650223457554
2721,0.4226546906187625,0.9999999931978354
2722,0.33208582834331335,0.9999990131064204
2723,0.4231536926147704,0.9999999950377418
2724,0.4231536926147704,0.9999999950377574
2725,0.00124750499001996,0.0
2726,0.4229041916167665,0.9999999996842102
2727,0.005988023952095809,0.9997524287098498
2728,0.005988023952095809,0.9997524287090432
2729,0.3323353293413174,0.9999999737189833
2730,0.000249500998003992,0.0
2731,0.4231536926147704,0.9999999950377583
2732,0.4231536926147704,0.9999999950377569
2733,0.17514970059880242,0.9998924629137025
2734,0.000998003992015968,0.0
2735,0.4231536926147704,0.9999999950377405
2736,0.4231536926147704,0.9999999950377432
2738,0.0007485029940119761,0.0
2739,0.004491017964071856,0.8874852600915678
2740,0.23552894211576847,0.9999999992747499
2741,0.23552894211576847,0.9999999992747526
2742,0.000249500998003992,4.1213381013820685e-06
2743,0.000499001996007984,0.0
2745,0.4231536926147704,0.999999995037745
2746,0.16566866267465075,0.9758142526136748
2747,0.4229041916167665,0.9992133062324886
2748,0.4231536926147704,0.999999995037754
2749,0.23902195608782434,0.9999996020730108
2750,0.4281437125748503,0.9999996221124436
2751,0.16816367265469062,0.9971138034678642
2752,0.17514970059880242,0.9942295590150609
2753,0.00024950099800402636,0.0
2754,0.001746506986027944,0.008406085869176504
2755,0.3340818363273453,0.9990372884816102
2756,0.3345808383233533,0.9999999987236445
2757,0.4271457085828343,0.999992463273649
2758,0.3348303393213573,0.9999985898053201
2759,0.3345808383233533,0.9999999987236425
2760,0.3345808383233533,0.9999999987236337
2761,0.23253493013972057,0.9999999992723714
2762,0.23228542914171657,0.9999401227420648
2763,0.11202594810379242,0.9999986933766911
2764,0.4271457085828343,0.9999999980627352
2765,0.33607784431137727,0.9999998286545573
2766,0.4271457085828343,0.9999999980627357
2767,0.4216566866267465,0.9999999978201652
2768,0.4271457085828343,0.9999999980627354
2769,0.4273952095808383,0.9999993441518157
2770,0.33607784431137727,0.9999998286545049
2771,0.000249500998003992,0.0
2772,0.33857285429141715,0.999999990822793
2773,0.23527944111776447,0.999999984426755
2774,0.000249500998003992,0.0
2775,0.00124750499001996,0.0
2776,0.000249500998003992,0.0
2777,0.00499001996007984,0.9962117903616293
2778,0.000249500998003992,0.0
2779,0.23502994011976047,0.9999999163046098
2780,0.17165668662674652,0.9864625644294184
2781,0.22579840319361277,0.995011498598962
2782,0.000499001996007984,0.0
2783,0.23527944111776447,0.9999999942204005
2784,0.0007485029940119761,0.0
2785,0.33857285429141715,0.999999992494272
2786,0.42539920159680644,0.999967331831287
2787,0.000249500998003992,0.0
2788,0.0007485029940119761,0.00011526250710373725
2789,0.3338323353293413,0.9999811843688919
2790,0.22704590818363274,0.9999999987921075
2791,0.22704590818363274,0.9999999987921082
2792,0.007984031936127744,0.7465710491654849
2793,0.23527944111776447,0.9999999942204101
2794,0.23527944111776447,0.9999999942204021
2795,0.23552894211576847,0.9999999946457974
2796,0.23003992015968064,0.9999996767529086
2797,0.021706586826347306,0.4714634883937179
2798,0.43088822355289425,0.9999641250108497
2799,0.21781437125748504,0.9999996834535603
2800,0.21781437125748504,0.9999996834536578
2801,0.23203592814371257,0.9999953324962382
2802,0.23178642714570857,0.9999732747999278
2803,0.23228542914171657,0.9999642166902312
2804,0.001996007984031936,0.0
2805,0.33682634730538924,0.9997877323070582
2806,0.000998003992015968,0.0
2807,0.23203592814371257,0.9999953324962415
2808,0.23253493013972057,0.9999999253628317
2809,0.23203592814371257,0.9883747925146287
2810,0.23203592814371257,0.9999953324979812
2811,0.22380239520958084,0.9999998804546508
2812,0.00998003992015968,0.5845601318538567
2813,0.23228542914171657,0.9999940565784297
2814,0.001996007984031936,0.0
2815,0.218313373253493,0.9999863708347043
2816,0.42564870259481036,0.9999935568022208
2817,0.25249500998003993,0.9940926742099122
2818,0.23278443113772454,0.9999999577772127
2819,0.23278443113772454,0.9999999577772443
2820,0.007984031936127744,0.944199391935893
2821,0.4261477045908184,0.9999999288445766
2822,0.003243512974051896,0.5011369473883031
2823,0.4261477045908184,0.9999999288445772
2824,0.1843812375249501,0.9912163014045716
2825,0.4263972055888223,0.9999971753584778
2826,0.0014970059880239522,0.0
2827,0.17015968063872255,0.9340891972041959
2828,0.000249500998003992,4.5736660646996506e-06
2829,0.00249500998003992,0.0
2830,0.001996007984031936,0.9999996626181489
2831,0.11152694610778444,0.6743846408508261
2832,0.2280439121756487,0.9283067875376176
2833,0.09406187624750499,0.9999462339754269
2834,0.0062375249500998,0.7665804879034881
2835,0.09481037924151696,0.9999952052550078
2836,0.000249500998003992,0.0
2837,0.1906187624750499,0.9561059486168134
2838,0.001996007984031936,0.9999999781653607
2839,0.002245508982035928,0.9998980435112123
2840,0.18687624750499002,0.9564517596128648
2841,0.02619760479041916,0.8446604607973417
2842,0.01347305389221557,0.030154967849387454
2843,0.08632734530938124,0.09655950949747018
2844,0.07784431137724551,0.7221750280280202
2845,0.060129740518962076,0.9999987538921168
2846,0.000499001996007984,1.3999060816617473e-05
2848,0.1277445109780439,0.9378042328029716
2849,0.000998003992015968,0.0
2850,0.000499001996007984,0.0
2851,0.3824850299401198,0.9897554581697143
2852,0.05963073852295409,0.9999998435210092
2853,0.060129740518962076,0.9999998815666817
2854,0.038672654690618764,0.9895809474913744
2855,0.000249500998003992,0.006494267246201822
2856,0.002245508982035928,0.0
2857,0.0029940119760479044,0.9954981786225212
2858,0.000499001996007984,0.9999999774663079
2859,0.000249500998003992,0.0
2860,0.39595808383233533,0.977076025809021
2861,0.059880239520958084,0.9999439679180948
2862,0.059880239520958084,0.9999439679181052
2863,0.34181636726546905,0.8268127539428395
2864,0.059880239520958084,0.9999439679216381
2865,0.000499001996007984,0.0
2866,0.09830339321357286,0.9913917220647541
2867,0.09830339321357286,0.9913917212177239
2868,0.08308383233532934,0.8526687467581459
2869,0.11352295409181637,0.9702777570613321
2870,0.003243512974051896,0.04099077073065577
2871,0.1125249500998004,0.9702777990469156
2872,0.000998003992015968,0.0
2873,0.11526946107784432,0.9999943331938976
2874,0.1279940119760479,0.96753322608241
2876,0.003243512974051896,0.16360939846842157
2877,0.003243512974051896,0.0004140888890819199
2878,0.0014970059880239522,0.0
2879,0.10703592814371257,0.9843624259506721
2880,0.003992015968063872,0.0
2881,0.26372255489021956,0.6015711725296929
2882,0.000249500998003992,0.0
2883,0.025698602794411177,0.4904969439342737
2884,0.003992015968063872,0.9999999201504386
2885,0.4204091816367265,0.6172933386010251
2886,0.24925149700598803,0.8915777743165989
2887,0.21681636726546907,0.9120378773747829
2888,0.23003992015968067,0.6938835974744789
2890,0.4101796407185629,0.9938754628876261
2891,0.41042914171656686,0.9916451170198173
2892,0.23952095808383234,0.97933285629684
2893,0.000249500998003992,0.0
2894,0.23852295409181637,0.989282628048147
2895,0.03817365269461078,0.7307917444239144
2896,0.22904191616766467,0.9167399045992356
2897,0.20758483033932135,0.997892979952344
2898,0.000249500998003992,0.0
2899,0.01472055888223553,0.08650847651346726
2900,0.23977045908183633,0.9973513253037992
2901,0.2377744510978044,0.9950183099330828
2902,0.20958083832335328,0.9862191070720124
2903,0.03617764471057884,0.591017125019597
2904,0.20808383233532934,0.9944032082086226
2905,0.2280439121756487,0.9751560876240175
2906,0.20783433133732535,0.9847474505928286
2907,0.000249500998003992,0.0
2908,0.000249500998003992,0.0
2909,0.00499001996007984,0.32707397268645105
2910,0.18562874251497008,0.9152892908642228
2911,0.001996007984031936,0.0
2912,0.4845309381237525,0.9817486822907202
2913,0.000998003992015968,0.0
2914,0.46506986027944114,0.9878186945372183
2915,0.47529940119760483,0.9855294085931326
2916,0.18188622754491013,0.9260015211385372
2917,0.0014970059880239522,0.0
2918,0.000249500998003992,0.0
2919,0.000249500998003992,0.0
2920,0.0074850299401197605,0.9999941094774103
2921,0.2597305389221557,0.8046796515289044
2922,0.000249500998003992,0.0
2923,0.35129740518962077,0.7608184202063489
2924,0.02470059880239521,0.7264967821546587
2925,0.0007485029940119761,0.0
2926,0.18762475049900199,0.8855858007099002
2927,0.0249500998003992,0.7118604913669989
2928,0.000249500998003992,0.0
2929,0.08308383233532934,0.9516717711944789
2930,0.2729540918163673,0.9341550172349877
2931,0.000249500998003992,0.0
2932,0.00249500998003992,0.9983204520121853
2933,0.18038922155688622,0.9386111306603779
2934,0.2986526946107785,0.969792686029221
2936,0.029191616766467067,0.9056984342645564
2937,0.004740518962075849,0.33215510755709904
2938,0.004740518962075849,0.968573552306732
2939,0.00499001996007984,0.19693451670849318
2940,0.001996007984031936,0.0
2941,0.03093812375249501,0.9996508418160148
2942,0.03143712574850299,0.9665646078454105
2943,0.12125748502994012,0.9968930398190367
2944,0.09306387225548902,0.9973702907509394
2946,0.02594810379241517,0.6345224629550176
2947,0.000249500998003992,0.0
2948,0.000249500998003992,0.0
2949,0.12225548902195608,0.9825698229172125
2950,0.005988023952095809,0.9999999959021917
2951,0.4972554890219561,0.9650815535539251
2952,0.000499001996007984,0.0
2953,0.1217564870259481,0.9999479437287483
2954,0.4573353293413174,0.9998761148980715
2955,0.12225548902195608,0.9995936136118273
2956,0.4565868263473054,0.9999561409668363
2957,0.013972055888223553,0.6479019760980769
2958,0.03143712574850299,0.9999948252702349
2959,0.007984031936127744,0.9323814251449195
2960,0.000249500998003992,0.0
2961,0.19261477045908182,0.9636822062389099
2962,0.005988023952095809,0.9999999959021799
2963,0.44835329341317365,0.9917637348436128
2964,0.4486027944111777,0.9917559793558549
2965,0.0037425149700598802,0.16995417029549756
2966,0.000249500998003992,0.0
2967,0.46007984031936133,0.9884396580378808
2968,0.12325349301397205,0.9693029095460861
2969,0.00249500998003992,0.0
2970,0.000499001996007984,0.0
2971,0.018463073852295408,0.9194311587594312
2972,0.10953093812375249,0.9394098594573522
2973,0.4263972055888223,0.9936030959218737
2974,0.41666666666666663,0.986007617551619
2975,0.1858782435129741,0.9876797075209899
2976,0.2000998003992016,0.9977666234303283
2977,0.20084830339321358,0.987655972181251
2978,0.19985029940119758,0.9882979262037349
2979,0.24276447105788423,0.9996545747539197
2980,0.2642215568862275,0.9999747881329701
2981,0.000249500998003992,0.0
2982,0.25249500998003993,0.9999887626643045
2983,0.2759481037924152,0.9989994364521461
2984,0.2759481037924152,0.9989994368235249
2985,0.27445109780439125,0.994827308532261
2986,0.027694610778443114,0.9536368287580966
2988,0.31312375249501,0.9868204096161232
2989,0.4503493013972056,0.8196348762855173
2990,0.25923153692614775,0.9972793552377596
2991,0.000499001996007984,0.0
2992,0.25,0.995164190506142
2993,0.00124750499001996,0.0
2994,0.0029940119760479044,0.0
2995,0.000249500998003992,0.0
2996,0.001996007984031936,0.007870397519143302
2997,0.000249500998003992,0.9999999136794476
2998,0.06487025948103792,0.9683602218589663
2999,0.0007485029940119761,0.0
3000,0.0007485029940119761,0.0
3001,0.007235528942115769,0.999654274603386
3002,0.2220558882235529,0.9907096423135275
3003,0.025449101796407185,0.9994739078442425
3004,0.001746506986027944,0.24199063333274995
3005,0.49276447105788423,0.9999999979636307
3006,0.46482035928143717,0.9999885536916786
3007,0.4925149700598802,0.9999981851132137
3008,0.000249500998003992,0.0
3009,0.000499001996007984,0.0
3010,0.001996007984031936,0.0
3011,0.4283932135728543,0.9919184673361702
3012,0.000249500998003992,7.904436430498046e-07
3013,0.42864271457085823,0.9999993062288661
3014,0.000499001996007984,0.0
3015,0.4231536926147704,0.9999999998446931
3016,0.2435129740518962,0.951783614047398
3017,0.0014970059880239522,1.8257024155780847e-06
3018,0.000998003992015968,1.461468027396635e-05
3019,0.4283932135728543,0.9999999996234954
3020,0.000249500998003992,0.0
3021,0.4283932135728543,0.9999999996235056
3022,0.42864271457085823,0.9999999619629608
3023,0.000249500998003992,0.0
3024,0.00249500998003992,0.0
3025,0.4283932135728543,0.9919303501995855
3026,0.42789421157684626,0.9999999998054332
3027,0.42789421157684626,0.9999999998054201
3028,0.0074850299401197605,0.9999994459981564
3029,0.42789421157684626,0.9999999998054319
3030,0.42789421157684626,0.9999999998054179
3031,0.4281437125748503,0.9999965252364986
3032,0.42789421157684626,0.9999999998054145
3033,0.000249500998003992,0.0
3034,0.42764471057884235,0.9999998396911336
3035,0.4226546906187625,0.9893027011382945
3036,0.42789421157684626,0.9999997855545626
3037,0.42764471057884235,0.9999998446362863
3038,0.0007485029940119761,0.0
3039,0.22355289421157684,0.9999653355386688
3040,0.005239520958083832,0.991186861272249
3041,0.42789421157684626,0.999999999805421
3042,0.4281437125748503,0.999999777270179
3043,0.4236526946107785,0.9999999988640276
3044,0.4281437125748503,0.999999999966257
3045,0.4281437125748503,0.9999999999662543
3046,0.4283932135728543,0.9999999997497431
3047,0.001996007984031936,0.9999999764715805
3048,0.0374251497005988,0.9588604533145341
3049,0.000249500998003992,0.0
3050,0.014970059880239521,0.726918447234689
3051,0.008233532934131737,0.32927785834468115
3052,0.4293912175648703,0.9838912453123742
3053,0.4283932135728543,0.9943369652671726
3054,0.06986027944111776,0.9999999999944402
3055,0.0007485029940119761,0.0
3056,0.000249500998003992,0.0
3057,0.000499001996007984,0.9699995811286976
3058,0.42764471057884235,0.9999895019813924
3059,0.14271457085828343,0.9958026400635949
3060,0.42789421157684626,0.9999999933537187
3061,0.42789421157684626,0.9999999933537069
3062,0.000249500998003992,0.0
3063,0.000249500998003992,0.0
3064,0.4273952095808383,0.9999999213203272
3065,0.42764471057884235,0.9999999997744715
3066,0.4271457085828343,0.9999999355448898
3067,0.09505988023952096,0.7990638652541099
3068,0.4271457085828343,0.9999999999990627
3070,0.4271457085828343,0.9999999999990752
3071,0.4271457085828343,0.9999999999990739
3072,0.0007485029940119761,0.0
3073,0.42664670658682635,0.9999999999354345
3074,0.42789421157684626,0.9999999998529512
3075,0.06986027944111776,0.9999999999944325
3076,0.0007485029940119761,0.0
3077,0.4231536926147704,0.999999998857696
3078,0.4273952095808383,0.9999760944800724
3079,0.000249500998003992,0.0
3080,0.06986027944111776,0.9999999999944424
3081,0.004740518962075849,0.999999996957583
3082,0.000249500998003992,0.0
3083,0.4281437125748503,0.9999999998451659
3084,0.000249500998003992,0.0
3085,0.025199600798403193,0.9999999223227096
3086,0.4001996007984032,0.9999915645143681
3087,0.023952095808383235,0.8352889436960922
3088,0.001996007984031936,0.9953982224548802
3089,0.000499001996007984,0.0
3090,0.000249500998003992,2.5703325522398e-06
3092,0.4231536926147704,0.9999999980302126
3093,0.4236526946107785,0.9917922932560151
3094,0.4231536926147704,0.9999999578558774
3095,0.000499001996007984,0.0
3096,0.49276447105788423,0.999737317113975
3097,0.4231536926147704,0.9999333914933222
3098,0.000998003992015968,0.0
3099,0.42215568862275454,0.9999971993795
3100,0.000249500998003992,0.0
3101,0.000499001996007984,0.0
3102,0.4231536926147704,0.9999999998446913
3103,0.000249500998003992,0.0
3104,0.42340319361277445,0.9999964495505267
3105,0.4231536926147704,0.9999999998446956
3106,0.0014970059880239522,0.0
3107,0.06936127744510978,0.9999999909915651
3108,0.03493013972055888,0.9999999948368394
3109,0.4316367265469062,0.9999998697891661
3110,0.43113772455089816,0.9919273376118067
3111,0.43088822355289425,0.9999610989053906
3112,0.000249500998003992,1.2372018518493587e-05
3114,0.000499001996007984,0.0
3115,0.007235528942115769,0.9996542746061325
3116,0.000249500998003992,0.0
3117,0.000249500998003992,0.0
3118,0.38323353293413176,0.9856074180415942
3119,0.408433133732535,0.9999999673646744
3120,0.000998003992015968,0.9939292045489205
3121,0.407435129740519,0.9999999574455751
3122,0.20484031936127745,0.987985771854514
3123,0.00124750499001996,0.9999434988245182
3124,0.1277445109780439,0.9999996690672831
3125,0.0062375249500998,0.9997826330816604
3126,0.000499001996007984,0.0
3127,0.007235528942115769,0.6488244162770762
3128,0.0014970059880239522,0.999999755635212
3129,0.0074850299401197605,0.9964614017040067
3130,0.0014970059880239522,0.999999755635377
3131,0.0062375249500998,0.9999999949117
3132,0.0027445109780439123,0.5752836909321736
3133,0.000249500998003992,0.0
3134,0.0029940119760479044,0.9999999974613165
3135,0.000249500998003992,0.0
3136,0.38972055888223556,0.9677305286407014
3137,0.19635728542914177,0.9931772068542718
3138,0.48203592814371254,0.9890727564419066
3139,0.000249500998003992,0.0
3140,0.06337325349301397,0.9436529977789107
3141,0.05913173652694611,0.9991192709710752
3143,0.15743512974051896,0.9999936762479832
3144,0.4336327345309381,0.9996868838774369
3145,0.1826347305389222,0.9811278977142488
3146,0.07035928143712575,0.9999999939382627
3147,0.07035928143712575,0.9999999939382571
3148,0.00124750499001996,0.9999434988356372
3149,0.03418163672654691,0.7271643148893618
3150,0.07035928143712575,0.9999999939382613
3151,0.000998003992015968,0.6437038911105603
3152,0.016467065868263474,0.9860520784776028
3153,0.07035928143712575,0.9999999939382638
3154,0.125,0.9999993370284699
3155,0.27944111776447106,0.9994278671962071
3156,0.1923652694610778,0.9999327038176813
3157,0.06187624750499002,0.9999998231872567
3158,0.08882235528942116,0.9999994126403132
3159,0.1694111776447106,0.9998160908341849
3160,0.0843313373253493,0.9102234707650388
3161,0.000998003992015968,0.007829293100214092
3162,0.25823353293413176,0.9997203835026672
3163,0.014970059880239521,0.2592084405105185
3164,0.15918163672654695,0.9971749974475836
3165,0.0007485029940119761,0.0
3166,0.08832335329341318,0.9999996247563242
3167,0.08807385229540918,0.9999999928620305
3168,0.17015968063872255,0.9998156284060833
3169,0.4338822355289421,0.9990610872493249
3170,0.08607784431137724,0.9999999994099511
3171,0.000499001996007984,0.0
3172,0.16666666666666666,0.9998388568217456
3173,0.08657684630738523,0.99960288140998
3174,0.056636726546906185,0.9986731192326976
3175,0.035179640718562874,0.9999999823197173
3176,0.12699600798403193,0.9999991754540632
3177,0.000499001996007984,0.0
3178,0.25024950099800397,0.9999999994825448
3179,0.25199600798403193,0.9999993479350889
3181,0.0843313373253493,0.9993783354739693
3183,0.05713572854291417,0.9999999939863933
3184,0.250499001996008,0.9999999920357663
3185,0.000499001996007984,0.0
3186,0.000249500998003992,0.0
3188,0.000249500998003992,0.00016721324373470076
3189,0.1923652694610778,0.9936983656743341
3190,0.001996007984031936,0.9933330725486624
3191,0.40069860279441116,0.9755772774162845
3192,0.07035928143712575,0.9958997387648715
3194,0.02869261477045908,0.9663736191284824
3195,0.0007485029940119761,0.0
3196,0.0027445109780439123,0.0
3197,0.15144710578842316,0.9676842967147856
3198,0.12699600798403193,0.9999290035771491
3199,0.021706586826347306,0.968495656780921
3200,0.000249500998003992,0.0
3201,0.000249500998003992,0.0
3202,0.4336327345309381,0.9980416256470298
3203,0.0007485029940119761,0.0
3204,0.000499001996007984,0.0
3206,0.027944111776447105,0.993369860712099
3207,0.0187125748502994,0.5561450980746253
3208,0.000499001996007984,0.0
3209,0.3315868263473054,0.9989631997900887
3210,0.000499001996007984,0.0
3211,0.0249500998003992,0.8107329137573398
3212,0.17440119760479042,0.9774542518437211
3213,0.003493013972055888,0.9947832298272604
3214,0.004491017964071856,0.9997116719736692
3215,0.0062375249500998,0.9831291611179714
3216,0.0007485029940119761,0.0
3217,0.000249500998003992,0.0
3218,0.013972055888223553,0.4973181546128043
3219,0.02694610778443114,0.9505243674030647
3220,0.35279441117764476,0.9929975504972606
3221,0.08483033932135728,0.9993590152544201
3222,0.000499001996007984,0.0
3223,0.00124750499001996,0.0
3224,0.00124750499001996,0.18130371331251158
3225,0.0007485029940119761,0.0
3226,0.0007485029940119761,0.0
3227,0.2402694610778443,0.9957251628268889
3228,0.025449101796407185,0.5262536929123779
3229,0.4468562874251497,0.988776118881055
3230,0.000249500998003992,0.0
3231,0.003243512974051896,0.0
3232,0.000249500998003992,0.0
3233,0.0014970059880239522,0.0
3234,0.00124750499001996,0.4420670242873611
3235,0.030189620758483034,0.6882080429275141
3236,0.00124750499001996,0.0065908352727077945
3237,0.00499001996007984,0.999999784123334
3238,0.000499001996007984,0.0
3239,0.06212574850299401,0.9951442147403344
3240,0.000499001996007984,0.0001527484117027015
3241,0.045409181636726546,0.6890700541961438
3242,0.000499001996007984,0.0
3243,0.001996007984031936,0.0
3244,0.004740518962075849,0.07959277618777881
3245,0.000249500998003992,0.0
3246,0.005988023952095809,0.9999999958454653
3247,0.000249500998003992,0.0
3248,0.02719560878243513,0.9502719032162198
3249,0.1309880239520958,0.9137328985353916
3250,0.4341317365269461,0.9209989550227984
3251,0.0007485029940119761,0.0
3252,0.061626746506986026,0.9999999483667843
3253,0.013722554890219561,0.17853130090652136
3254,0.3183632734530938,0.9666411124525717
3255,0.09131736526946108,0.9999951717229428
3256,0.4151696606786427,0.9626483933725234
3257,0.060129740518962076,0.9382941202918008
3258,0.0007485029940119761,0.0
3259,0.2791916167664671,0.9433066040809145
3260,0.0007485029940119761,0.0
3261,0.007235528942115769,0.12648918310834237
3262,0.001996007984031936,0.2479584670374831
3263,0.0007485029940119761,0.0
3264,0.000998003992015968,0.0
3265,0.000249500998003992,0.0
3266,0.000499001996007984,0.0
3267,0.000499001996007984,0.0
3268,0.000998003992015968,0.2678031594826658
3269,0.18288423153692615,0.927550982191925
3270,0.312125748502994,0.9611235906289439
3271,0.000499001996007984,0.44428566632732364
3272,0.15568862275449102,0.9454710784564938
3273,0.4880239520958084,0.5472015141265847
3274,0.16367265469061876,0.6756421215398533
3275,0.2936626746506986,0.7097338721536515
3276,0.18038922155688622,0.7686270287174791
3277,0.33757485029940115,0.8062122744633705
3278,0.39620758483033935,0.8761866096731996
3279,0.029191616766467067,0.845994322423232
3280,0.14296407185628743,0.7644666422194429
3281,0.000499001996007984,0.0
3282,0.0007485029940119761,0.00012371036335425241
3283,0.2901696606786427,0.9964247574064646
3284,0.3011477045908184,0.9735052573529934
3285,0.2879241516966068,0.960600783385884
3286,0.30064870259481036,0.990438879267159
3287,0.00124750499001996,0.24849695711515649
3288,0.1314870259481038,0.984993247941785
3289,0.000499001996007984,0.0
3290,0.000998003992015968,0.0
3291,0.000998003992015968,0.27639609104979873
3292,0.0007485029940119761,0.0
3293,0.000499001996007984,0.00025119250541228116
3295,0.000249500998003992,0.0
3296,0.005738522954091816,0.6052838252864683
3297,0.000499001996007984,0.0
3298,0.01472055888223553,0.838906260661059
3299,0.19535928143712575,0.9867755078741928
3300,0.20808383233532934,0.9999460709372195
3301,0.11976047904191617,0.9966051181195564
3302,0.000499001996007984,0.0
3303,0.11926147704590818,0.9991735721805173
3304,0.03792415169660679,0.9306846193287324
3305,0.2846806387225549,0.9753700007452283
3306,0.3937125748502994,0.9660328580242497
3307,0.000249500998003992,0.0
3308,0.0027445109780439123,0.0
3309,0.43912175648702595,0.9635459602054963
3310,0.19510978043912175,0.9999986441012452
3311,0.22629740518962077,0.9824731467328649
3312,0.031187624750499,0.959206752503241
3313,0.000998003992015968,0.0
3314,0.3290918163672655,0.9909548660781088
3315,0.031686626746506984,0.9967898217609192
3316,0.19510978043912175,0.999999981053371
3317,0.008982035928143712,0.6582966017199527
3318,0.000249500998003992,0.0
3319,0.3013972055888223,0.9998778310046029
3320,0.3011477045908184,0.9998698715580061
3321,0.30039920159680644,0.9996360358398323
3322,0.3388223552894212,0.9785509735370168
3323,0.3013972055888223,0.9998778308783565
3324,0.19585828343313375,0.9999998214116914
3325,0.3008982035928144,0.9991614998058851
3326,0.03717564870259481,0.9054334820451565
3327,0.031936127744510975,0.9999997385963921
3328,0.20683632734530938,0.9995883747649147
3329,0.19535928143712575,0.9999952830244514
3330,0.024201596806387227,0.38526875764836205
3331,0.11776447105788423,0.9938446441189795
3332,0.0007485029940119761,0.0
3333,0.3008982035928144,0.9999981367025264
3334,0.003493013972055888,0.6734140931762901
3335,0.2839321357285429,0.9777608039362846
3336,0.1998502994011976,0.9735117638271324
3337,0.11901197604790419,0.998289149846172
3338,0.000249500998003992,0.0
3339,0.0014970059880239522,0.7298260370495174
3340,0.03218562874251497,0.9999997852730931
3341,0.000499001996007984,0.0
3344,0.0014970059880239522,0.0
3345,0.12250499001996008,0.9823151402542099
3346,0.40119760479041916,0.9631265697227156
3347,0.000499001996007984,0.0
3348,0.012724550898203593,0.1623652871722505
3350,0.00124750499001996,0.9997146486917445
3351,0.11776447105788423,0.9999998560369082
3352,0.006986027944111776,0.258925084622394
3353,0.20134730538922155,0.9830110498614734
3354,0.0014970059880239522,0.9999385964320963
3355,0.009730538922155689,0.5725203933134806
3356,0.1996007984031936,0.9804002188233335
3357,0.004491017964071856,0.9999997348789629
3358,0.343063872255489,0.9602987598350436
3359,0.000249500998003992,0.0
3360,0.218063872255489,0.963855135254114
3361,0.27345309381237526,0.9854853682160505
3362,0.06412175648702595,0.9668342704564059
3363,0.32659680638722555,0.9895480689827227
3364,0.29241516966067865,0.9978525441969711
3365,0.03243512974051896,0.9999998735133424
3366,0.218812375249501,0.9999990353776756
3367,0.21906187624750498,0.9999586487077154
3368,0.03817365269461078,0.9392319107827645
3369,0.00124750499001996,0.9770677107633572
3370,0.2894211576846307,0.9707017424208286
3371,0.12974051896207583,0.9740550546474132
3372,0.000249500998003992,0.0
3373,0.3253493013972056,0.9948265062717466
3374,0.03243512974051896,0.9999998735133391
3375,0.000249500998003992,0.0
3376,0.218063872255489,0.9998021715499147
3377,0.000249500998003992,0.0
3378,0.000998003992015968,0.0
3379,0.01347305389221557,0.003152832850229757
3380,0.026447105788423155,0.999999993885734
3381,0.027694610778443114,0.9405095331207041
3382,0.3290918163672655,0.9810487999147843
3383,0.1000499001996008,0.9998394579412478
3384,0.08957085828343313,0.9835152625215843
3385,0.4553393213572854,0.9848350774730225
3386,0.006487025948103792,0.015373611870104095
3387,0.24875249500998003,0.988943047499611
3388,0.016966067864271458,0.8108838738706168
3389,0.4486027944111776,0.9910325374554058
3390,0.3076347305389222,0.9725485503895354
3391,0.000249500998003992,8.468231790077988e-05
3392,0.21282435129740518,0.9999843678183382
3393,0.21332335329341318,0.9862154061126732
3394,0.000249500998003992,8.144458555279214e-06
3395,0.0037425149700598802,0.0
3396,0.002245508982035928,0.9999995488072233
3397,0.000249500998003992,0.0
3398,0.003493013972055888,0.9775234985544193
3399,0.000249500998003992,0.0
3400,0.156437125748503,0.9999995571300286
3401,0.15593812375249502,0.9999998615143272
3402,0.000249500998003992,0.0
3404,0.015718562874251496,0.9956893291939359
3405,0.0014970059880239522,0.9999999971837121
3406,0.2218063872255489,0.9919075861931428
3407,0.30613772455089816,0.955374148474718
3408,0.004491017964071856,0.999999734879204
3409,0.000249500998003992,0.0
3410,0.00124750499001996,0.0
3411,0.24451097804391217,0.9834803277234481
3412,0.0124750499001996,0.8485536056829448
3413,0.00249500998003992,0.0
3414,0.26696606786427146,0.9649848161224769
3415,0.0007485029940119761,0.0
3416,0.0007485029940119761,0.0
3417,0.06786427145708583,0.9991351452289595
3418,0.000499001996007984,0.0
3419,0.06786427145708583,0.999135145847888
3420,0.2275449101796407,0.9444059460560351
3421,0.1691616766467066,0.9686119396582833
3422,0.000499001996007984,0.0
3423,0.3884730538922156,0.9901211614729941
3424,0.007235528942115769,0.9950070220193801
3425,0.2679640718562874,0.9987165381976426
3426,0.2791916167664671,0.976328160527185
3427,0.000998003992015968,0.0
3429,0.39520958083832336,0.9995619157414916
3430,0.000998003992015968,0.49857939041480437
3431,0.000249500998003992,0.0
3432,0.01721556886227545,0.8785827689755511
3433,0.04241516966067864,0.9625094754558535
3434,0.000499001996007984,0.0
3435,0.14645708582834333,0.749208609601483
3436,0.09006986027944112,0.9012528983921042
3437,0.000499001996007984,0.0
3438,0.000499001996007984,0.0
3439,0.000249500998003992,0.9999999842416897
3440,0.3013972055888223,0.827545730726806
3441,0.003493013972055888,0.0
3442,0.006736526946107785,0.14423089162331412
3443,0.007235528942115769,0.5740046787564257
3444,0.00124750499001996,0.0
3445,0.002245508982035928,0.0
3447,0.000249500998003992,0.0
3448,0.375249500998004,0.8613321265729393
3449,0.16142714570858283,0.995502016134683
3450,0.03842315369261477,0.8760555028263894
3451,0.0014970059880239522,0.0
3452,0.002245508982035928,0.0
3453,0.000249500998003992,0.0
3454,0.000499001996007984,0.9999998523721513
3455,0.0007485029940119761,0.0
3456,0.020209580838323353,0.6421632920728196
3457,0.000249500998003992,0.0
3458,0.00124750499001996,0.0
3459,0.16392215568862276,0.9977145240520009
3460,0.02969061876247505,0.9176870649644687
3461,0.000249500998003992,0.0
3462,0.000249500998003992,0.9999999842416983
3463,0.000499001996007984,0.0
3464,0.000249500998003992,4.647421124244983e-06
3465,0.000998003992015968,0.0
3466,0.000249500998003992,0.0
3467,0.000249500998003992,0.0
3468,0.000499001996007984,0.0
3469,0.000998003992015968,0.9999434897420145
3470,0.000998003992015968,0.0
3471,0.000499001996007984,0.0
3472,0.001996007984031936,0.7066338894831821
3473,0.00124750499001996,0.49899773661723673
3474,0.03218562874251497,0.8550921040961156
3476,0.000249500998003992,0.0
3477,0.000249500998003992,0.0
3478,0.1601796407185629,0.9887194281655585
3479,0.002245508982035928,0.0
3481,0.000499001996007984,1.6493507467597284e-05
3482,0.045159680638722555,0.5418282243364517
3483,0.000499001996007984,6.242564379497886e-06
3484,0.007734530938123752,0.5894232534873264
3485,0.0062375249500998,0.22450895184528494
3486,0.000249500998003992,0.0
3487,0.0029940119760479044,0.028340386130414823
3488,0.000499001996007984,0.09638339946123015
3489,0.00124750499001996,0.0
3490,0.012974051896207584,0.33135223856260476
3491,0.0007485029940119761,0.0
3492,0.00124750499001996,0.07507934907949755
3493,0.0007485029940119761,0.49911188559559494
3494,0.0062375249500998,0.1545754613914214
3495,0.04316367265469062,0.8159675612485192
3496,0.000249500998003992,0.0
3497,0.15818363273453093,0.9992133155201156
3498,0.15843313373253493,0.9991343114442921
3499,0.000499001996007984,0.0
3500,0.000249500998003992,0.0
3501,0.000249500998003992,0.0
3502,0.000249500998003992,0.0
3503,0.012724550898203568,0.042785983618253934
3504,0.0007485029940119761,0.0
3505,0.21282435129740518,0.9974775744787108
3506,0.21132734530938124,0.9982263367349818
3507,0.4723053892215569,0.7171999123825293
3508,0.030439121756487025,0.8434339795350881
3509,0.000499001996007984,0.31373408048062845
3510,0.000249500998003992,0.0
3512,0.00249500998003992,0.035904965615344654
3513,0.0037425149700598802,0.9999011883362762
3514,0.0007485029940119761,0.0
3515,0.20209580838323354,0.9413430655780586
3516,0.01472055888223553,0.1370661144717566
3517,0.40044910179640714,0.9544336756990627
3518,0.3705089820359282,0.9997800978928625
3519,0.37125748502994016,0.9998335222444048
3520,0.19436127744510978,0.7146945721801268
3521,0.34006986027944114,0.7459623602437013
3522,0.000249500998003992,0.0
3523,0.04790419161676647,0.5787598361672155
3524,0.19111776447105788,0.5066561454719435
3525,0.0027445109780439123,0.6504834674129317
3526,0.000499001996007984,0.0
3528,0.000249500998003992,0.0
3529,0.31087824351297405,0.8459532824200787
3530,0.47904191616766467,0.9137068869443963
3531,0.46506986027944114,0.9482699075444635
3532,0.05538922155688623,0.5237300437680468
3533,0.000499001996007984,0.0
3534,0.11102794411177645,0.4835332171088673
3535,0.007984031936127744,0.9920487379439572
3536,0.000249500998003992,0.0
3537,0.002245508982035928,0.9996099723435939
3538,0.000998003992015968,0.0
3539,0.000249500998003992,0.0
3540,0.005988023952095809,0.000533702436223562
3541,0.000499001996007984,0.0
3542,0.000249500998003992,0.0
3543,0.001996007984031936,0.9999999979124645
3544,0.000998003992015968,0.0
3545,0.07734530938123753,0.3801048520613536
3546,0.4189121756487026,0.9591198010607367
3547,0.2871756487025948,0.9999481931568257
3548,0.28642714570858285,0.9998290752791006
3549,0.006487025948103792,0.022630981320228425
3550,0.008233532934131737,0.999669360764128
3551,0.38572854291417163,0.9791720330652496
3552,0.12150698602794412,0.9986965054428648
3553,0.0843313373253493,0.9999990304123151
3554,0.000998003992015968,0.0
3555,0.0037425149700598802,8.34614625520207e-06
3556,0.08408183632734531,0.999999925681152
3557,0.000499001996007984,0.0
3558,0.08483033932135728,0.9726914697230011
3559,0.1631736526946108,0.9998228621766463
3560,0.0843313373253493,0.9998303960240803
3561,0.0007485029940119761,0.0
3562,0.2834331337325349,0.9999999959390762
3563,0.00124750499001996,0.0
3564,0.03842315369261477,0.989902831186309
3565,0.37674650698602796,0.9997727332226507
3566,0.015469061876247504,0.4049628602278436
3567,0.015469061876247504,0.9999998311584801
3568,0.2839321357285429,0.9999999804880765
3569,0.15194610778443118,0.951140765796914
3570,0.36726546906187624,0.99999297119907
3571,0.4530938123752495,0.9998056504171936
3572,0.016716566866267466,0.6338924065796717
3573,0.013223552894211578,0.49677819894734626
3574,0.2844311377245509,0.9999793077363398
3575,0.406187624750499,0.9999996764105319
3576,0.4530938123752495,0.9988923098195002
3577,0.00124750499001996,0.6653278037847312
3578,0.08258483033932136,0.9999955420362924
3579,0.000998003992015968,0.0
3580,0.2836826347305389,0.9999999977276208
3581,0.001996007984031936,0.9999999979124625
3582,0.03842315369261477,0.9899028311862429
3583,0.3819860279441118,0.9953288754364766
3584,0.0042415169660678645,0.6956442270448702
3585,0.406187624750499,0.9915024448602577
3586,0.2846806387225549,0.9999999726767268
3587,0.2841816367265469,0.9999999560342077
3588,0.015469061876247504,0.9999998311585734
3589,0.000499001996007984,0.0
3590,0.009730538922155689,0.4969819802228611
3591,0.0376746506986028,0.9431684287989527
3592,0.3255988023952096,0.9768939988900718
3593,0.4291417165668663,0.999992746588583
3594,0.000499001996007984,0.0
3595,0.19810379241516962,0.9963633189247739
3596,0.3545409181636726,0.9999973079260503
3597,0.35479041916167664,0.9999506356263881
3598,0.19910179640718562,0.9998265272832854
3599,0.35678642714570863,0.9210281805177556
3600,0.000249500998003992,0.0
3601,0.1062874251497006,0.9996390503264211
3602,0.38572854291417163,0.9748605451332896
3603,0.47529940119760483,0.9918160163474788
3604,0.000249500998003992,4.022857860052402e-06
3605,0.0027445109780439123,0.9999991826281085
3606,0.375,0.999937061383131
3607,0.16167664670658682,0.9998746356318452
3608,0.015219560878243513,0.9999999890315976
3609,0.015219560878243513,0.9999999890315092
3610,0.000249500998003992,0.0
3611,0.18213572854291415,0.9867148329567529
3612,0.0014970059880239522,0.0
3613,0.000249500998003992,4.061201259048331e-06
3614,0.43537924151696605,0.999883159413981
3615,0.009481037924151697,0.3709203865305831
3616,0.3967065868263473,0.9913312126261308
3617,0.000499001996007984,0.9999999774663287
3618,0.000499001996007984,0.0
3619,0.0054890219560878245,0.9998026879661269
3620,0.000249500998003992,0.0
3621,0.000249500998003992,0.0
3622,0.000249500998003992,0.0
3623,0.000249500998003992,4.141545958694948e-06
3624,0.002245508982035928,0.9999296526854187
3625,0.0037425149700598802,0.9999999756916055
3626,0.000249500998003992,0.0
3627,0.2926646706586826,0.9999999971062803
3629,0.2776946107784431,0.9999992878017905
3630,0.000249500998003992,0.0
3631,0.14870259481037923,0.9857193595819929
3632,0.311127744510978,0.9907020138508185
3633,0.2926646706586826,0.9999999971062814
3634,0.000249500998003992,0.0
3635,0.3772455089820359,0.9390828124434166
3636,0.009231536926147704,0.3979751275367065
3637,0.015219560878243513,0.9999999890316267
3638,0.11801397205588822,0.999653020879371
3639,0.000499001996007984,0.0
3640,0.015219560878243513,0.9999999890315339
3641,0.281936127744511,0.9902572128913075
3642,0.25449101796407186,0.9952400604007786
3643,0.0029940119760479044,0.0
3644,0.015968063872255488,0.9999995614577694
3645,0.468562874251497,0.9853232441552443
3646,0.005988023952095809,0.22589621433923462
3647,0.16117764471057885,0.985863961040231
3648,0.015219560878243513,0.9999999890315576
3649,0.000249500998003992,0.0
3650,0.025698602794411177,0.9977333834570685
3651,0.24750499001996007,0.9572128332992665
3652,0.000499001996007984,0.0
3653,0.000249500998003992,0.0
3654,0.000499001996007984,0.0
3655,0.4089321357285429,0.9645434286047427
3656,0.000499001996007984,0.0
3657,0.0007485029940119761,0.0
3658,0.2934131736526946,0.9171972472112254
3659,0.02694610778443114,0.9974074504896009
3660,0.3370758483033932,0.9969743145230692
3661,0.018962075848303395,0.999999972736161
3662,0.001746506986027944,0.12681744460375738
3663,0.36352295409181634,0.9204782929971714
3664,0.0007485029940119761,0.11943756802237188
3665,0.000249500998003992,0.0
3666,0.015219560878243513,0.8923079928109495
3667,0.17914171656686625,0.6317600848145611
3668,0.1469560878243513,0.6270469986015503
3670,0.000499001996007984,0.0
3671,0.036926147704590816,0.6846023035287802
3672,0.2846806387225549,0.5563321899960569
3673,0.000249500998003992,0.0
3674,0.10254491017964072,0.8252171624873746
3675,0.003992015968063872,0.28136580789352467
3676,0.0074850299401197605,0.9990545500117041
3677,0.0007485029940119761,0.5957635174104168
3678,0.09555888223552894,0.7953538216888068
3679,0.000249500998003992,0.0
3680,0.07260479041916168,0.9720827338553746
3681,0.005988023952095809,0.9999217390537924
3682,0.005988023952095809,0.9999217390574594
3683,0.12400199600798403,0.9322917738840393
3684,0.07360279441117765,0.9659482273055008
3685,0.06661676646706587,0.9695338298249634
3686,0.08058882235528943,0.9999876057379272
3687,0.2834331337325349,0.9440125476145962
3688,0.000249500998003992,0.0
3689,0.21606786427145708,0.8913307556987294
3691,0.016716566866267466,0.8988372749135004
3692,0.000249500998003992,0.0
3693,0.007734530938123752,0.9528479172539979
3694,0.125249500998004,0.9998946378066408
3695,0.062624750499002,0.9999331935257784
3696,0.0054890219560878245,0.9967216893576587
3697,0.00249500998003992,4.07349154697074e-05
3698,0.003243512974051896,0.1789137819430895
3699,0.000499001996007984,0.0
3700,0.005738522954091816,0.9762868490596096
3701,0.000998003992015968,0.9999999972197784
3702,0.4231536926147704,0.9878462762028012
3703,0.0042415169660678645,0.9782733934360324
3704,0.000998003992015968,0.0
3705,0.000249500998003992,0.0
3706,0.1277445109780439,0.9999991507535184
3707,0.000249500998003992,0.0
3708,0.2719560878243513,0.9955802595320282
3709,0.3270958083832335,0.9974497682043282
3710,0.06487025948103792,0.9999998929421403
3711,0.1217564870259481,0.9836213932674651
3712,0.000499001996007984,0.0
3713,0.014471057884231538,0.29452343705124007
3714,0.009231536926147704,0.855226921125495
3715,0.43637724550898205,0.9858903922819072
3716,0.062624750499002,0.9999331935483675
3717,0.24051896207584833,0.9779963799330573
3718,0.0014970059880239522,0.0
3719,0.062624750499002,0.9999331935375048
3720,0.4433632734530938,0.9906853238196728
3721,0.000249500998003992,0.9999999900469814
3722,0.3303393213572854,0.9900651191715127
3723,0.000249500998003992,0.0
3724,0.0007485029940119761,0.0
3725,0.14845309381237526,0.8899144770975903
3726,0.000249500998003992,0.0
3728,0.000249500998003992,0.0
3729,0.000998003992015968,0.0
3730,0.001746506986027944,0.10175390501766197
3731,0.06536926147704591,0.9999996489279848
3732,0.06312375249500998,0.999999813090695
3733,0.00249500998003992,0.1983921989573756
3734,0.12674650698602793,0.9999405290861331
3735,0.000249500998003992,0.0
3736,0.000249500998003992,0.0
3737,0.00249500998003992,0.9999999667897252
3738,0.0014970059880239522,0.6440726120092374
3739,0.06536926147704591,0.9999999566823521
3740,0.000249500998003992,0.0
3741,0.12100798403193613,0.9655350434802034
3742,0.000499001996007984,0.0
3743,0.12599800399201597,0.99998802812953
3744,0.2719560878243513,0.9930392263894682
3745,0.000998003992015968,0.0
3746,0.000249500998003992,1.2080387459684206e-05
3747,0.010479041916167664,0.9897325091709973
3748,0.002245508982035928,0.18094512885631336
3749,0.4543413173652695,0.9994303113291169
3750,0.45583832335329344,0.9918751207949309
3751,0.4543413173652695,0.9999982317533004
3752,0.001746506986027944,0.0
3753,0.00499001996007984,0.9984697295907106
3754,0.12050898203592815,0.991844021144568
3755,0.0054890219560878245,0.5135296970076043
3756,0.31037924151696605,0.9992527594959579
3757,0.3101297405189621,0.9992384144457762
3758,0.12599800399201597,0.9999600803960417
3759,0.0074850299401197605,0.9999998332588721
3760,0.38997005988023953,0.9583684949491278
3761,0.26147704590818366,0.9257254239230311
3762,0.012974051896207584,0.7601507989853383
3763,0.000499001996007984,0.054032969580795294
3764,0.007984031936127744,0.03653570728465572
3765,0.02944111776447106,0.8204550705010455
3766,0.010728542914171657,0.528348096796023
3767,0.002245508982035928,0.9984139617708153
3768,0.000998003992015968,0.0
3769,0.06037924151696607,0.6707521460988322
3770,0.000499001996007984,0.0
3771,0.01472055888223553,0.9032098755196083
3772,0.2432634730538922,0.881353188506675
3773,0.007235528942115769,0.10689019297680372
3774,0.000249500998003992,0.0
3775,0.010728542914171657,0.31694396626647037
3776,0.18113772455089822,0.8728927268373489
3777,0.017714570858283433,0.3059469746491417
3778,0.0014970059880239522,0.9913957597060972
3779,0.08333333333333333,0.6144536664707351
3780,0.018463073852295408,0.7967270605663622
3781,0.002245508982035928,0.0005619742621859425
3782,0.4550898203592814,0.9919370986863669
3783,0.000499001996007984,4.233273469750307e-06
3784,0.002245508982035928,0.18021799475505612
3785,0.45434131736526945,0.9979768627664686
3786,0.000499001996007984,0.0
3787,0.02445109780439122,0.6368585066411058
3790,0.000249500998003992,0.0
3791,0.15718562874251496,0.9999145732767867
3792,0.44011976047904194,0.9826028683218683
3793,0.000499001996007984,0.0
3794,0.009231536926147704,0.6274211104191746
3795,0.156187624750499,0.9999949716968455
3796,0.00124750499001996,0.24849695964623114
3797,0.001996007984031936,0.19839097451423612
3798,0.22105788423153694,0.996643940425252
3799,0.11901197604790419,0.9578747488128276
3800,0.15818363273453093,0.9867789801941327
3801,0.000249500998003992,0.0
3802,0.003243512974051896,0.034562127694924685
3803,0.003243512974051896,0.4990060213230486
3804,0.003493013972055888,0.9999999820978046
3805,0.0054890219560878245,0.6418485230369437
3806,0.000499001996007984,0.0
3807,0.0007485029940119761,0.0
3808,0.00124750499001996,0.0
3809,0.21906187624750498,0.9894393532361097
3810,0.00124750499001996,0.9999937359243747
3811,0.000249500998003992,0.0
3812,0.0054890219560878245,0.9999998960575831
3813,0.1155189620758483,0.9564845485951428
3815,0.000499001996007984,0.9999999511540906
3816,0.000499001996007984,0.0
3817,0.000998003992015968,0.4225577523572071
3818,0.21906187624750498,0.9994727714134413
3819,0.46232534930139724,0.9940769130393377
3820,0.000249500998003992,0.0
3821,0.000499001996007984,1.579393434194653e-05
3822,0.0007485029940119761,8.788601264501673e-06
3823,0.2250499001996008,0.9636413517538114
3824,0.000998003992015968,0.0
3825,0.21906187624750498,0.9958828570272108
3826,0.16042914171656686,0.9862278436552083
3827,0.466566866267465,0.994698192549759
3828,0.000499001996007984,0.0
3829,0.1599301397205589,0.9973895429331128
3830,0.000249500998003992,0.0
3831,0.1599301397205589,0.997389543740398
3832,0.24151696606786427,0.9855814138355906
3833,0.000249500998003992,0.0
3834,0.0124750499001996,0.5273922559875986
3835,0.000499001996007984,0.0
3836,0.0007485029940119761,0.0
3837,0.00124750499001996,0.0
3838,0.000249500998003992,0.0
3839,0.009730538922155689,0.9891610227144587
3840,0.003243512974051896,0.0
3841,0.002245508982035928,0.49899525766786557
3842,0.0027445109780439123,0.0
3843,0.1601796407185629,0.9998864929827829
3844,0.010728542914171657,0.9730048547039364
3845,0.12749500998003993,0.32391250632826063
3846,0.12000998003992017,0.9782557316995718
3847,0.218562874251497,0.9972074271934396
3848,0.2440119760479042,0.9999103236769049
3849,0.1601796407185629,0.9998864931490438
3850,0.000249500998003992,0.0
3851,0.001746506986027944,0.0
3852,0.004491017964071856,0.8546017195267043
3853,0.0029940119760479044,0.9999832275883098
3854,0.010479041916167664,0.7461105625105836
3855,0.000249500998003992,0.0
3856,0.218313373253493,0.9987880428887469
3857,0.000998003992015968,5.493535930128708e-06
3858,0.000249500998003992,0.0
3859,0.0014970059880239522,0.00016687208627798742
3860,0.04640718562874251,0.5081337177377608
3861,0.000499001996007984,0.0
3862,0.000998003992015968,0.0
3863,0.0027445109780439123,0.0
3864,0.02220558882235529,0.5084991049837069
3865,0.4041916167664671,0.9783923794432983
3867,0.0007485029940119761,0.0
3868,0.0007485029940119761,0.0
3869,0.2407684630738523,0.9740244322201174
3870,0.000499001996007984,0.0
3871,0.000499001996007984,0.0
3872,0.43637724550898205,0.991558240665978
3873,0.000249500998003992,0.0
3874,0.4166666666666667,0.9784620531533057
3875,0.124750499001996,0.9712422471053674
3876,0.0012475049900199098,0.01914320818838199
3877,0.015718562874251496,0.6087817799013849
3878,0.2410179640718563,0.9799825965874377
3879,0.4338822355289421,0.9987026310937528
3880,0.44510978043912175,0.999996395896597
3881,0.44510978043912175,0.999939093390262
3882,0.2245508982035928,0.9938037534660086
3883,0.19486027944111775,0.96189307356279
3884,0.005738522954091816,0.005610648245540447
3885,0.0007485029940119761,0.24698779229194484
3886,0.000249500998003992,0.0
3887,0.001996007984031936,0.0
3888,0.15194610778443118,0.879375558860333
3889,0.000249500998003992,0.0
3890,0.18912175648702595,0.9944969153439566
3891,0.2959081836327345,0.9575607844335099
3892,0.18363273453093812,0.9686669637195819
3893,0.000998003992015968,0.0005349898680169748
3894,0.000249500998003992,0.0
3895,0.44086826347305386,0.9998942048638326
3896,0.3595309381237525,0.9999713489600522
3897,0.12250499001996007,0.9980988710625668
3898,0.3592814371257485,0.9999712758084409
3899,0.000249500998003992,0.0
3900,0.000249500998003992,0.0
3901,0.15369261477045904,0.9933669226178591
3902,0.44086826347305386,0.9999747289235489
3903,0.36751497005988026,0.999996965153529
3904,0.000249500998003992,0.9999999900469811
3905,0.0007485029940119761,0.0
3906,0.02245508982035928,0.7094805281790476
3907,0.0007485029940119761,1.1317689162742814e-05
3908,0.4281437125748503,0.9998535037539704
3909,0.010229540918163672,0.005027313014886618
3910,0.42864271457085823,0.9997757996770175
3911,0.029940119760479042,0.9404347455108831
3912,0.0007485029940119761,0.0
3913,0.4281437125748503,0.999937255994236
3914,0.12225548902195604,0.9791635427506789
3915,0.002245508982035928,0.0
3916,0.003992015968063872,4.0168447286287516e-06
3917,0.0007485029940119761,0.0
3918,0.012724550898203593,0.9999858298508145
3919,0.15269461077844315,0.9959199648644204
3920,0.4283932135728543,0.9999992684349509
3921,0.000249500998003992,0.0
3922,0.4283932135728543,0.9999992684349502
3923,0.20184630738522957,0.9999877213326556
3924,0.003243512974051896,0.6653276521184296
3925,0.35778443113772457,0.9425490562207727
3926,0.0014970059880239522,5.782780880362905e-06
3927,0.001996007984031936,0.9999999999841849
3928,0.15494011976047906,0.9999999961396686
3929,0.1689121756487026,0.9820751823422653
3930,0.0014970059880239522,0.0
3931,0.20134730538922152,0.9999999999701852
3932,0.20034930139720564,0.9999582543052921
3933,0.20234530938123751,0.9999693099541292
3934,0.15518962075848308,0.999999996925619
3935,0.000249500998003992,0.0
3936,0.2000998003992016,0.9999999990861848
3937,0.00124750499001996,0.0
3938,0.2000998003992016,0.9999999990861839
3939,0.15369261477045904,0.9999987675664677
3940,0.1913672654690619,0.99999989335262
3941,0.1913672654690619,0.9999998933526271
3942,0.0007485029940119761,0.0
3943,0.2277944111776447,0.990651190662791
3944,0.00124750499001996,0.0
3945,0.011976047904191617,0.9999999299709453
3946,0.000249500998003992,0.0
3947,0.1913672654690619,0.999999893352618
3948,0.15269461077844315,0.9999194979166521
3949,0.000499001996007984,0.0
3950,0.016966067864271458,0.9216657445450328
3951,0.1913672654690619,0.9999998933526075
3952,0.1913672654690619,0.9999998933526306
3953,0.1913672654690619,0.9999998933526151
3954,0.15269461077844315,0.9999999675336848
3955,0.46906187624750495,0.9748880708955798
3956,0.000499001996007984,0.0
3957,0.1891217564870259,0.9999999989422117
3958,0.1891217564870259,0.9999999989422135
3959,0.001746506986027944,0.0
3960,0.003243512974051896,0.3877201718301851
3961,0.1891217564870259,0.9999999989422159
3962,0.01222554890219561,0.9992295993796283
3963,0.0042415169660678645,0.6777878271967525
3964,0.002245508982035928,0.0
3965,0.1891217564870259,0.999999998942215
3966,0.000249500998003992,0.0
3967,0.000998003992015968,0.0
3968,0.39620758483033935,0.9789913994188141
3969,0.000499001996007984,0.0
3970,0.000249500998003992,0.0
3971,0.374750499001996,0.9853998990296224
3972,0.37774451097804396,0.9958573493371752
3973,0.13348303393213568,0.9794859283701466
3974,0.06511976047904192,0.9654966652142845
3975,0.3872255489021956,0.9960755278270971
3976,0.23053892215568864,0.9968052759890326
3977,0.007235528942115769,0.9999998321666043
3978,0.011976047904191617,0.9999999299709207
3979,0.000249500998003992,0.0
3980,0.23053892215568864,0.9968052756418888
3981,0.000249500998003992,5.196224567006839e-06
3982,0.3872255489021956,0.9899637131396118
3983,0.0062375249500998,0.5030915560694382
3984,0.3872255489021956,0.9962617102504502
3985,0.3872255489021956,0.9962617100204175
3986,0.011976047904191617,0.9999999299709667
3987,0.014970059880239521,0.9478592714304233
3988,0.3914670658682635,0.982321803001111
3989,0.0027445109780439123,0.9994330280739754
3990,0.45683632734530943,0.9861693673186004
3991,0.000499001996007984,0.0
3992,0.12999001996007986,0.9999999862780973
3993,0.06661676646706587,0.9999999837984935
3994,0.020958083832335328,0.9999965001672664
3995,0.000499001996007984,0.0
3996,0.4725548902195609,0.9999758459782986
3997,0.000499001996007984,0.0
3998,0.3355788423153693,0.9678697633874913
3999,0.0007485029940119761,0.0
4000,0.4730538922155688,0.9999999735432326
4001,0.000249500998003992,0.0
4002,0.4730538922155688,0.9999999735432337
4003,0.000249500998003992,8.120412114481369e-06
4004,0.029940119760479042,0.9999999940860977
4005,0.23053892215568864,0.9998176610754702
4006,0.000249500998003992,0.0
4007,0.07460079840319361,0.9992037910497583
4008,0.02120758483033932,0.9999967036219464
4009,0.000499001996007984,0.0
4010,0.0007485029940119761,0.4335536175559972
4011,0.03343313373253493,0.9999999951512213
4014,0.0029940119760479044,0.0
4015,0.4730538922155688,0.9999999735432248
4016,0.4730538922155688,0.9999999735432241
4017,0.4730538922155688,0.9999999735432292
4018,0.000499001996007984,0.0
4019,0.374750499001996,0.9900367967250274
4020,0.4730538922155688,0.9999999735432283
4021,0.4540918163672655,0.9930534000106462
4022,0.47230538922155685,0.9999986257942854
4023,0.000249500998003992,0.9482963126967279
4024,0.06487025948103792,0.9999905562178415
4025,0.00249500998003992,0.9958580282462784
4026,0.22105788423153694,0.9999984401036058
4027,0.020209580838323353,0.6557619669126428
4028,0.45908183632734534,0.9997507340498745
4029,0.23527944111776447,0.9999994798647566
4030,0.002245508982035928,0.9999999639343088
4031,0.009730538922155689,0.9999999997577627
4032,0.46681636726546905,0.9999869407305447
4033,0.466566866267465,0.9999999978209391
4034,0.4660678642714571,0.9999999154092534
4035,0.000249500998003992,0.0
4036,0.4660678642714571,0.999999915409254
4037,0.4660678642714571,0.9999999154092507
4038,0.000499001996007984,0.0
4039,0.46581836327345305,0.9999994079959563
4040,0.4660678642714571,0.9999999154092636
4041,0.46581836327345305,0.9836954571653356
4042,0.4660678642714571,0.9999999154092543
4043,0.17215568862275454,0.9999980482300908
4044,0.027944111776447105,0.9999979958042683
4045,0.00998003992015968,0.9999999954504815
4046,0.22105788423153694,0.9999984401035008
4047,0.12125748502994016,0.9999946040656216
4048,0.46457085828343314,0.9999999999795537
4049,0.46457085828343314,0.9999999999795508
4050,0.4653193612774451,0.9999999985881596
4051,0.4660678642714571,0.9999999154092636
4052,0.47455089820359286,0.9999990526146268
4053,0.4663173652694611,0.9979885108475927
4054,0.4660678642714571,0.9986014008165827
4055,0.04890219560878244,0.9999999881571402
4056,0.4748003992015968,0.9999990513143896
4057,0.4660678642714571,0.9979856797735408
4058,0.4805389221556886,0.9997448889946503
4059,0.043912175648702596,0.9998829014931417
4061,0.043662674650698605,0.9988932834937728
4062,0.4663173652694611,0.9979885113273
4064,0.4663173652694611,0.9979885108485095
4065,0.4660678642714571,0.9979856670929599
4066,0.000249500998003992,0.0
4067,0.027944111776447105,0.9999979958042758
4068,0.4663173652694611,0.9979885108476118
4069,0.13073852295409183,0.9793356515452519
4070,0.46556886227544914,0.9979806776038435
4071,0.4650698602794411,0.9999052504462219
4072,0.4650698602794411,0.9999052504466449
4073,0.4650698602794411,0.9919761713503049
4074,0.23003992015968064,0.9999995873203492
4075,0.23003992015968064,0.9999995873204964
4076,0.4663173652694611,0.9998759371850023
4077,0.4660678642714571,0.9979853312141391
4078,0.466566866267465,0.9981715853921986
4079,0.000499001996007984,0.0
4080,0.09131736526946108,0.9999920338764849
4081,0.0062375249500998,0.6658863277639626
4082,0.4663173652694611,0.9979885108476149
4083,0.4698103792415169,0.9988576640264561
4084,0.4660678642714571,0.9979856773318562
4085,0.4663173652694611,0.9958008298728089
4086,0.029940119760479042,0.999999994086096
4087,0.469560878243513,0.9863737741860029
4088,0.46556886227544914,0.9996198283892518
4089,0.000998003992015968,0.0
4090,0.46581836327345305,0.9999998840960775
4091,0.48078842315369263,0.9920100631037222
4092,0.46556886227544914,0.9999996741610592
4093,0.23053892215568864,0.989304524559823
4094,0.000249500998003992,0.0
4095,0.00124750499001996,0.9999999133829788
4096,0.0007485029940119761,0.0
4097,0.000249500998003992,0.0
4098,0.030189620758483034,0.9999999991778841
4099,0.000998003992015968,0.0
4101,0.2345309381237525,0.9999994273563206
4102,0.005239520958083832,0.8600241595303489
4103,0.469311377245509,0.9844605497515967
4104,0.015469061876247504,0.999999991151463
4105,0.000249500998003992,0.0
4106,0.13947105788423153,0.9999999988192076
4107,0.13947105788423153,0.999999998819205
4108,0.23028942115768464,0.9817991602349779
4109,0.030189620758483034,0.9999999991778821
4110,0.47130738522954096,0.9919773115013621
4111,0.4750499001996008,0.9940371749019796
4112,0.000499001996007984,0.0
4113,0.2564870259481038,0.9999999757492858
4114,0.12999001996007986,0.9999999276129914
4115,0.47130738522954096,0.9999836742159769
4116,0.000249500998003992,0.0
4117,0.015219560878243513,0.9999999804748564
4118,0.015469061876247504,0.9999999911514588
4119,0.06761477045908183,0.9999999799535318
4120,0.008982035928143712,0.9999999967550381
4121,0.47030938123752497,0.9999669239588965
4122,0.023203592814371257,0.9999998828593571
4123,0.000249500998003992,0.0
4124,0.00124750499001996,0.0
4125,0.000249500998003992,4.0164770630852826e-06
4126,0.1292415169660679,0.9999999974246727
4127,0.030189620758483034,0.9999999991778807
4128,0.2744510978043912,0.9999993352453137
4130,0.2657185628742515,0.9999995256237241
4131,0.006986027944111776,0.7887432581931915
4132,0.4825349301397206,0.9886731480117715
4133,0.23478043912175647,0.9998647437125928
4134,0.2846806387225549,0.9999806301816739
4135,0.4473552894211577,0.931817720701109
4136,0.001746506986027944,0.0
4137,0.06736526946107785,0.9998919268786706
4138,0.21706586826347307,0.9875390222093079
4139,0.008982035928143712,0.8323655828775666
4140,0.22355289421157687,0.9638237099327911
4141,0.21781437125748504,0.9999825173835157
4142,0.000249500998003992,0.0
4143,0.24575848303393213,0.9996751528267952
4144,0.008982035928143712,0.15999389695567923
4145,0.000499001996007984,0.0
4146,0.28967065868263475,0.8739090767219244
4147,0.1923652694610778,0.9999674256824035
4148,0.2467564870259481,0.9890435600546763
4149,0.07035928143712575,0.9999522163859886
4150,0.000499001996007984,0.0
4151,0.000249500998003992,0.0
4152,0.2163173652694611,0.8493790661872863
4153,0.19211576846307388,0.8969447509316548
4154,0.000998003992015968,0.0
4155,0.15294411177644707,0.9868364075307272
4156,0.0014970059880239522,1.611152153043254e-05
4157,0.0029940119760479044,0.9999997842929947
4158,0.000249500998003992,0.0
4159,0.3847305389221557,0.8736649235585062
4160,0.3340818363273453,0.9905133003564639
4161,0.01472055888223553,0.9999999898209173
4162,0.000249500998003992,0.0
4163,0.000998003992015968,0.0
4164,0.11127744510978044,0.9929549487504709
4165,0.004491017964071856,0.9682698329819002
4166,0.004491017964071856,0.9682698115224103
4167,0.4249001996007984,0.9826342139899487
4168,0.0007485029940119761,0.0
4169,0.07559880239520958,0.9999999984478558
4170,0.008483033932135729,0.09827228202621066
4171,0.04441117764471058,0.9999999993027371
4172,0.00124750499001996,0.9831797974194298
4173,0.07909181636726546,0.999999998469691
4174,0.35578842315369263,0.9999706620049363
4175,0.11102794411177641,0.9999994686478355
4176,0.27644710578842313,0.9999999999562021
4177,0.02245508982035928,0.9999999998316205
4178,0.016716566866267466,0.9999938532062951
4179,0.15419161676646706,0.999973986771574
4180,0.000499001996007984,0.0
4181,0.003243512974051896,0.6363482709420077
4182,0.02245508982035928,0.9999999998316198
4183,0.01621756487025948,0.8953325327532158
4184,0.000249500998003992,0.0
4185,0.27619760479041916,0.9999999999965907
4186,0.0029940119760479044,0.0
4187,0.003493013972055888,0.9999999971929183
4188,0.02245508982035928,0.9999999998316227
4189,0.04491017964071856,0.9999999983696559
4190,0.0531437125748503,0.999999999885895
4191,0.15394211576846306,0.9999434849088282
4192,0.056636726546906185,0.999999991541521
4193,0.27619760479041916,0.9999999999965807
4194,0.000249500998003992,0.0
4195,0.08033932135728543,0.9999999991752839
4196,0.000499001996007984,0.9999635695199474
4197,0.009481037924151697,0.5138849692327392
4198,0.2754491017964072,0.9999999998932219
4200,0.02245508982035928,0.9999999998316227
4201,0.002245508982035928,0.9999999784948469
4202,0.15394211576846306,0.9999434849088291
4203,0.02245508982035928,0.9999999998316211
4204,0.000249500998003992,0.0
4205,0.000249500998003992,0.0
4206,0.07984031936127745,0.9999999991046893
4207,0.2759481037924152,0.9999999986524888
4208,0.27619760479041916,0.9999995606997326
4209,0.003243512974051896,0.9999989550131644
4210,0.1536926147704591,0.9999999757781662
4211,0.000249500998003992,0.0
4212,0.000249500998003992,0.0
4213,0.045159680638722555,0.9999999935967399
4214,0.000249500998003992,0.0
4215,0.3280938123752495,0.9999999768207793
4216,0.467564870259481,0.999999788257291
4217,0.000499001996007984,0.0
4218,0.000249500998003992,0.0
4219,0.27944111776447106,0.9999999898857701
4220,0.1536926147704591,0.9999999999999443
4221,0.27994011976047906,0.9999999908239785
4222,0.1536926147704591,0.9999999999999469
4223,0.468562874251497,0.9920230427827388
4224,0.003493013972055888,0.9999623983739139
4225,0.05389221556886228,0.9999999996403488
4226,0.468313373253493,0.9999976098996377
4227,0.045159680638722555,0.9999999935967423
4228,0.05064870259481038,0.9620838488818425
4229,0.3338323353293413,0.9999349001340011
4230,0.05389221556886228,0.9999999829121161
4231,0.46806387225548907,0.9999897518171926
4232,0.05389221556886228,0.9999999996403528
4233,0.000249500998003992,0.0
4234,0.13547904191616766,0.9875241837098301
4235,0.467564870259481,0.9999963129927653
4236,0.19386227544910184,0.9659501409578024
4237,0.05389221556886228,0.9999999996403486
4238,0.000998003992015968,0.0
4239,0.000998003992015968,0.0
4240,0.024201596806387227,0.9999888518193656
4241,0.1534431137724551,0.999999999935373
4242,0.2744510978043912,0.9981818250105172
4243,0.00124750499001996,0.0
4244,0.000249500998003992,0.0
4245,0.000499001996007984,0.0
4246,0.11127744510978044,0.9999999168351115
4247,0.12899201596806387,0.99681302809981
4248,0.000998003992015968,0.0
4249,0.3383233532934132,0.9988977263949914
4250,0.15244510978043913,0.9943600282743565
4251,0.000499001996007984,0.0
4252,0.000249500998003992,0.0
4253,0.000249500998003992,0.0
4254,0.04266467065868264,0.9999999553481651
4255,0.000998003992015968,0.0
4256,0.16492015968063872,0.9994119225057913
4257,0.1656686626746507,0.9995762842037065
4258,0.16541916167664672,0.999427142296187
4259,0.000499001996007984,0.0
4260,0.00499001996007984,0.7731676253969607
4261,0.000249500998003992,0.0
4262,0.0007485029940119761,0.0
4263,0.0007485029940119761,0.11611943258119531
4265,0.2969061876247505,0.9997040260793881
4266,0.33632734530938124,0.9909525730677012
4267,0.33632734530938124,0.9999871630368414
4268,0.4932634730538922,0.9926158932140324
4269,0.0007485029940119761,0.0
4271,0.1664171656686627,0.9939857105593611
4272,0.0007485029940119761,0.0
4273,0.33632734530938124,0.9999871630585113
4274,0.16067864271457086,0.64896095979435
4275,0.0014970059880239522,0.0
4276,0.33607784431137727,0.9999905120176142
4277,0.0721057884231537,0.9991572966590514
4278,0.11252495009980035,0.9648303068352828
4279,0.16467065868263472,0.9978701219002827
4280,0.001996007984031936,0.05642691813681502
4281,0.33582834331337325,0.9907847667838277
4282,0.0014970059880239522,2.146579512284776e-08
4283,0.038922155688622756,0.9538576301350696
4284,0.16467065868263472,0.9978701202512539
4285,0.000249500998003992,0.0
4286,0.4486027944111777,0.9999999230993374
4287,0.00124750499001996,0.0
4288,0.44835329341317365,0.9999988902038944
4289,0.1501996007984032,0.9999669607081749
4290,0.000499001996007984,0.0
4291,0.0074850299401197605,0.22447473061645945
4292,0.000249500998003992,0.0
4293,0.44835329341317365,0.9999999750915604
4294,0.44835329341317365,0.9999999750915535
4295,0.25299401197604793,0.9999999718833072
4296,0.00124750499001996,0.0
4297,0.3101297405189621,0.9900947002142959
4298,0.11252495009980035,0.9994414899899834
4299,0.0014970059880239522,0.9909739926349604
4300,0.001746506986027944,0.0
4301,0.011477045908183632,0.03455213513463921
4302,0.4476047904191617,0.9984973279312629
4303,0.003243512974051896,0.9996435108448586
4304,0.003243512974051896,0.6168971513411717
4305,0.000249500998003992,0.0
4306,0.000249500998003992,0.0
4307,0.030189620758483034,0.12303857989569039
4308,0.3231037924151697,0.9947110759830224
4309,0.0037425149700598802,0.9994852201072728
4310,0.436127744510978,0.9918500472985795
4311,0.43762475049900196,0.9999984259746891
4312,0.04491017964071856,0.7687520416948551
4313,0.002245508982035928,0.1405768868462792
4314,0.000249500998003992,0.0
4315,0.000249500998003992,0.0
4316,0.2964071856287425,0.9999980435549526
4317,0.003243512974051896,0.6363482427975194
4318,0.0062375249500998,0.970116952679223
4319,0.0007485029940119761,0.9999999812970525
4320,0.3046407185628742,0.9926099374863131
4321,0.002245508982035928,0.0
4322,0.000249500998003992,0.0
4323,0.07360279441117765,0.9999999949411065
4324,0.11277445109780437,0.9999842495646807
4325,0.3819860279441118,0.9951218136936363
4326,0.000249500998003992,0.0
4327,0.312624750499002,0.9739858573860809
4328,0.000249500998003992,0.0
4329,0.014221556886227544,0.9522999458420144
4330,0.000249500998003992,0.0
4331,0.000499001996007984,0.0
4332,0.07360279441117765,0.9999999949411038
4333,0.0027445109780439123,0.9993108022225121
4334,0.00124750499001996,0.0
4335,0.000249500998003992,0.0
4336,0.1631736526946108,0.9813872941904929
4337,0.01721556886227545,0.9999999598982332
4338,0.040419161676646706,0.9999999829053491
4339,0.4555888223552894,0.9999406606681989
4340,0.07360279441117765,0.9999999949411074
4341,0.000998003992015968,0.6653277021703656
4342,0.2944111776447106,0.9999840736481452
4343,0.008982035928143712,0.7977424010610378
4344,0.16192614770459082,0.9868719694897965
4345,0.0014970059880239522,0.8126985592828551
4346,0.00124750499001996,0.9950480664740179
4347,0.040419161676646706,0.9999999829054261
4348,0.000499001996007984,0.0
4349,0.000249500998003992,0.0
4350,0.11252495009980035,0.9949284023100216
4351,0.11277445109780437,0.9948244518219284
4352,0.07310379241516966,0.9999966954714449
4353,0.014970059880239521,0.8048642761774503
4354,0.04091816367265469,0.9999996061292847
4355,0.009231536926147704,0.9985799596402829
4356,0.2722055888223553,0.9808192536713836
4357,0.002245508982035928,0.09416651375115168
4358,0.32010978043912175,0.9964049609529373
4359,0.00998003992015968,0.6774985051863281
4360,0.07335329341317365,0.9999756076595046
4361,0.000499001996007984,0.00013329574617660937
4362,0.3166167664670659,0.9909468406988595
4363,0.11227544910179643,0.9803948073305814
4364,0.0406686626746507,0.9999999611067018
4365,0.045159680638722555,0.9753676643633501
4366,0.3078842315369261,0.9959107368624809
4367,0.00249500998003992,0.8323782285862797
4368,0.3198602794411178,0.9913553515990426
4369,0.014221556886227544,0.9317304541683973
4370,0.14620758483033933,0.9994108514625126
4371,0.14620758483033933,0.9994108511172541
4372,0.3078842315369261,0.991678323350341
4373,0.01746506986027944,0.9999999184009617
4374,0.16716566866267465,0.9985474998324085
4375,0.000249500998003992,0.0
4376,0.01746506986027944,0.9999999183563256
4377,0.000249500998003992,0.0
4378,0.00249500998003992,0.19840158705607305
4379,0.1467065868263473,0.9893015813377166
4380,0.32010978043912175,0.9836181056865125
4381,0.1217564870259481,0.8886333694359124
4382,0.01746506986027944,0.999919149416826
4383,0.4533433133732535,0.9450653358391513
4384,0.0007485029940119761,0.0
4385,0.0014970059880239522,0.4978763271622722
4386,0.002245508982035928,0.0
4387,0.4338822355289421,0.9999999990970572
4388,0.1467065868263473,0.9893015835508187
4389,0.0014970059880239522,0.0
4390,0.45059880239520955,0.9999329186217659
4391,0.4508483033932136,0.997844877252938
4392,0.000249500998003992,0.0
4393,0.0007485029940119761,0.0
4394,0.0074850299401197605,0.9981874860650801
4395,0.4338822355289421,0.9999999990970565
4396,0.000499001996007984,0.0
4397,0.000499001996007984,0.0
4398,0.45034930139720564,0.9837700408575524
4399,0.43113772455089816,0.9836932020336525
4400,0.016966067864271458,0.9992847076236065
4401,0.020459081836327345,0.9647328543208465
4402,0.3213572854291417,0.9999999201699901
4403,0.11027944111776444,0.999989721656063
4404,0.4488522954091816,0.9999999901008896
4405,0.000998003992015968,0.0
4406,0.1107784431137725,0.989522352348041
4407,0.4313872255489022,0.9999996256617993
4408,0.000499001996007984,0.0
4409,0.005239520958083832,0.9999810689307631
4410,0.000249500998003992,0.0
4411,0.3213572854291417,0.999999920170032
4412,0.000249500998003992,0.0
4413,0.31087824351297405,0.9998215443389694
4414,0.000998003992015968,0.0
4415,0.0014970059880239522,0.0
4416,0.0042415169660678645,0.9999946753975857
4417,0.001996007984031936,0.006028684228770858
4418,0.000998003992015968,0.0
4419,0.01721556886227545,0.9999999598982341
4420,0.44835329341317365,0.999944032808739
4421,0.0007485029940119761,0.0
4422,0.000249500998003992,0.0
4423,0.0074850299401197605,0.9999893411047466
4424,0.000249500998003992,0.0
4425,0.000249500998003992,0.0
4426,0.1469560878243513,0.9858001346002195
4427,0.017964071856287425,0.6961080671118466
4429,0.003243512974051896,0.9999903803876564
4430,0.4313872255489022,0.9999998834986682
4431,0.000249500998003992,0.0
4432,0.000249500998003992,0.0
4433,0.001996007984031936,0.9999862892513015
4434,0.000499001996007984,0.3975889915371652
4435,0.1469560878243513,0.9861281503382342
4436,0.0007485029940119761,0.9997691709763613
4437,0.44960079840319356,0.9999995987026996
4438,0.311127744510978,0.9914134158064905
4439,0.000249500998003992,0.0
4440,0.4595808383233533,0.9877147367440264
4441,0.31137724550898205,0.991987159480168
4442,0.25523952095808383,0.9856531865252683
4443,0.000249500998003992,0.0
4444,0.11052894211576847,0.9999992611065004
4445,0.46681636726546905,0.9919655428665313
4446,0.37524950099800397,0.9999831048417602
4447,0.000998003992015968,0.0
4448,0.01222554890219561,0.4538425448545951
4449,0.003992015968063872,0.6693388925222322
4450,0.000249500998003992,0.0
4451,0.00124750499001996,0.9999990966171433
4452,0.000249500998003992,0.0
4453,0.000499001996007984,0.7603474298252687
4454,0.011477045908183632,0.9999988668179653
4455,0.000998003992015968,0.0
4456,0.44835329341317365,0.9918782448147472
4457,0.4486027944111777,0.9999997858265767
4458,0.1467065868263473,0.9904663178119658
4459,0.0007485029940119761,0.0
4460,0.11052894211576847,0.9998592727516249
4461,0.42440119760479045,0.9836578193354734
4462,0.02220558882235529,0.6924840265644666
4463,0.000998003992015968,0.0
4464,0.000998003992015968,0.0
4465,0.0029940119760479044,0.9994025338215401
4467,0.4186626746506986,0.9999821476871398
4468,0.4186626746506986,0.9999821476871422
4469,0.0014970059880239522,0.0
4470,0.0042415169660678645,0.7484909445623426
4471,0.000249500998003992,0.0
4472,0.4540918163672655,0.9997921962548614
4473,0.000998003992015968,0.0
4475,0.16092814371257486,0.9998951848116467
4476,0.000249500998003992,0.0
4477,0.3091317365269461,0.9999475151757931
4478,0.3091317365269461,0.9999511718961078
4479,0.45508982035928147,0.9919801008202003
4480,0.001996007984031936,0.9999999999841824
4481,0.0007485029940119761,7.220467830971351e-06
4482,0.4194111776447106,0.9930327178116692
4483,0.000998003992015968,0.0
4484,0.1594311377245509,0.9999474140229696
4485,0.000998003992015968,0.21400520635703107
4486,0.000249500998003992,0.0
4487,0.4229041916167665,0.9923524183595498
4488,0.3088822355289421,0.9999622296990722
4489,0.0037425149700598802,0.9910164169611028
4490,0.000249500998003992,0.0
4491,0.014970059880239521,0.9945021850118062
4492,0.000998003992015968,0.0
4493,0.0007485029940119761,0.0
4494,0.000499001996007984,0.0
4495,0.38547904191616766,0.9917541280227623
4496,0.4229041916167665,0.9918532267446625
4498,0.3884730538922156,0.9909926220704433
4499,0.16167664670658682,0.9704345175133573
4500,0.004740518962075849,0.8024992648049404
4501,0.4326347305389222,0.991876321583945
4502,0.011477045908183632,0.9999988668179618
4503,0.000499001996007984,0.0
4504,0.311626746506986,0.9759233696865438
4505,0.000249500998003992,0.0
4506,0.19136726546906188,0.9999985654040298
4507,0.17964071856287425,0.9998233645041371
4508,0.3221057884231537,0.9915685655844237
4509,0.11052894211576847,0.9998592727516173
4510,0.11102794411177641,0.9796221286777078
4511,0.000499001996007984,0.0
4512,0.000249500998003992,5.962569547760787e-06
4513,0.010728542914171657,0.5372348051493938
4514,0.436127744510978,0.9827242539561493
4515,0.3246007984031936,0.9860638819283506
4516,0.25898203592814373,0.99994154011818
4517,0.0007485029940119761,0.0
4518,0.2559880239520958,0.9999995164080636
4519,0.24201596806387227,0.9999997512420892
4520,0.0007485029940119761,0.0
4521,0.3592814371257485,0.9998213740595735
4522,0.1107784431137725,0.999605513925133
4523,0.000499001996007984,0.0
4524,0.1107784431137725,0.9996055139250275
4525,0.218562874251497,0.9999893851329669
4526,0.218313373253493,0.9999945659027288
4527,0.30813373253493015,0.9804916144922109
4528,0.3595309381237525,0.9953586898167031
4529,0.37100798403193613,0.9998877309785614
4530,0.3695109780439122,0.9994759608840824
4532,0.37150698602794413,0.9999999862644244
4533,0.26596806387225547,0.9999550283627584
4534,0.2662175648702595,0.9976413569626368
4535,0.2662175648702595,0.9999332950672697
4536,0.2994011976047904,0.9913128204901632
4537,0.007235528942115769,0.3611791540763992
4538,0.26596806387225547,0.9999114247305412
4539,0.05089820359281437,0.8192215995967695
4540,0.3762475049900199,0.9923462283636105
4541,0.312874251497006,0.9919023013599187
4542,0.32709580838323354,0.9810348111312585
4543,0.000249500998003992,0.0
4544,0.007734530938123752,0.2905058190274243
4545,0.37774451097804396,0.9980960342471297
4546,0.3268463073852296,0.9999941615048635
4547,0.2959081836327345,0.997641786422757
4548,0.30863273453093815,0.9923941013705623
4549,0.000998003992015968,4.941443717882837e-05
4550,0.3268463073852296,0.9999941615048584
4551,0.32659680638722555,0.9999997430613189
4552,0.2959081836327345,0.9976417864258305
4553,0.29890219560878245,0.9922482062597795
4554,0.3268463073852296,0.999999819132344
4555,0.3405688622754491,0.9969216604644229
4556,0.0007485029940119761,0.0
4557,0.3141217564870259,0.9855987860735852
4558,0.011976047904191617,0.9999702887916607
4559,0.3408183632734531,0.9968887381945545
4560,0.011976047904191617,0.9999702887829831
4561,0.32659680638722555,0.9906433462730476
4562,0.3922155688622755,0.9915007049410502
4563,0.3268463073852296,0.9999999807399956
4564,0.29565868263473055,0.9976422766433101
4565,0.3268463073852296,0.9999999807399959
4566,0.3268463073852296,0.9999999807400025
4567,0.3268463073852296,0.9999999807400081
4568,0.3268463073852296,0.9999999807400127
4569,0.0027445109780439123,0.823810245481999
4570,0.32659680638722555,0.9999920063095985
4571,0.06511976047904192,0.9999551160929828
4572,0.3922155688622755,0.999737908404177
4573,0.2667165668662675,0.99998309194616
4575,0.3924650698602794,0.9997378364461392
4576,0.37549900199600794,0.9999669702123801
4577,0.310129740518962,0.999999999387172
4578,0.000249500998003992,0.0
4579,0.11177644710578842,0.9999998001722006
4580,0.310129740518962,0.9999999918473546
4581,0.2667165668662675,0.9999837500861055
4582,0.0007485029940119761,0.04279711501859793
4583,0.000249500998003992,0.0
4584,0.09505988023952096,0.9999999879758095
4585,0.003992015968063872,0.41750687119014634
4586,0.2662175648702595,0.9969190300311915
4587,0.000249500998003992,0.0
4588,0.0027445109780439123,0.6728696386650469
4589,0.01746506986027944,0.9996197517832075
4590,0.35803393213572854,0.9999999672974731
4591,0.3582834331337325,0.9999999992295894
4592,0.32659680638722555,0.999999999726908
4593,0.000499001996007984,0.0
4594,0.3096307385229541,0.9999999918922065
4595,0.000249500998003992,2.4760377618742607e-05
4596,0.001746506986027944,0.998908184413168
4597,0.2667165668662675,0.9999817580483572
4599,0.32659680638722555,0.9999999997269107
4600,0.312375249500998,0.9999315233954372
4601,0.06786427145708583,0.9009349274759482
4602,0.42240518962075846,0.9999944903169818
4603,0.2667165668662675,0.9999837500861033
4604,0.000499001996007984,0.0
4605,0.09505988023952096,0.9999999998968243
4606,0.2667165668662675,0.9999837500390709
4607,0.2667165668662675,0.9999837500860949
4608,0.16217564870259482,0.9972819908083719
4609,0.37325349301397204,0.9999986626524909
4610,0.000249500998003992,0.0
4611,0.26771457085828343,0.9978645087231629
4612,0.30813373253493015,0.9999999442765591
4613,0.000249500998003992,0.0
4614,0.35803393213572854,0.9999998557301576
4615,0.09505988023952096,0.9999999999030458
4616,0.0007485029940119761,0.0
4617,0.000249500998003992,0.0
4618,0.1641716566866267,0.9957108458780612
4619,0.09481037924151696,0.9999999994981057
4620,0.0007485029940119761,0.0
4621,0.09481037924151696,0.999999999498099
4622,0.4244011976047904,0.9999944503534299
4623,0.000249500998003992,0.0
4624,0.003243512974051896,0.0
4625,0.312375249500998,0.9905340345242774
4626,0.35903193612774453,0.9999998385608672
4627,0.35903193612774453,0.9999998385609402
4628,0.000499001996007984,0.0
4629,0.30713572854291415,0.999999999927776
4630,0.30688622754491013,0.9999999990174764
4631,0.00124750499001996,0.0
4632,0.000249500998003992,0.0
4633,0.373003992015968,0.9999461200967372
4634,0.06536926147704591,0.9999997559995548
4635,0.09505988023952096,0.9999999998344684
4636,0.30688622754491013,0.9999999990174562
4637,0.35903193612774453,0.9999898085858083
4638,0.000249500998003992,0.0
4639,0.37225548902195604,0.991199587444661
4640,0.26771457085828343,0.999971256109181
4641,0.003243512974051896,0.04847939075364257
4642,0.000249500998003992,0.0
4643,0.3043912175648703,0.9999999837317969
4644,0.000249500998003992,0.0
4645,0.30389221556886226,0.9903614666426785
4646,0.31786427145708585,0.9999982595180344
4647,0.3043912175648703,0.9999999837318069
4648,0.3181137724550898,0.9999751105843687
4649,0.0029940119760479044,0.999644958358219
4651,0.31312375249500995,0.999920476224494
4652,0.31312375249500995,0.9999204763248104
4654,0.26771457085828343,0.9999712561091746
4655,0.31137724550898205,0.9975540392065818
4656,0.3657684630738523,0.999999604241186
4657,0.312874251497006,0.9999996575069079
4658,0.3046407185628742,0.9999944110759702
4659,0.3046407185628742,0.999999997942556
4660,0.05214570858283433,0.9873214953468904
4661,0.000499001996007984,9.103342106746183e-05
4662,0.000249500998003992,0.0
4663,0.312874251497006,0.9999996575069334
4664,0.3046407185628742,0.99999999794256
4665,0.26771457085828343,0.9999712561052652
4666,0.0027445109780439123,0.0
4667,0.3787425149700599,0.9979836687185198
4668,0.38298403193612773,0.9999999549171853
4670,0.26771457085828343,0.9999712561052596
4671,0.1968562874251497,0.9848053664846411
4672,0.09456087824351297,0.9999999996662128
4673,0.11127744510978044,0.9999999427118503
4674,0.003992015968063872,0.8150769199058994
4675,0.19710578842315374,0.9999967161284448
4676,0.013972055888223553,0.8870673454281319
4677,0.00124750499001996,0.0
4678,0.3468063872255489,0.991097896464394
4679,0.3847305389221557,0.9999999545881139
4680,0.26746506986027946,0.9999996859655695
4681,0.000499001996007984,0.0
4682,0.26746506986027946,0.9999996859653693
4683,0.2662175648702595,0.9999998641745225
4684,0.24326347305389218,0.9901349251987259
4685,0.017964071856287425,0.8134217700682834
4686,0.009231536926147704,0.9707409238597078
4687,0.26422155688622756,0.990992974474942
4688,0.3480538922155688,0.9906305185297821
4689,0.3847305389221557,0.9908316146384919
4690,0.000249500998003992,0.0
4691,0.26397205588822353,0.999755591504068
4692,0.26397205588822353,0.9997555916866478
4693,0.09730538922155689,0.9999999998292284
4694,0.000249500998003992,0.0
4695,0.26397205588822353,0.9999438391973402
4696,0.26397205588822353,0.9999438392849902
4697,0.0027445109780439123,4.1467190772752764e-07
4698,0.000249500998003992,0.0
4699,0.3448103792415169,0.9980307718057685
4700,0.32659680638722555,0.726089379723265
4701,0.000249500998003992,0.47809978616966176
4702,0.3153692614770459,0.9865539566905612
4704,0.34530938123752497,0.9864900553952319
4705,0.27045908183632733,0.9673070565982183
4706,0.000499001996007984,0.0
4707,0.000499001996007984,0.0
4708,0.000249500998003992,0.00013439326254621164
4709,0.07060878243512975,0.21639322154546745
4710,0.4161676646706587,0.9658459528241795
4711,0.4129241516966068,0.9645380600593125
4712,0.0007485029940119761,0.0
4713,0.009481037924151697,0.29110829772758157
4714,0.20109780439121758,0.4794026338572723
4715,0.2597305389221557,0.7317606774755214
4716,0.0029940119760479044,0.014183590608073775
4717,0.05139720558882235,0.999886241976592
4718,0.30164670658682635,0.814183037090942
4719,0.000499001996007984,2.4826245385548228e-05
4720,0.34056886227544914,0.9813833400271763
4721,0.37100798403193613,0.9352140163175342
4722,0.000249500998003992,0.0
4723,0.0007485029940119761,0.0
4724,0.2218063872255489,0.9188078373753618
4725,0.000249500998003992,0.0
4726,0.23827345309381237,0.9999021088002359
4727,0.003243512974051896,0.0
4728,0.2370259481037924,0.9999999225451939
4729,0.002245508982035928,0.9986882461162078
4730,0.23927145708582834,0.9635066454459544
4731,0.32759481037924154,0.995262550458023
4732,0.000499001996007984,0.0
4733,0.0014970059880239522,0.24903386702743663
4734,0.3410678642714571,0.9999959430765555
4735,0.000499001996007984,2.2463729922294753e-06
4736,0.000249500998003992,0.0
4737,0.29840319361277445,0.9870111194740692
4738,0.000499001996007984,0.0
4739,0.05239520958083832,0.9999862830633196
4740,0.2375249500998004,0.9893026998716251
4741,0.008233532934131737,0.9853229691214769
4742,0.000499001996007984,0.9999960850929028
4743,0.2375249500998004,0.9999991457147038
4744,0.23927145708582834,0.9999999565736266
4745,0.2375249500998004,0.9999991457148142
4746,0.29790419161676646,0.9966589991978444
4747,0.23952095808383234,0.999997946182277
4748,0.3293413173652695,0.999876044829406
4749,0.2377744510978044,0.9999998480254679
4750,0.20733532934131738,0.9999983191299713
4751,0.20708582834331338,0.9970711077297032
4752,0.000998003992015968,0.9999999999867384
4753,0.000499001996007984,0.0
4754,0.32859281437125754,0.9998765156593584
4755,0.3283433133732535,0.9905708012441293
4756,0.32659680638722555,0.9995937703635032
4757,0.20758483033932135,0.9936242070281768
4758,0.0007485029940119761,0.0
4759,0.23478043912175647,0.9904814957773558
4760,0.3410678642714571,0.9927284878400384
4761,0.4249001996007984,0.9675745869320266
4762,0.00124750499001996,0.0
4763,0.36926147704590817,0.8998232058789866
4764,0.000499001996007984,0.0
4765,0.08308383233532934,0.7367557976740442
4766,0.25523952095808383,0.9393510733685195
4767,0.0014970059880239522,3.44217556770595e-05
4768,0.0007485029940119761,0.22972649436319023
4769,0.001996007984031936,0.0
4770,0.01472055888223553,0.09436313900948945
4771,0.3241017964071856,0.9802206180906361
4772,0.000249500998003992,0.0
4773,0.004491017964071856,0.7916287108617558
4774,0.003493013972055888,0.9999999919694593
4775,0.000249500998003992,0.0
4776,0.001996007984031936,0.5032637825131713
4777,0.0007485029940119761,0.0
4779,0.000499001996007984,0.0
4780,0.000249500998003992,0.0
4781,0.000249500998003992,0.0
4782,0.000499001996007984,0.0
4783,0.4471057884231537,0.9543120714630875
4784,0.000249500998003992,0.0
4785,0.3221057884231537,0.9962076140170838
4786,0.000249500998003992,0.0
4787,0.00124750499001996,0.671232197418374
4788,0.000249500998003992,0.0
4789,0.008982035928143712,0.9607411967103289
4790,0.001996007984031936,0.0
4791,0.32285429141716565,0.9575708278441425
4792,0.018213572854291416,0.7260603378783902
4793,0.11776447105788423,0.9992415772760056
4794,0.025449101796407136,0.1246550704800746
4795,0.000499001996007984,0.0
4796,0.0007485029940119761,0.0
4797,0.000499001996007984,0.0002723302617957077
4798,0.42065868263473055,0.9881399699851227
4799,0.05139720558882235,0.9966385223695114
4800,0.000499001996007984,0.0
4801,0.11776447105788423,0.9992415786355058
4802,0.000249500998003992,0.0
4803,0.001996007984031936,0.0
4804,0.0007485029940119761,0.0
4805,0.000249500998003992,0.0
4806,0.009231536926147704,0.9611436498058389
4807,0.000249500998003992,3.934566323672324e-06
4808,0.000499001996007984,0.0
4809,0.000998003992015968,0.0
4810,0.000249500998003992,0.0
4811,0.0029940119760479044,0.9999984491326628
4812,0.3208582834331337,0.987823245301462
4813,0.000249500998003992,0.0
4814,0.4291417165668663,0.9998936971933092
4815,0.019461077844311378,0.9995716119711805
4816,0.4318862275449102,0.9997538425420692
4817,0.05064870259481038,0.9625458071288531
4818,0.05064870259481038,0.9625458065446755
4819,0.29890219560878245,0.9394710643123428
4820,0.4318862275449102,0.9587370299608738
4821,0.000249500998003992,0.0
4822,0.050149700598802395,0.9650122923568387
4823,0.3153692614770459,0.9722061238944997
4824,0.009730538922155689,0.9999139068270413
4825,0.23303393213572854,0.9220423326219239
4826,0.000249500998003992,0.0
4827,0.0007485029940119761,0.0
4828,0.003992015968063872,0.20739080329355034
4829,0.00124750499001996,0.19839479584806746
4830,0.0014970059880239522,0.9999905240956815
4831,0.000249500998003992,0.0
4832,0.32010978043912175,0.9992436509228235
4833,0.05039920159680639,0.9991394475489477
4834,0.053642714570858285,0.9622073433455004
4835,0.000249500998003992,0.0
4836,0.000249500998003992,0.0
4837,0.000249500998003992,0.0
4838,0.009481037924151697,0.999949025004253
4839,0.014471057884231538,0.9811248923820327
4840,0.0007485029940119761,0.0
4841,0.2647205588822355,0.9999842264696144
4842,0.002245508982035928,1.092706863663826e-05
4843,0.2949101796407186,0.9968235375013795
4844,0.000249500998003992,0.0
4845,0.4001996007984032,0.9990628630801575
4846,0.003992015968063872,0.998080570102715
4847,0.00124750499001996,0.0
4848,0.27569860279441116,0.9998677384811017
4849,0.013722554890219561,0.8596383587431099
4851,0.004491017964071856,0.5221058110375856
4852,0.001746506986027944,0.02343372200526313
4853,0.041916167664670656,0.999999556673033
4854,0.281686626746507,0.9802424359890638
4855,0.3999500998003992,0.9999939100536812
4856,0.22729540918163674,0.9982029924781719
4857,0.000249500998003992,0.0
4858,0.000249500998003992,2.154381815342827e-05
4859,0.003992015968063872,0.1616889957268917
4860,0.000249500998003992,0.0
4861,0.3248502994011976,0.9999629642427286
4862,0.001746506986027944,0.0
4863,0.13747504990019965,0.6062307662908879
4864,0.000499001996007984,0.0
4865,0.36726546906187624,0.9999733720092858
4866,0.000249500998003992,0.0
4867,0.000998003992015968,0.9999995020527743
4868,0.000249500998003992,0.0
4869,0.0499001996007984,0.9999885347311899
4870,0.000998003992015968,0.034932358723982954
4871,0.3246007984031936,0.9983602292463922
4872,0.34830339321357284,0.9999808914896205
4873,0.014221556886227544,0.7053189425016544
4874,0.0007485029940119761,0.0
4875,0.004491017964071856,0.6662356988571514
4876,0.0007485029940119761,0.0
4877,0.016716566866267466,0.16056347305554503
4878,0.32609780439121755,0.9999957012816917
4879,0.001746506986027944,0.0
4880,0.0499001996007984,0.9999885347312252
4881,0.26921157684630737,0.9999905389577873
4882,0.000499001996007984,0.0
4883,0.003243512974051896,0.9967534245839961
4884,0.009730538922155689,0.9999999980645027
4885,0.00499001996007984,0.9999994793087564
4886,0.00499001996007984,0.9999994793088377
4887,0.3620259481037924,0.992036038748861
4888,0.3280938123752495,0.9999999995191018
4889,0.3280938123752495,0.9999999995191
4890,0.0007485029940119761,0.0
4891,0.00124750499001996,0.9937297738227487
4892,0.000998003992015968,0.0
4893,0.015469061876247504,0.5392862681941643
4894,0.3562874251497006,0.9841532734287894
4895,0.000499001996007984,0.0
4896,0.000499001996007984,0.0
4897,0.000499001996007984,0.0
4898,0.000249500998003992,0.0
4899,0.35254491017964074,0.9999976334882509
4901,0.000249500998003992,0.0
4902,0.000249500998003992,0.0
4903,0.3365768463073852,0.999999998377477
4904,0.3690119760479042,0.9999999937678952
4905,0.27220558882235524,0.9867728898003219
4906,0.00024950099800402636,0.0
4907,0.37624750499001997,0.9962089853384455
4908,0.022954091816367265,0.9814218620108675
4909,0.022704590818363273,0.9744583433333552
4910,0.36751497005988026,0.9999999279828322
4911,0.0007485029940119761,0.0
4912,0.3348303393213573,0.9999833208107015
4913,0.000998003992015968,0.24012013268223117
4914,0.000499001996007984,0.0
4915,0.3782435129740519,0.9911207023570965
4916,0.344810379241517,0.9999999495845477
4917,0.32110778443113774,0.7518938643150801
4918,0.02470059880239521,0.4324381237976771
4919,0.000249500998003992,0.0
4920,0.001996007984031936,0.2461573025795349
4921,0.000499001996007984,0.0
4922,0.000499001996007984,0.014658210959104634
4923,0.000998003992015968,0.0
4924,0.000499001996007984,0.9999973458448689
4925,0.000499001996007984,0.0
4926,0.3535429141716567,0.9999996444063642
4927,0.3530439121756487,0.9999996456587948
4928,0.00249500998003992,0.0
4929,0.000249500998003992,0.0
4930,0.000249500998003992,0.0
4931,0.000249500998003992,0.0
4932,0.3333333333333333,0.9999999991512902
4933,0.3236027944111776,0.9999802043733295
4934,0.3350798403193613,0.9999999998613434
4935,0.028193612774451097,0.3681054087255922
4936,0.0014970059880239522,0.999999999945558
4937,0.38897205588822353,0.9999729544584445
4938,0.00249500998003992,0.012156046211265925
4939,0.000249500998003992,0.0
4940,0.0014970059880239522,0.9999999999455598
4941,0.12125748502994012,0.8849146790941155
4942,0.009481037924151697,0.9999999999794797
4943,0.000249500998003992,0.0
4944,0.007984031936127744,0.26306516212556164
4945,0.3236027944111776,0.9999913841083876
4946,0.3458083832335329,0.9999258580329414
4947,0.2761976047904192,0.9999971375976575
4948,0.0007485029940119761,0.0
4949,0.000998003992015968,0.9998677096519427
4950,0.0187125748502994,0.9958937456219565
4951,0.26771457085828343,0.9853600812198015
4952,0.36177644710578843,0.9852917765549949
4953,0.000998003992015968,0.0
4954,0.023952095808383235,0.7160460867304757
4955,0.000499001996007984,0.00023047883178070011
4956,0.0029940119760479044,0.3975885567329716
4957,0.0007485029940119761,0.4989237098792125
4958,0.000249500998003992,0.0
4959,0.000249500998003992,0.0
4960,0.000499001996007984,0.0
4961,0.35429141716566864,0.968695266584993
4962,0.31312375249501,0.9997253802960882
4963,0.30938123752495006,0.9910974204164038
4964,0.00249500998003992,4.19965165978044e-06
4965,0.23278443113772454,0.965733212323392
4966,0.003992015968063872,0.8369388071619047
4967,0.000998003992015968,0.0
4968,0.19211576846307385,0.9622428898746255
4969,0.0029940119760479044,0.8360941822304963
4971,0.37250499001996007,0.9212887455846028
4972,0.29840319361277445,0.9944606171669509
4973,0.29840319361277445,0.994460616323358
4974,0.0014970059880239522,0.0
4975,0.000499001996007984,8.798218014507773e-06
4976,0.06387225548902195,0.7930611062203429
4977,0.00249500998003992,0.0
4978,0.29790419161676646,0.990924491607562
4979,0.000249500998003992,0.0
4980,0.000249500998003992,0.0
4981,0.08283433133732535,0.7575897247530312
4982,0.01971057884231537,0.22491369111385118
4983,0.41317365269461076,0.9999017675549743
4984,0.00249500998003992,0.0
4985,0.000249500998003992,0.0
4986,0.0027445109780439123,0.9999999675672937
4987,0.10054890219560879,0.9462037478998694
4988,0.4411177644710579,0.9999999847302891
4989,0.000249500998003992,0.0
4990,0.4406187624750499,0.9999999882484436
4991,0.4403692614770459,0.9913408093188761
4992,0.4403692614770459,0.9999999982787178
4993,0.4406187624750499,0.9999994753813455
4994,0.41467065868263475,0.9997346969109744
4995,0.001996007984031936,0.9999876428799479
4996,0.000249500998003992,0.0
4997,0.4406187624750499,0.9999999882484443
4998,0.4406187624750499,0.9999999882484425
4999,0.000998003992015968,0.9999993328183776
5000,0.000249500998003992,0.0
5001,0.41367265469061876,0.9999770480537337
5002,0.4403692614770459,0.9999999936208324
5003,0.000249500998003992,0.0
5004,0.4406187624750499,0.9999645002259688
5005,0.06087824351297405,0.5815959072526964
5006,0.4403692614770459,0.991818008588362
5007,0.4403692614770459,0.9999999936208319
5008,0.000249500998003992,0.0
5009,0.000249500998003992,0.0011835933077813299
5010,0.4403692614770459,0.9999999936208397
5011,0.4403692614770459,0.9999999936208379
5012,0.4403692614770459,0.9999999936208304
5013,0.4144211576846307,0.9999948398959737
5014,0.04815369261477046,0.9999997866403697
5015,0.44411177644710575,0.9432575443410792
5016,0.4408682634730539,0.9999999999849354
5017,0.4408682634730539,0.9999999999849323
5018,0.4406187624750499,0.9999999993702773
5019,0.000998003992015968,0.952458070123861
5020,0.000249500998003992,0.0
5021,0.4403692614770459,0.9999999936208352
5022,0.000499001996007984,3.787388239043139e-06
5023,0.04815369261477046,0.9999997866404283
5025,0.4403692614770459,0.9918069401637956
5026,0.43862275449101795,0.9866179413841364
5027,0.44011976047904194,0.99990509528147
5028,0.4411177644710579,0.9915835290449538
5029,0.0037425149700598802,0.49666987753986785
5030,0.000249500998003992,0.0
5031,0.0007485029940119761,0.0
5032,0.0014970059880239522,0.0
5034,0.0007485029940119761,0.0
5035,0.47430139720558884,0.9485058768520293
5036,0.006986027944111776,0.9996517860178904
5037,0.4406187624750499,0.9986803940601335
5038,0.000249500998003992,0.0
5039,0.4403692614770459,0.9999967352486895
5040,0.010978043912175649,0.9999998932506518
5041,0.0027445109780439123,0.0
5042,0.000249500998003992,0.0
5044,0.10479041916167664,0.951044931397289
5045,0.000499001996007984,0.0
5046,0.001746506986027944,0.008143860849846625
5047,0.04765469061876248,0.999999686246013
5048,0.17065868263473055,0.9762555576916927
5049,0.04790419161676647,0.9999997502241675
5051,0.32435129740518964,0.8566766454657025
5052,0.000249500998003992,0.0
5053,0.051646706586826345,0.9864672120145526
5054,0.04840319361277445,0.9999980864650085
5055,0.04840319361277445,0.999999991437097
5056,0.04840319361277445,0.9999999914370963
5057,0.000499001996007984,0.0
5058,0.001746506986027944,0.0
5059,0.00249500998003992,0.9874279124849955
5061,0.001746506986027944,0.0
5062,0.0054890219560878245,0.6592392998575345
5063,0.000249500998003992,1.0306931735416357e-05
5064,0.021457085828343315,0.8146389025447275
5065,0.000998003992015968,0.0
5066,0.000249500998003992,0.0
5067,0.001746506986027944,0.999999943928323
5069,0.000249500998003992,0.0
5070,0.016467065868263474,0.9996591890357738
5071,0.04765469061876248,0.9999999070115771
5072,0.00499001996007984,0.9878116526767263
5074,0.00124750499001996,0.0
5075,0.008233532934131737,0.8705147513637151
5076,0.0007485029940119761,0.0
5077,0.10029940119760479,0.9952106915075446
5078,0.09381237524950099,0.9999999489724121
5079,0.000249500998003992,2.0621656295860672e-07
5080,0.010728542914171657,0.9999998396302217
5081,0.12574850299401197,0.9240144452172462
5082,0.000249500998003992,0.0
5083,0.08308383233532934,0.8542858299943809
5084,0.04765469061876248,0.999999907011616
5085,0.0027445109780439123,0.5200886924629716
5086,0.000249500998003992,4.036342051286441e-06
5087,0.0042415169660678645,0.004872306508771331
5088,0.001996007984031936,0.0
5089,0.0007485029940119761,0.0
5090,0.21357285429141717,0.8801668157143139
5091,0.000499001996007984,0.0
5092,0.016716566866267466,0.9999999107044306
5094,0.00124750499001996,0.0
5095,0.000249500998003992,0.0
5096,0.000249500998003992,0.0
5097,0.016966067864271458,0.9999997847815558
5098,0.016966067864271458,0.9999997847815947
5099,0.016966067864271458,0.9999997847815554
5100,0.015219560878243513,0.8150043972509755
5101,0.0007485029940119761,0.11983072051688134
5102,0.000249500998003992,0.0
5103,0.05563872255489022,0.8940850980209225
5104,0.01721556886227545,0.6189336052616587
5105,0.002245508982035928,0.770779749213183
5106,0.37250499001996007,0.8127812656119168
5107,0.000998003992015968,4.011913976421521e-06
5108,0.4226546906187625,0.8519039382781922
5109,0.0007485029940119761,0.0
5110,0.015968063872255488,0.5894665784459333
5111,0.0014970059880239522,1.0690789100469762e-05
5112,0.000499001996007984,0.0
5113,0.000249500998003992,5.3569927704272e-05
5114,0.000249500998003992,0.0
5116,0.00124750499001996,0.4989979441072789
5117,0.000499001996007984,0.00012229392698279298
5118,0.000998003992015968,0.5360031791486539
5119,0.026447105788423155,0.249985586725858
5120,0.0027445109780439123,0.06989968372789121
5121,0.000499001996007984,0.9999999680518228
5122,0.37200598802395207,0.6322280464818524
5123,0.009481037924151697,0.4989980282142485
5124,0.000249500998003992,0.0
5125,0.00124750499001996,0.9999999355827763
5126,0.2340319361277445,0.19736623757319544
5127,0.0014970059880239522,0.665327979025418
5128,0.19211576846307385,0.6249401500070131
5129,0.000499001996007984,0.00011537839559529526
5130,0.005738522954091816,0.012668644118863719
5131,0.006487025948103792,0.9829336411523352
5132,0.03343313373253493,0.5937490639269062
5133,0.0014970059880239522,0.999997316431122
5134,0.0014970059880239522,0.9999999957014547
5135,0.01122754491017964,0.6275938421328462
5136,0.11477045908183632,0.9689529508365555
5138,0.37350299401197606,0.9471761076875453
5139,0.37974051896207583,0.9916404565328348
5140,0.04216566866267465,0.6282896037976589
5141,0.000249500998003992,0.0
5142,0.00249500998003992,0.0568328151188343
5143,0.002245508982035928,0.0
5144,0.000249500998003992,0.0
5145,0.000249500998003992,0.0
5146,0.0007485029940119761,0.33199730649577736
5147,0.000249500998003992,0.0
5148,0.11526946107784432,0.986781103218753
5149,0.0014970059880239522,0.9999999957014563
5150,0.000998003992015968,0.0
5151,0.02370259481037924,0.9999999979473144
5152,0.033682634730538924,0.8333214317836107
5153,0.0029940119760479044,0.8375668836594508
5154,0.08582834331337326,0.9994459544169194
5155,0.13597804391217566,0.9982385935286537
5156,0.000499001996007984,0.0
5157,0.02370259481037924,0.9999999979473144
5158,0.0027445109780439123,0.7357232203472484
5159,0.13498003992015967,0.9999741697710554
5160,0.1412175648702595,0.9999640979788539
5161,0.000249500998003992,0.0
5162,0.19286427145708582,0.9999744496464926
5163,0.00124750499001996,0.0
5164,0.007734530938123752,0.9946258855035182
5165,0.11526946107784432,0.9978419512109725
5166,0.2088323353293413,0.9763244259565654
5167,0.000998003992015968,0.49918644980420784
5168,0.003493013972055888,0.9999997912689664
5169,0.15269461077844312,0.9716594651882811
5170,0.1155189620758483,0.9995713682998757
5171,0.19286427145708582,0.9999744502908721
5172,0.08582834331337326,0.9998418967853689
5173,0.11526946107784432,0.9994172726078568
5174,0.0124750499001996,0.5783214686629675
5175,0.14221556886227546,0.9842052690689523
5176,0.06212574850299401,0.6713316884270892
5177,0.000249500998003992,0.0
5178,0.00124750499001996,0.9998614805425033
5179,0.37974051896207583,0.9999988744696632
5180,0.000998003992015968,0.0
5181,0.0014970059880239522,0.9999999957014452
5182,0.11626746506986028,0.9639626721541977
5183,0.001746506986027944,0.0
5184,0.016716566866267466,0.7522186512838822
5185,0.0014970059880239522,0.9999999957014507
5186,0.11926147704590818,0.9482934780997406
5187,0.0014970059880239522,0.9999999957014596
5188,0.02120758483033932,0.995544357595908
5189,0.022954091816367265,0.9999999876839973
5190,0.00124750499001996,0.0
5191,0.001746506986027944,1.9152306964030994e-06
5192,0.00124750499001996,0.0
5193,0.000249500998003992,0.0
5194,0.02345309381237526,0.5918830703527269
5195,0.000499001996007984,0.0
5196,0.004740518962075849,0.0
5197,0.41342315369261473,0.9476819249539972
5198,0.007984031936127744,0.1521187139246404
5199,0.1157684630738523,0.9917753520094353
5200,0.11601796407185629,0.9917226400236199
5201,0.1157684630738523,0.991775351552174
5202,0.00998003992015968,0.19463897220350673
5203,0.15219560878243513,0.9966966214497345
5204,0.03468063872255489,0.9329190818189104
5205,0.00124750499001996,0.999999993100118
5206,0.001746506986027944,0.4903701140284216
5207,0.3458083832335329,0.9999288535449395
5208,0.0014970059880239522,0.0
5209,0.2310379241516966,0.9588854730143173
5210,0.25474051896207583,0.9865817819463423
5211,0.0014970059880239522,0.121895107044355
5212,0.2754491017964072,0.9999937950388023
5213,0.008233532934131737,0.9999925834004101
5214,0.03318363273453094,0.9930479101503769
5215,0.0014970059880239522,0.9999999957014587
5216,0.000249500998003992,0.0
5217,0.0007485029940119761,0.9999999993032063
5218,0.4164171656686627,0.9999992192865134
5219,0.07460079840319361,0.9786657671169359
5220,0.0014970059880239522,0.9999999957014591
5221,0.13672654690618763,0.9949512880143632
5222,0.21756487025948104,0.9870989707617942
5223,0.0027445109780439123,0.9999936079228422
5224,0.0014970059880239522,0.9999999957014511
5225,0.2722055888223553,0.9989476226590289
5226,0.23502994011976047,0.9989130523544985
5227,0.2310379241516966,0.9948026746256353
5228,0.3817365269461078,0.9999920019937634
5229,0.000998003992015968,0.0
5230,0.41691616766467066,0.99999878539373
5231,0.0062375249500998,0.9999999611038738
5232,0.3824850299401198,0.9999990187897376
5233,0.001746506986027944,4.4999235241773984e-06
5234,0.009481037924151697,0.8351666542693176
5235,0.0014970059880239522,0.9999999957014436
5236,0.41991017964071853,0.9785229089696204
5237,0.001996007984031936,0.02265176391828735
5238,0.41691616766467066,0.9999987853933634
5239,0.06462075848303393,0.9340163661193492
5240,0.000499001996007984,0.0075951375047703905
5241,0.4925149700598802,0.9902654305630191
5242,0.009730538922155689,0.9999999767641178
5244,0.46182634730538924,0.9999986214733162
5245,0.48902195608782434,0.9999999906566952
5246,0.48927145708582837,0.9999999992429409
5247,0.48927145708582837,0.9999999992429474
5248,0.008233532934131737,0.9999925833952114
5249,0.000499001996007984,0.0
5250,0.011976047904191617,0.6563191334904337
5251,0.000249500998003992,0.0
5252,0.38198602794411174,0.9999999998966493
5253,0.00499001996007984,0.14415524103074423
5254,0.000249500998003992,0.9998942845543775
5255,0.0014970059880239522,0.6385527194053818
5256,0.000499001996007984,0.0
5257,0.21307385229540918,0.9999999562670532
5258,0.4620758483033932,0.9998920380706389
5259,0.000249500998003992,0.00144080222435633
5260,0.0344311377245509,0.865592264361417
5261,0.000249500998003992,0.0
5262,0.000998003992015968,0.9999999950520031
5263,0.0054890219560878245,0.7295350672044985
5264,0.000499001996007984,0.00011031871459769506
5265,0.0014970059880239522,0.0
5266,0.0014970059880239522,0.999999995701458
5267,0.38672654690618763,0.9864505008518994
5268,0.38223552894211577,0.9999999772902363
5269,0.02594810379241517,0.9999994210639988
5270,0.012974051896207584,0.9759777626413216
5271,0.0042415169660678645,0.8069995327705861
5272,0.000249500998003992,0.0
5273,0.27320359281437123,0.9999779794435016
5274,0.000249500998003992,0.0
5275,0.000249500998003992,0.0
5276,0.033682634730538924,0.9121195031736582
5278,0.000499001996007984,0.0
5279,0.38198602794411174,0.9999999998966491
5280,0.002245508982035904,0.0
5281,0.0062375249500998,0.0011551293378537488
5282,0.12649700598802396,0.9102737464966985
5283,0.000249500998003992,0.0
5284,0.006986027944111776,0.7221372664913059
5285,0.0014970059880239522,0.0
5286,0.07784431137724551,0.9712188956836183
5287,0.001746506986027944,0.9999999999543219
5288,0.37050898203592814,0.9592260905043084
5289,0.3794910179640718,0.9997605818970048
5290,0.000499001996007984,0.0
5291,0.08383233532934131,0.999999999192835
5292,0.08358283433133733,0.9999999991007544
5293,0.000249500998003992,0.0
5294,0.08507984031936128,0.999999996854485
5295,0.08532934131736528,0.9999999966863677
5296,0.000249500998003992,0.0
5297,0.001746506986027944,0.9999999999543228
5298,0.08408183632734531,0.999989225746483
5299,0.0843313373253493,0.9999999999555853
5300,0.000249500998003992,0.0
5301,0.07310379241516966,0.9396770252856081
5302,0.015469061876247504,0.3547036157739634
5303,0.08507984031936128,0.9999999999061466
5304,0.3817365269461078,0.9947201340655943
5305,0.08507984031936128,0.999999996854475
5306,0.08507984031936128,0.9999999968544724
5307,0.000249500998003992,0.0
5308,0.08507984031936128,0.999999996854471
5309,0.000249500998003992,0.0
5310,0.08557884231536926,0.9999999994584508
5311,0.00124750499001996,0.7711455751607142
5312,0.08582834331337326,0.9999999941608202
5313,0.001746506986027944,0.9999999999543219
5314,0.08557884231536926,0.9999999994584485
5315,0.08557884231536926,0.9999999994584674
5316,0.08557884231536926,0.9999999994584656
5317,0.16991017964071856,0.947605787652789
5318,0.000249500998003992,0.0
5319,0.08557884231536926,0.9999999994584479
5320,0.08582834331337326,0.9999999912432014
5321,0.001746506986027944,0.9999999999543217
5322,0.045409181636726546,0.9984083503321662
5323,0.09655688622754491,0.9552439318374123
5324,0.08483033932135728,0.9999665437057083
5325,0.08532934131736528,0.9999999940837632
5326,0.0062375249500998,0.9999999783804595
5327,0.10054890219560879,0.977024184049291
5328,0.0007485029940119761,0.19920409192889715
5329,0.08907185628742514,0.999999994559952
5330,0.10454091816367266,0.9999999937170898
5331,0.001746506986027944,0.0
5332,0.08907185628742514,0.9999999945599793
5333,0.000998003992015968,0.999999999837921
5334,0.08907185628742514,0.9999999945599674
5335,0.08907185628742514,0.9999999945599698
5336,0.00998003992015968,0.9233120250655508
5337,0.0007485029940119761,0.0
5338,0.08907185628742514,0.9999999945599525
5339,0.000499001996007984,0.0
5340,0.18463073852295409,0.9783003817754335
5341,0.10404191616766467,0.9999474360138189
5342,0.08882235528942116,0.9999680487679506
5343,0.002245508982035928,0.6653260691944972
5344,0.01621756487025948,0.999989263955755
5345,0.0054890219560878245,0.9999999163649127
5346,0.1719061876247505,0.9596008453812033
5347,0.04915169660678643,0.9999999848678046
5348,0.0027445109780439123,0.0
5349,0.0686127744510978,0.9999998254206631
5350,0.000249500998003992,0.0
5351,0.12375249500998003,0.8857801753731988
5352,0.09006986027944112,0.9999999873877474
5353,0.08882235528942116,0.9999617909926014
5354,0.003243512974051896,0.969794230359609
5355,0.0042415169660678645,0.5064358349936214
5356,0.001996007984031936,0.0
5357,0.0014970059880239522,4.543702693554277e-05
5358,0.000249500998003992,0.9999999998146163
5359,0.38023952095808383,0.9898189036678695
5360,0.020459081836327345,0.9967827437632253
5361,0.156187624750499,0.9805067523955988
5362,0.000998003992015968,0.9999999998379396
5363,0.001996007984031936,0.0
5364,0.17689620758483035,0.9999256941491357
5365,0.000998003992015968,0.9999999998379396
5366,0.000499001996007984,0.0
5367,0.000249500998003992,0.0
5368,0.04940119760479042,0.9999999894941674
5369,0.03767465069860276,0.5536006738622519
5370,0.38123752495009977,0.9908913278228124
5371,0.00124750499001996,0.0
5372,0.000998003992015968,0.9999999998379392
5373,0.000249500998003992,0.0
5374,0.000998003992015968,0.9999999998379396
5375,0.37924151696606784,0.9882692545353383
5376,0.000249500998003992,1.2112552554581431e-05
5377,0.04116766467065868,0.9999852072975184
5378,0.001996007984031936,0.598051952072338
5379,0.07135728542914171,0.9701323597312107
5380,0.001746506986027944,0.0
5381,0.000998003992015968,0.9999999998379474
5382,0.0014970059880239522,0.0
5383,0.1185129740518962,0.949102173777735
5384,0.000249500998003992,0.0
5385,0.08832335329341318,0.9989848542594297
5386,0.000249500998003992,0.0
5387,0.05389221556886228,0.9999939833350562
5388,0.05389221556886228,0.9999939833350557
5389,0.32010978043912175,0.9908041205954493
5390,0.08807385229540918,0.999999817247715
5391,0.0007485029940119761,0.0
5392,0.00124750499001996,9.093293086048651e-06
5393,0.041666666666666664,0.9999851033471173
5394,0.2158183632734531,0.9859034582683684
5395,0.11901197604790419,0.9917538629881418
5396,0.32010978043912175,0.9998919899663796
5397,0.1062874251497006,0.996551496742422
5398,0.08507984031936128,0.9999046309044014
5399,0.000998003992015968,0.5585204553248274
5400,0.0007485029940119761,0.0
5401,0.04715568862275449,0.9999844926343634
5402,0.3213572854291417,0.9998287243889005
5403,0.21382235528942115,0.9763388927828588
5404,0.3208582834331337,0.9999090054268439
5405,0.10379241516966067,0.9820974126383896
5406,0.043912175648702596,0.5769033730584725
5407,0.010479041916167664,0.9920232833797968
5408,0.000249500998003992,0.0
5409,0.000249500998003992,0.0
5410,0.3216067864271457,0.9960757280767332
5411,0.11926147704590818,0.9823535830079911
5412,0.0750998003992016,0.9647278846712384
5413,0.000998003992015968,0.0
5414,0.011477045908183632,0.9979357214703047
5415,0.11976047904191617,0.9998232178317643
5416,0.000499001996007984,3.6469385159952054e-05
5417,0.000249500998003992,0.0
5418,0.000249500998003992,0.0
5419,0.000499001996007984,0.0
5420,0.04765469061876248,0.9999998956335091
5421,0.000499001996007984,0.0
5422,0.2866766467065868,0.9970484843644161
5423,0.000249500998003992,0.0
5424,0.000998003992015968,0.0
5425,0.1187624750499002,0.9999465521310847
5426,0.08732534930139721,0.9999997450867248
5427,0.05389221556886228,0.9985633427555285
5428,0.000998003992015968,0.9999999998379381
5429,0.000998003992015968,0.9999999998379385
5430,0.2911676646706587,0.9762344228979413
5431,0.000998003992015968,0.999999999837939
5432,0.10429141716566866,0.9813313092843267
5433,0.000998003992015968,0.9999999998379379
5434,0.08557884231536926,0.9999999323899906
5435,0.000998003992015968,0.9999999998379578
5436,0.000998003992015968,0.9999999998379396
5437,0.000998003992015968,0.9999999998379179
5438,0.000998003992015968,0.0
5439,0.00124750499001996,0.6653276839374138
5440,0.000998003992015968,0.9999999998379441
5441,0.046656686626746505,0.9999999603780427
5443,0.000998003992015968,0.9999999998379379
5444,0.000998003992015968,0.9999999998379485
5445,0.000998003992015968,0.9999999998379516
5446,0.000998003992015968,0.999999999837917
5447,0.000998003992015968,0.9999999998379216
5448,0.000998003992015968,0.9999999998379383
5449,0.000998003992015968,0.9999999998379376
5450,0.00124750499001996,0.9999982429290257
5451,0.000998003992015968,0.9999999998379567
5452,0.000998003992015968,0.9999999998379427
5453,0.000998003992015968,0.9999999998379208
5454,0.11901197604790419,0.9997848089051353
5455,0.000499001996007984,0.0
5456,0.000249500998003992,0.0
5457,0.000249500998003992,1.4876347559336493e-05
5458,0.000249500998003992,0.0
5460,0.04141716566866267,0.9999858308205448
5461,0.003243512974051896,0.9999999999145956
5462,0.003493013972055888,0.9999999999397666
5463,0.003243512974051896,0.999999999914597
5464,0.003243512974051896,0.9999999999145979
5465,0.000249500998003992,0.0
5466,0.000249500998003992,0.0
5467,0.020209580838323353,0.1304818214138733
5468,0.05963073852295409,0.783763632832121
5469,0.000249500998003992,0.0
5470,0.053642714570858285,0.6493846844356316
5471,0.4488522954091816,0.6592041631430052
5472,0.0007485029940119761,0.0
5473,0.4663173652694611,0.730931762269081
5474,0.001996007984031936,0.24104461388270781
5475,0.00873253493013972,0.8700057600462424
5476,0.000249500998003992,0.0
5477,0.36377245508982037,0.9338032625426684
5478,0.4154191616766467,0.9759101816978623
5479,0.00124750499001996,0.9984647765362229
5480,0.00873253493013972,0.991425188451018
5481,0.005239520958083832,0.0
5482,0.015968063872255488,0.8147824166492669
5483,0.0007485029940119761,0.9999976325020706
5484,0.00249500998003992,0.031024180067733855
5485,0.000499001996007984,0.0
5486,0.001746506986027944,0.9999987272332427
5487,0.3036427145708583,0.9913114912870284
5488,0.12599800399201597,0.9447087606699147
5489,0.004740518962075849,0.2787846107978318
5490,0.001746506986027944,0.9968894155942779
5491,0.3977045908183633,0.9814879753635957
5492,0.0014970059880239522,0.4990169243235723
5493,0.4403692614770459,0.9802246233684716
5494,0.30439121756487025,0.982445828398439
5495,0.03592814371257485,0.9813131822046007
5496,0.12899201596806387,0.9763837931378403
5497,0.41417165668662675,0.9990651336408386
5498,0.03942115768463074,0.9188292813901037
5499,0.00124750499001996,0.9984647774120505
5500,0.4358782435129741,0.9862243383034405
5501,0.004740518962075849,0.24816407149318026
5502,0.00124750499001996,0.9984647768252771
5503,0.000249500998003992,0.0
5504,0.03817365269461078,0.8595576991458767
5505,0.1279940119760479,0.9852123133129858
5506,0.21432135728542914,0.9949174608085899
5507,0.09231536926147704,0.5133439430107825
5508,0.00124750499001996,0.9984647774139959
5509,0.49950099800399206,0.9888465493838111
5510,0.028193612774451097,0.979989796847691
5511,0.04815369261477046,0.9999999595124514
5512,0.001996007984031936,0.0
5513,0.000249500998003992,0.0
5514,0.0007485029940119761,0.0
5515,0.000249500998003992,0.0
5516,0.000499001996007984,0.0
5517,0.001996007984031936,0.0
5518,0.06811377245508982,0.9993081813131611
5519,0.000499001996007984,0.49881079955851254
5520,0.0014970059880239522,0.996810174381137
5521,0.08458083832335328,0.8648122774599887
5522,0.06836327345309381,0.993862909996455
5523,0.028942115768463075,0.8495728898746477
5524,0.0007485029940119761,0.0
5525,0.004740518962075849,0.4989997686855858
5527,0.48303393213572854,0.98332242679419
5528,0.00124750499001996,0.9962195803815235
5529,0.03493013972055888,0.9658027808937443
5531,0.000499001996007984,0.0
5532,0.05389221556886228,0.9865082116937968
5533,0.06536926147704591,0.9999084970387033
5534,0.000998003992015968,0.9953567454453196
5535,0.000998003992015968,0.0
5536,0.08957085828343313,0.9227408881253827
5537,0.35054890219560875,0.9401094508134877
5538,0.07584830339321358,0.8545277307833661
5539,0.000499001996007984,0.0
5540,0.000499001996007984,0.0
5541,0.0007485029940119761,0.0
5542,0.006986027944111776,0.9999978167046504
5543,0.25149700598802394,0.9975808756665511
5544,0.2537425149700599,0.9758005311436818
5545,0.00124750499001996,0.49899095295434887
5546,0.23028942115768464,0.9847477246898663
5547,0.18313373253493015,0.9807506814467915
5548,0.000499001996007984,0.0
5549,0.000249500998003992,0.0
5550,0.21307385229540918,0.9996989124849917
5551,0.08807385229540918,0.9143762073912859
5552,0.000249500998003992,0.0
5553,0.000249500998003992,0.0
5554,0.19960079840319356,0.990580715924022
5555,0.000499001996007984,0.0
5557,0.001746506986027944,0.0
5558,0.000998003992015968,0.0
5559,0.0249500998003992,0.914928029910321
5560,0.0007485029940119761,0.0
5561,0.000499001996007984,0.0
5562,0.000249500998003992,0.0
5563,0.21382235528942115,0.9536671013455168
5564,0.21032934131736528,0.9901343897522696
5565,0.000499001996007984,0.9999988201951577
5567,0.001746506986027944,0.4992101659407733
5568,0.00249500998003992,0.9999996933394073
5569,0.000499001996007984,8.061323647701453e-06
5570,0.0014970059880239522,0.0
5571,0.2370259481037924,0.9158451539976055
5572,0.005988023952095809,0.9982116023108932
5573,0.001746506986027944,4.9238549227906046e-05
5575,0.0014970059880239522,0.4991891710280238
5576,0.16716566866267465,0.9043604335521418
5577,0.0014970059880239522,0.0
5579,0.000499001996007984,0.0
5580,0.0007485029940119761,0.0
5581,0.1691616766467066,0.9491237482804401
5582,0.005738522954091816,0.9999999999709519
5583,0.00124750499001996,0.0
5584,0.15893213572854292,0.9615951839498946
5585,0.000249500998003992,0.0
5586,0.000249500998003992,0.0
5587,0.20459081836327342,0.9872466519508115
5588,0.0027445109780439123,0.1965510607484789
5589,0.06586826347305386,0.9759944359561042
5590,0.1162674650698603,0.9683068501862376
5591,0.2043413173652695,0.9885329504352931
5592,0.000249500998003992,0.0
5593,0.17664670658682635,0.9998107017026202
5594,0.06586826347305386,0.9763642909655113
5595,0.004740518962075849,0.9188268769213154
5596,0.000249500998003992,0.0
5597,0.06811377245508987,0.9537740266718365
5598,0.03293413173652695,0.9180334459778587
5599,0.000998003992015968,0.9999994135698416
5600,0.0027445109780439123,0.9999999927071817
5601,0.0007485029940119761,0.0
5602,0.0007485029940119761,0.9999996663048837
5603,0.000249500998003992,0.0
5604,0.3642714570858283,0.9861920996231376
5605,0.000499001996007984,1.862880009730118e-05
5606,0.20808383233532934,0.9999996747805602
5607,0.000499001996007984,0.0
5608,0.00124750499001996,0.9999998335906928
5609,0.07060878243512969,0.9999989729484621
5610,0.000249500998003992,0.0
5612,0.0007485029940119761,0.890145914871082
5613,0.20783433133732532,0.9998587232896087
5614,0.07060878243512969,0.9999989729482038
5615,0.030189620758483034,0.980217727434023
5616,0.001746506986027944,0.9999999995279221
5617,0.000249500998003992,0.0
5618,0.20808383233532934,0.9999996747800433
5619,0.000249500998003992,3.673489887516126e-06
5620,0.20808383233532934,0.9999997730717209
5621,0.20084830339321358,0.9852606145106196
5622,0.004491017964071856,0.9999997232011354
5623,0.007734530938123752,0.5247689391089848
5624,0.0007485029940119761,0.0
5625,0.000499001996007984,0.0
5626,0.001996007984031936,0.9973288401297646
5627,0.3874750499001996,0.9635120591276002
5628,0.20833333333333337,0.9999983896971373
5629,0.005738522954091816,0.9999999999709523
5630,0.20808383233532934,0.9999998797300967
5631,0.07110778443113774,0.9999999970227404
5633,0.0037425149700598802,0.16901049256982406
5634,0.003992015968063872,0.9869091116218096
5635,0.20858283433133729,0.9999999956839036
5637,0.0007485029940119761,0.9968511672207294
5638,0.21182634730538918,0.9999999847910809
5639,0.000249500998003992,0.0
5640,0.17689620758483035,0.9851986267112607
5641,0.17040918163672655,0.9448848162341408
5642,0.20858283433133729,0.9999999956839025
5643,0.0007485029940119761,0.49899684766707186
5644,0.000499001996007984,0.49839372003592297
5645,0.20833333333333337,0.9999820025278178
5646,0.000249500998003992,0.0
5647,0.20833333333333337,0.9999999732196485
5648,0.20808383233532934,0.9999999602999445
5649,0.000249500998003992,0.0
5650,0.053393213572854294,0.9425709900242606
5651,0.20808383233532934,0.999999960299937
5652,0.000249500998003992,0.0
5653,0.20783433133732532,0.9999999279764142
5654,0.07060878243512969,0.9999999863703006
5655,0.02969061876247505,0.9808246352474665
5656,0.15419161676646706,0.9999132039174704
5657,0.20858283433133729,0.9999999825134124
5658,0.21132734530938124,0.9999999029644738
5659,0.000249500998003992,3.8215332268463556e-05
5660,0.20808383233532934,0.9999999602999377
5661,0.011726546906187624,0.7858996689464648
5662,0.07085828343313372,0.999999990423674
5663,0.000249500998003992,0.0
5664,0.0007485029940119761,0.0
5665,0.20833333333333337,0.9999999956832453
5666,0.003992015968063872,0.9869091116217759
5667,0.20783433133732532,0.9999999279764193
5668,0.000249500998003992,0.0
5669,0.000249500998003992,0.0
5670,0.000249500998003992,0.9999989585281668
5671,0.4466067864271457,0.9836045047833025
5672,0.001996007984031936,0.999999999266795
5673,0.000249500998003992,0.0
5674,0.004491017964071856,0.4637370270487777
5675,0.07060878243512969,0.9999999863702893
5676,0.07085828343313372,0.9999813679899756
5677,0.21457085828343314,0.9999480994016787
5678,0.000998003992015968,0.0
5679,0.3762475049900199,0.9999257008374578
5680,0.007734530938123752,0.08248381463067689
5681,0.20808383233532934,0.9912981975232023
5682,0.0007485029940119761,0.0
5683,0.0027445109780439123,0.9999988672580754
5684,0.00249500998003992,0.3454386003466221
5685,0.07060878243512969,0.9999999863702866
5686,0.000249500998003992,8.19525292060407e-05
5687,0.004491017964071856,0.0
5688,0.07085828343313372,0.9999999996883391
5689,0.0007485029940119761,0.0
5690,0.16716566866267465,0.8741149096241244
5691,0.07110778443113774,0.976110838072026
5692,0.217564870259481,0.9844370541926876
5693,0.21931137724550898,0.9999993071094019
5694,0.0014970059880239522,0.0
5695,0.15394211576846306,0.9999894553913296
5696,0.2537425149700599,0.9999999877768699
5697,0.2532435129740519,0.9993766012625697
5698,0.23078842315369263,0.7934480649950791
5699,0.010978043912175649,0.9785479032074985
5700,0.32460079840319356,0.9899729154913804
5701,0.0007485029940119761,0.0
5702,0.000249500998003992,0.0
5703,0.12300399201596801,0.999945656802961
5704,0.0014970059880239522,2.0206955291897025e-05
5705,0.2120758483033932,0.9999998969218638
5706,0.000998003992015968,0.0
5707,0.1220059880239521,0.9618513272451092
5708,0.07085828343313372,0.9940735504060563
5709,0.004491017964071856,0.24814119587366873
5710,0.406936127744511,0.9639871930776975
5711,0.001746506986027944,0.33199771993594485
5712,0.002245508982035928,0.7866693183850376
5713,0.000499001996007984,0.0
5714,0.156437125748503,0.9866428999138097
5715,0.008233532934131737,0.851198695865798
5716,0.15394211576846306,0.9475790440742816
5717,0.000998003992015968,0.0
5718,0.012974051896207584,0.9999193965475993
5719,0.22005988023952094,0.9885902582156552
5720,0.000249500998003992,0.0
5721,0.00124750499001996,0.0
5722,0.0007485029940119761,0.4989974138590019
5723,0.0007485029940119761,0.0
5724,0.000249500998003992,0.0
5725,0.0007485029940119761,0.0
5726,0.001996007984031936,0.0
5727,0.0843313373253493,0.9356718564757821
5728,0.000499001996007984,0.0
5729,0.004740518962075849,0.31997001313436785
5730,0.000249500998003992,0.0
5731,0.015968063872255488,0.9000466257323912
5732,0.000499001996007984,0.0
5733,0.001746506986027944,0.10858506732786566
5734,0.018463073852295408,0.979020140484775
5735,0.0007485029940119761,0.0
5736,0.15918163672654695,0.9999931850849272
5737,0.005988023952095809,0.9999971134335456
5738,0.005988023952095809,0.9999971134349165
5739,0.000249500998003992,0.0
5740,0.000499001996007984,0.0
5741,0.001996007984031936,0.4990122355360217
5742,0.001996007984031936,0.9973288401277597
5743,0.000249500998003992,0.0
5744,0.003992015968063872,0.6681555031798336
5745,0.15918163672654695,0.9999931850840001
5746,0.07160678642714569,0.946409973323205
5747,0.21931137724550898,0.9884564317432162
5748,0.0007485029940119761,0.0
5749,0.0007485029940119761,0.0
5750,0.000998003992015968,0.00014002969577421974
5751,0.012724550898203593,0.9985710673122347
5752,0.00998003992015968,0.6678173869602492
5753,0.000249500998003992,0.0
5754,0.000249500998003992,0.0
5755,0.00124750499001996,0.0
5756,0.000249500998003992,0.0
5757,0.0007485029940119761,0.0
5758,0.000499001996007984,8.948798111998441e-06
5759,0.00249500998003992,0.6598196220355229
5760,0.0014970059880239522,0.998379181261514
5761,0.000249500998003992,0.0
5762,0.000998003992015968,0.9996957815974158
5763,0.030189620758483034,0.5784678761851995
5764,0.006986027944111776,0.9984561413321207
5765,0.002245508982035928,0.20634959009049622
5766,0.000499001996007984,0.0
5767,0.003243512974051896,0.9999999998334643
5768,0.005239520958083832,0.4989982277591176
5769,0.000249500998003992,0.9999999989584629
5770,0.001746506986027944,0.0
5771,0.003243512974051896,0.9999998526779524
5772,0.02944111776447106,0.8055911888249337
5773,0.0007485029940119761,0.9999960991955221
5774,0.00249500998003992,0.9999999999987192
5775,0.03318363273453094,0.9687152614548336
5776,0.004491017964071856,0.0
5777,0.0007485029940119761,0.0
5778,0.15593812375249502,0.9850014226847157
5779,0.07035928143712578,0.9755047756060505
5780,0.15743512974051896,0.9999685986412581
5781,0.009231536926147704,0.9996668498348412
5782,0.0007485029940119761,0.0
5784,0.313373253493014,0.9999937323124326
5786,0.000249500998003992,0.0
5787,0.0074850299401197605,0.8154322034312611
5788,0.000249500998003992,0.0
5789,0.005738522954091816,0.6693802983667567
5790,0.000249500998003992,0.0
5791,0.000249500998003992,0.0
5792,0.06112774451097804,0.9785982674621104
5793,0.008233532934131737,0.9921602991537599
5794,0.000499001996007984,0.0
5795,0.15793413173652696,0.9967365284907439
5796,0.3148702594810379,0.9999672991373526
5797,0.03642714570858283,0.9933398029437238
5798,0.014221556886227544,0.9999998875460239
5799,0.15718562874251496,0.9999973034874513
5800,0.0007485029940119761,0.9889537726199376
5801,0.000249500998003992,0.0
5802,0.000249500998003992,0.0
5803,0.000499001996007984,0.0
5804,0.008233532934131737,0.8316521684366892
5805,0.012974051896207584,0.9999999862924649
5806,0.0007485029940119761,0.0
5807,0.0007485029940119761,0.0
5809,0.008982035928143712,0.6145042679122973
5810,0.000499001996007984,0.0
5811,0.000249500998003992,0.0
5812,0.000249500998003992,0.0
5813,0.0014970059880239522,0.0
5814,0.000249500998003992,0.0
5815,0.08632734530938124,0.9999937807937561
5816,0.0007485029940119761,0.0
5817,0.03243512974051896,0.9993267017184442
5818,0.000249500998003992,0.0
5819,0.014970059880239521,0.9985406401083301
5821,0.18363273453093812,0.9416582354549914
5822,0.15144710578842316,0.9860139326354935
5823,0.000249500998003992,0.0
5824,0.018213572854291416,0.9999993533627283
5825,0.15718562874251496,0.9999999960352022
5827,0.000499001996007984,0.0
5828,0.000249500998003992,0.0
5829,0.1719061876247505,0.9830346356101356
5830,0.000249500998003992,0.0
5831,0.0027445109780439123,0.46643979646048944
5832,0.002245508982035928,0.9999999997201874
5833,0.0037425149700598802,0.9999999603089449
5834,0.000499001996007984,0.0
5835,0.1195109780439122,0.9821475827601595
5837,0.156437125748503,0.999999993848814
5838,0.015469061876247504,0.9999999689363199
5839,0.312874251497006,0.9999709202696531
5840,0.30439121756487025,0.9999999913096949
5841,0.156437125748503,0.9999999938488127
5842,0.000998003992015968,0.0
5843,0.313373253493014,0.9999999917334403
5844,0.000249500998003992,0.0
5845,0.000249500998003992,0.0
5846,0.0187125748502994,0.527742536768936
5848,0.01621756487025948,0.8691709381532124
5849,0.000249500998003992,4.0160871940600744e-06
5850,0.0007485029940119761,0.0
5851,0.0007485029940119761,0.0
5852,0.054890219560878244,0.8662197555352048
5853,0.00499001996007984,0.0
5854,0.003243512974051896,0.0
5855,0.04441117764471058,0.9999999463244889
5856,0.04466067864271457,0.9999944330459096
5857,0.02120758483033932,0.9875111874156428
5858,0.003493013972055888,0.9922461367584945
5859,0.09131736526946108,0.999823759452425
5860,0.02245508982035928,0.9998852331859057
5861,0.02245508982035928,0.9998852331859013
5862,0.19910179640718562,0.5266066132084029
5863,0.21906187624750498,0.48372017659863414
5864,0.11177644710578842,0.45458090625242353
5865,0.000499001996007984,0.0
5866,0.15518962075848303,0.9999999372348315
5867,0.000499001996007984,0.0
5868,0.001746506986027944,0.9999993375633522
5869,0.001996007984031936,0.0
5870,0.003243512974051896,0.0
5871,0.000499001996007984,0.0
5872,0.000249500998003992,0.0
5873,0.000249500998003992,0.0
5874,0.012724550898203593,0.9842721222187206
5875,0.0027445109780439123,0.9999999999959448
5876,0.03143712574850299,0.8890492293131931
5877,0.1534431137724551,0.9989099758851752
5878,0.021457085828343315,0.9144676272884086
5880,0.31786427145708585,0.9999709914311736
5881,0.000499001996007984,4.239947907658926e-06
5883,0.000249500998003992,0.0
5884,0.17065868263473055,0.9999919631575536
5886,0.000249500998003992,0.0
5887,0.31462075848303395,0.9999998398326992
5888,0.17065868263473055,0.9999471927326808
5889,0.43912175648702595,0.9985403118699576
5890,0.000249500998003992,0.0
5892,0.003493013972055888,0.6883527104893642
5893,0.0014970059880239522,0.5289821359132736
5894,0.15494011976047903,0.9999999582728092
5896,0.0054890219560878245,0.9997860938891987
5897,0.000998003992015968,0.9874405903448417
5900,0.006487025948103792,0.24739475409496672
5901,0.000249500998003992,0.0
5902,0.000249500998003992,0.0
5903,0.0014970059880239522,0.0
5904,0.000249500998003992,0.0
5905,0.000249500998003992,0.0
5906,0.00124750499001996,0.0
5907,0.15568862275449102,0.9999986819192315
5908,0.005239520958083832,0.996413609940833
5909,0.00124750499001996,0.0
5910,0.000499001996007984,0.0
5911,0.000249500998003992,0.0
5912,0.15568862275449102,0.999998681919229
5913,0.0014970059880239522,0.023082797105138046
5914,0.000998003992015968,0.0
5915,0.000249500998003992,0.0
5916,0.00124750499001996,0.665260699708254
5917,0.000499001996007984,0.0
5918,0.000499001996007984,0.0
5919,0.17115768463073852,0.9862382436858093
5920,0.000499001996007984,0.0
5921,0.000249500998003992,0.0
5922,0.000249500998003992,0.0
5923,0.00124750499001996,0.9999999416253043
5924,0.0054890219560878245,0.9997860939277615
5925,0.3156187624750499,0.9999998403145868
5926,0.312375249500998,0.991099783178778
5927,0.003992015968063872,0.9999988846131082
5928,0.003493013972055888,0.9999999994537452
5929,0.000249500998003992,0.0
5930,0.17090818363273452,0.9994609555649927
5931,0.000249500998003992,0.0
5932,0.000249500998003992,0.0
5933,0.09031936127744511,0.9781367130924752
5934,0.000499001996007984,0.0
5936,0.000249500998003992,0.0
5937,0.4199101796407186,0.9732171343991064
5938,0.000249500998003992,0.0
5939,0.000249500998003992,0.0
5942,0.32110778443113774,0.9997903690837872
5943,0.000249500998003992,0.0
5944,0.000499001996007984,8.4183882434133e-05
5945,0.003243512974051896,0.9999998919469577
5946,0.1506986027944112,0.999970497250288
5947,0.000998003992015968,0.0
5948,0.000499001996007984,0.0
5949,0.000499001996007984,0.0
5950,0.000499001996007984,0.0
5951,0.15444111776447106,0.9999999420942653
5953,0.02220558882235529,0.7456776168193678
5954,0.0029940119760479044,0.0
5955,0.000249500998003992,0.0
5956,0.000249500998003992,0.0
5957,0.001746506986027944,0.999995908225158
5958,0.00124750499001996,0.0
5959,0.000499001996007984,0.0
5960,0.1284930139720559,0.9267286683083007
5961,0.11402195608782435,0.8304245487492354
5962,0.12025948103792415,0.9525551029407454
5963,0.028193612774451097,0.5115364582671528
5964,0.016716566866267466,0.8001504426597064
5965,0.00499001996007984,1.9537338573438223e-05
5966,0.021457085828343315,0.7475940214436024
5967,0.0027445109780439123,0.0
5968,0.0124750499001996,0.7978456913986993
5969,0.001746506986027944,0.9999993237798501
5970,0.05064870259481038,0.8381468067193604
5971,0.002245508982035928,0.999998457428928
5972,0.49600798403193613,0.9914119611035793
5973,0.0014970059880239522,0.0
5974,0.0007485029940119761,0.9999960991955579
5975,0.000249500998003992,0.0
5976,0.001746506986027944,0.9999959082083171
5977,0.000998003992015968,0.0
5978,0.00124750499001996,0.197088108264286
5979,0.000249500998003992,0.0
5980,0.000499001996007984,0.0
5981,0.02370259481037924,0.9999825751896014
5982,0.15593812375249502,0.9863586175061454
5983,0.001996007984031936,0.9982177787947469
5984,0.001996007984031936,0.9982177787947549
5985,0.003493013972055888,0.9999999530436675
5986,0.0027445109780439123,0.00018136629427445728
5987,0.33358283433133734,0.9999702922331127
5988,0.0007485029940119761,0.0
5989,0.000249500998003992,0.0
5991,0.00249500998003992,0.0
5992,0.000249500998003992,0.0
5993,0.000499001996007984,0.0
5995,0.02594810379241517,0.936495117344213
5996,0.000499001996007984,0.0
5997,0.0014970059880239522,0.9005205883812448
5998,0.036676646706586824,0.9847998810584518
5999,0.15144710578842316,0.9864467858965251
6000,0.000998003992015968,0.0
6001,0.002245508982035928,0.9999999996846687
6002,0.000249500998003992,0.0
6003,0.000249500998003992,0.0
6004,0.05439121756487026,0.9983785328497398
6005,0.000499001996007984,0.0
6006,0.000249500998003992,0.0
6007,0.000249500998003992,0.0
6008,0.3268463073852295,0.9773459936987146
6009,0.000998003992015968,0.5856305068427833
6010,0.000499001996007984,0.0
6011,0.000499001996007984,2.6303462029866106e-05
6012,0.005738522954091816,0.9999985472702939
6013,0.006736526946107785,0.981529510701301
6015,0.000249500998003992,0.0
6016,0.010978043912175649,0.4877438090984079
6017,0.0042415169660678645,0.9999999587146238
6018,0.023453093812375248,0.9999997915499856
6019,0.01122754491017964,0.3881038423825216
6020,0.00249500998003992,0.5931869503878906
6021,0.15494011976047903,0.9999999974648475
6022,0.15469061876247506,0.9999999979964957
6023,0.03218562874251497,0.9613169322327296
6024,0.000249500998003992,0.0
6025,0.43812375249500995,0.9909864141457762
6026,0.3323353293413174,0.9999999934903252
6027,0.0027445109780439123,0.0
6028,0.002245508982035928,0.9999984574279024
6029,0.000249500998003992,0.0
6030,0.000499001996007984,0.0
6031,0.00249500998003992,0.9999999852986072
6032,0.05389221556886228,0.9653859090927835
6033,0.15793413173652696,0.9973064359042146
6034,0.008982035928143712,0.8303973988730892
6035,0.003493013972055888,0.9999999920885814
6036,0.000998003992015968,0.0
6037,0.000499001996007984,0.0
6038,0.15593812375249502,0.9999441510548815
6039,0.0007485029940119761,0.0
6040,0.009231536926147704,0.9998941442314775
6041,0.15543912175648703,0.9999999031775714
6042,0.3333333333333333,0.9999773675352742
6043,0.0029940119760479044,0.6230007750829035
6044,0.000249500998003992,0.0004465483552172943
6045,0.000249500998003992,0.0
6046,0.000249500998003992,0.0
6047,0.000249500998003992,0.0
6048,0.156936127744511,0.996266624453407
6050,0.000998003992015968,0.0
6051,0.156187624750499,0.9965259179976323
6052,0.007734530938123752,0.999998633533231
6053,0.000998003992015968,0.0
6054,0.008233532934131737,0.0
6055,0.001996007984031936,0.9999879102617707
6056,0.003493013972055888,0.7371901517970021
6057,0.156936127744511,0.9964957446984142
6059,0.0007485029940119761,0.3975573547448017
6060,0.001996007984031936,0.7755811121770164
6061,0.156686626746507,0.9860309813037585
6062,0.0042415169660678645,0.7041556599323944
6063,0.000249500998003992,0.0
6064,0.001996007984031936,0.0
6065,0.0007485029940119761,0.0
6066,0.022954091816367265,0.8554089725625429
6067,0.000499001996007984,0.0
6068,0.0007485029940119761,0.0
6069,0.003243512974051896,0.0
6070,0.001996007984031936,0.0
6071,0.3345808383233533,0.9998518798885568
6072,0.005738522954091816,0.7228129734192018
6073,0.021706586826347306,0.05554030238510616
6074,0.000249500998003992,0.0
6075,0.015469061876247504,0.5362364186322142
6076,0.02969061876247505,0.854413226685408
6077,0.000499001996007984,0.0
6078,0.1407185628742515,0.9855132761995361
6079,0.14296407185628743,0.9999744301184128
6080,0.14296407185628743,0.9999744300772985
6081,0.001996007984031936,0.4910753970132224
6082,0.003243512974051896,0.0
6083,0.000499001996007984,0.0
6084,0.000499001996007984,2.0200690277940005e-05
6085,0.18063872255489022,0.9858801993343014
6086,0.000499001996007984,0.0
6087,0.000249500998003992,0.0
6088,0.005239520958083832,0.33204738778836806
6089,0.33083832335329344,0.9994276479054858
6090,0.030688622754491017,0.8857358652848426
6091,0.005988023952095809,0.9968788719417411
6092,0.02120758483033932,0.6339581221067901
6093,0.0014970059880239522,0.938931717076394
6094,0.000499001996007984,0.9999985383784832
6095,0.000499001996007984,0.9999985383813056
6096,0.0029940119760479044,3.233090345923304e-05
6097,0.013722554890219561,0.4541522484922129
6098,0.3408183632734531,0.9454480052620085
6099,0.006487025948103792,0.9998200776649161
6100,0.000249500998003992,0.0
6101,0.011477045908183632,0.8681438151902032
6102,0.000998003992015968,0.9660994334070436
6103,0.15494011976047903,0.9999997423938006
6104,0.03093812375249501,0.7769859259696958
6105,0.00124750499001996,0.0
6106,0.06761477045908182,0.9969316657849274
6107,0.15394211576846306,0.9999998477996181
6108,0.0027445109780439123,0.10772893053411874
6109,0.000499001996007984,0.9999999655232207
6110,0.000249500998003992,0.0
6111,0.25773453093812376,0.9820791941652643
6113,0.000249500998003992,0.0
6114,0.000998003992015968,0.0
6115,0.1534431137724551,0.9999710632415142
6116,0.000249500998003992,0.0
6117,0.001996007984031936,0.9972292960671619
6119,0.000249500998003992,1.9726336605773515e-05
6120,0.000499001996007984,0.0
6121,0.00124750499001996,0.0
6122,0.001996007984031936,0.1983948104380658
6123,0.000249500998003992,0.0
6124,0.002245508982035928,0.999999999684666
6125,0.1536926147704591,0.9999999978361145
6126,0.33308383233532934,0.9999999958746149
6127,0.000249500998003992,0.0
6128,0.008233532934131737,0.9999996982013662
6130,0.000499001996007984,0.0
6131,0.000499001996007984,0.0
6132,0.000998003992015968,0.0
6133,0.007235528942115769,0.2268592546151818
6134,0.3290918163672655,0.990643255919624
6135,0.4403692614770459,0.991698181097992
6136,0.3328343313373254,0.9999999991558681
6137,0.00249500998003992,0.029999049051302115
6138,0.0042415169660678645,0.33065596764832667
6139,0.000249500998003992,0.0
6140,0.000249500998003992,0.0
6141,0.0014970059880239522,0.9999905643712773
6142,0.000249500998003992,0.0
6143,0.0007485029940119761,0.0
6144,0.000249500998003992,0.0
6145,0.010978043912175649,0.3215415908023831
6146,0.013223552894211578,0.9821187786330599
6147,0.007734530938123752,0.7395852497860702
6148,0.000249500998003992,0.0
6149,0.03293413173652695,0.9042427567576947
6150,0.031936127744510975,0.9188441483063717
6151,0.0014970059880239522,0.9999905643771275
6152,0.33308383233532934,0.9999999991839486
6153,0.000249500998003992,0.0010407663921780893
6154,0.33308383233532934,0.9999999991811122
6155,0.0007485029940119761,0.0
6156,0.000499001996007984,0.0
6157,0.0014970059880239522,0.0
6158,0.1531936127744511,0.9999999989594799
6159,0.010728542914171657,0.9986017431363259
6160,0.013972055888223553,0.9996878766886071
6161,0.000249500998003992,0.0038164834759586777
6162,0.000499001996007984,0.0
6163,0.4433632734530938,0.9911490875878457
6164,0.1531936127744511,0.9999999989594806
6165,0.000249500998003992,4.119205385130718e-06
6166,0.00499001996007984,0.3515263694516082
6167,0.000249500998003992,0.0
6168,0.0029940119760479044,0.9999998952836212
6169,0.000998003992015968,0.0
6170,0.0037425149700598802,0.9501117822240809
6171,0.000249500998003992,0.0
6172,0.000499001996007984,0.0
6173,0.14870259481037923,0.9975986471221077
6174,0.006986027944111776,0.5524051210324971
6175,0.000249500998003992,0.0
6176,0.05264471057884232,0.9700425312879933
6177,0.24825349301397207,0.9995749649231734
6178,0.000499001996007984,5.2175706347181304e-06
6179,0.02220558882235529,0.9835618918861795
6180,0.000249500998003992,0.0
6181,0.000499001996007984,0.0
6182,0.000249500998003992,0.0
6183,0.000249500998003992,0.0
6184,0.013972055888223553,0.9996878766910622
6185,0.01347305389221557,0.9837436609542124
6186,0.00499001996007984,0.9991736635724029
6187,0.000249500998003992,0.0
6188,0.15169660678642716,0.9997323367681681
6189,0.000249500998003992,0.0
6190,0.000998003992015968,0.18050251481262075
6191,0.00249500998003992,0.6634804115030969
6192,0.002245508982035928,0.9999999996846625
6193,0.1531936127744511,0.999999998372697
6194,0.0007485029940119761,0.0
6196,0.000249500998003992,2.717424656371293e-05
6197,0.01347305389221557,0.9837436674942912
6198,0.38897205588822353,0.964055368773698
6199,0.0062375249500998,0.9999991187105345
6200,0.000249500998003992,1.4663026501371837e-05
6201,0.3323353293413174,0.9999999056160482
6202,0.06312375249501001,0.9719835053815385
6203,0.00499001996007984,0.9991736614591262
6204,0.44011976047904194,0.9686423853142613
6205,0.000249500998003992,0.0
6206,0.000249500998003992,0.0
6207,0.000249500998003992,0.0
6208,0.043912175648702596,0.9192523287147544
6209,0.00249500998003992,0.0
6210,0.003243512974051896,0.991837318605116
6211,0.010229540918163672,0.3524433619177393
6212,0.3313373253493014,0.9999999931228227
6213,0.000998003992015968,0.9870242060696381
6214,0.00124750499001996,0.0
6215,0.15169660678642716,0.9999999993964444
6216,0.000249500998003992,0.0
6217,0.006986027944111776,0.49685147505723726
6218,0.0007485029940119761,0.0
6219,0.000249500998003992,0.0
6220,0.006986027944111776,0.6541217056051244
6221,0.000998003992015968,0.0
6222,0.3348303393213573,0.9999995895414965
6223,0.0042415169660678645,0.0
6224,0.000499001996007984,0.0
6225,0.1531936127744511,0.9999999201786687
6226,0.0014970059880239522,0.0
6227,0.0007485029940119761,0.9999960991946579
6228,0.000249500998003992,0.0
6229,0.000249500998003992,0.0
6230,0.00124750499001996,0.0
6231,0.010479041916167664,0.8316485162201317
6232,0.3338323353293413,0.9999755099246576
6234,0.024201596806387227,0.9929989621094643
6235,0.027445109780439122,0.46659712452313157
6237,0.05364271457085823,0.9999895169922252
6238,0.00249500998003992,0.8912498202022088
6239,0.0014970059880239522,0.0002412559920403121
6240,0.15244510978043913,0.999999999367037
6241,0.000249500998003992,0.0
6242,0.000499001996007984,0.0
6243,0.000499001996007984,0.0
6244,0.015469061876247504,0.5325890787396323
6245,0.000499001996007984,0.0
6246,0.38023952095808383,0.9708279118604604
6247,0.1529441117764471,0.9999999957632058
6248,0.000249500998003992,0.0
6249,0.0042415169660678645,0.9999999994323363
6250,0.0042415169660678645,0.0
6251,0.005239520958083832,0.00037090103960948256
6252,0.32759481037924154,0.9999578266462167
6253,0.1781437125748503,0.999489184402154
6254,0.17365269461077845,0.9540366023245398
6255,0.06287425149700598,0.9981124086379296
6256,0.003992015968063872,0.999999992087967
6257,0.06312375249501001,0.9999997724839599
6258,0.000499001996007984,0.0
6259,0.00124750499001996,0.0
6260,0.02619760479041916,0.43740143602023157
6261,0.027445109780439122,0.7500291148929803
6262,0.01746506986027944,0.7619256579643034
6263,0.05239520958083832,0.26991713187313454
6264,0.16691616766467066,0.9694750690447043
6265,0.18313373253493015,0.9512158090122581
6266,0.011976047904191617,0.8836869424497468
6267,0.010229540918163672,0.8129419452488912
6268,0.012974051896207584,0.8190057118047902
6269,0.00499001996007984,0.7176170058307829
6270,0.021956087824351298,0.5723905435052531
6271,0.01472055888223553,0.603787114489887
6272,0.0027445109780439123,0.5164244399726342
6273,0.0029940119760479044,0.5655509977030053
6274,0.003992015968063872,0.9251588431970805
6275,0.00249500998003992,0.0
6276,0.000499001996007984,4.8254372767684676e-05
6277,0.003992015968063872,0.9999999542113626
6278,0.37125748502994016,0.976705608863506
6279,0.000499001996007984,0.0
6280,0.06362275449101795,0.9999307107655316
6281,0.000499001996007984,0.00010156571171385999
6282,0.0074850299401197605,0.8112752485021638
6283,0.000249500998003992,0.0
6284,0.0062375249500998,0.9997190351297432
6285,0.1536926147704591,0.9999998862881431
6286,0.0037425149700598802,0.9999999977016338
6287,0.000499001996007984,9.717569183155798e-06
6288,0.0029940119760479044,0.6767415562589111
6289,0.000499001996007984,0.0
6290,0.001746506986027944,0.0
6291,0.007984031936127744,0.9664402587878106
6292,0.000499001996007984,0.0
6293,0.438373253493014,0.9999075825452305
6294,0.000249500998003992,0.0
6295,0.000249500998003992,0.0
6296,0.43812375249500995,0.9992323570118382
6297,0.018962075848303395,0.5662137600520509
6298,0.000499001996007984,4.4530593985318446e-05
6299,0.24426147704590817,0.9671298243345997
6300,0.000499001996007984,0.0
6301,0.00124750499001996,0.0001411721094921481
6302,0.1536926147704591,0.9965952545609472
6303,0.15394211576846306,0.9699462131593034
6304,0.000249500998003992,0.0
6305,0.32759481037924154,0.962296682879446
6306,0.000499001996007984,0.0
6307,0.000249500998003992,0.0
6308,0.06337325349301393,0.9930870453906678
6309,0.000499001996007984,3.0497148988651894e-05
6310,0.0007485029940119761,4.15412504367445e-06
6311,0.0014970059880239522,0.9998095138636783
6313,0.010728542914171657,0.4756262864053455
6314,0.0007485029940119761,0.0
6315,0.021706586826347306,0.9956791873361608
6316,0.000998003992015968,0.0
6317,0.000249500998003992,0.0
6318,0.000499001996007984,0.0
6319,0.0007485029940119761,0.0
6320,0.014221556886227544,0.7670619490866185
6321,0.00998003992015968,0.9980215752024668
6322,0.00124750499001996,0.0
6323,0.013223552894211578,0.7314291738558739
6324,0.000249500998003992,0.0
6325,0.000249500998003992,0.0
6326,0.001996007984031936,0.0
6327,0.0007485029940119761,0.0
6328,0.00124750499001996,3.1980048691799435e-05
6329,0.06711576846307388,0.911278992676916
6330,0.003243512974051896,0.9999999256807852
6331,0.0641217564870259,0.9429379334461189
6332,0.006986027944111776,0.981255134718214
6333,0.0007485029940119761,0.0
6334,0.009231536926147704,0.0002801132355387548
6335,0.000249500998003992,4.100854108312397e-06
6336,0.003992015968063872,0.9999999789038353
6337,0.00124750499001996,0.0
6338,0.15094810379241516,0.954047414704867
6339,0.001996007984031936,0.9999999637356477
6340,0.2619760479041916,0.4067342849032716
6341,0.006736526946107785,0.9993230387188697
6342,0.4628243512974052,0.5588193976927459
6343,0.000249500998003992,0.0
6344,0.00124750499001996,0.9167300488077281
6345,0.0007485029940119761,0.9999999285388735
6346,0.001746506986027944,0.9918023295849459
6347,0.001746506986027944,0.9918023295867244
6348,0.000249500998003992,0.0
6349,0.15568862275449102,0.9358807773737763
6350,0.02594810379241517,0.5389209468032801
6351,0.03243512974051896,0.5345963544705108
6352,0.003992015968063872,4.220009751728176e-05
6353,0.006986027944111776,0.4247114130028978
6354,0.03967065868263473,0.5828448719802066
6355,0.030189620758483034,0.6517984594432495
6356,0.000249500998003992,0.0
6357,0.0029940119760479044,0.0022820511654507588
6358,0.027694610778443114,0.0945138911977202
6359,0.003493013972055888,0.35516487127872226
6360,0.013972055888223553,0.6825642780008689
6361,0.000249500998003992,0.0
6362,0.000499001996007984,1.9822940285175113e-06
6363,0.000249500998003992,0.0
6364,0.000998003992015968,0.0
6365,0.000998003992015968,0.0
6366,0.000499001996007984,0.0
6367,0.06087824351297405,0.9994687216577031
6368,0.06087824351297405,0.9994687216785815
6369,0.0014970059880239522,5.343339495702516e-06
6370,0.010728542914171657,5.452142097750809e-05
6371,0.000499001996007984,1.3737060809592266e-05
6372,0.000249500998003992,0.0
6373,0.001996007984031936,8.671650484146509e-05
6375,0.013972055888223553,0.845192175691036
6376,0.018962075848303395,6.116862906877269e-07
6377,0.0007485029940119761,0.0
6378,0.000499001996007984,0.0
6380,0.003493013972055888,0.46923235841604877
6381,0.0007485029940119761,0.0
6382,0.13872255489021956,0.1582756232769219
6383,0.001746506986027944,0.00016950173771448132
6384,0.001996007984031936,0.665521196907618
6385,0.000249500998003992,0.0
6386,0.0007485029940119761,0.999999303268524
6387,0.0007485029940119761,2.1123114107946546e-05
6388,0.00124750499001996,0.00016744332484136857
6389,0.000249500998003992,0.0
6390,0.000249500998003992,0.0
6391,0.000249500998003992,0.0
6393,0.000249500998003992,0.00015817585521393917
6394,0.000998003992015968,4.3025544765457613e-05
6395,0.00124750499001996,6.636650947756433e-06
6396,0.000249500998003992,0.0
6397,0.0007485029940119761,0.0
6398,0.000249500998003992,1.656754075502494e-05
6399,0.008982035928143712,0.04538497322542632
6400,0.000499001996007984,0.0
6401,0.24001996007984033,0.62942987735561
6402,0.013223552894211578,0.7455138615233028
6403,0.30114770459081835,0.990308790507123
6404,0.000249500998003992,0.0
6405,0.3008982035928144,0.9999084298301739
6406,0.0054890219560878245,0.16878660981983395
6407,0.013223552894211578,0.7553994976561668
6408,0.00124750499001996,0.0
6409,0.000249500998003992,0.0
6410,0.008982035928143712,0.6337807946775086
6411,0.000499001996007984,6.998231598496732e-06
6412,0.000499001996007984,0.00010143253933459729
6413,0.4076846307385229,0.14387330735351042
6414,0.2754491017964072,0.9125500993132912
6415,0.005239520958083832,0.0
6416,0.32235528942115765,0.6683790065986587
6417,0.00124750499001996,0.0
6418,0.000249500998003992,0.0
6419,0.001746506986027944,0.0
6420,0.000249500998003992,0.0
6421,0.033682634730538924,0.45786106190143866
6422,0.025199600798403193,0.2849784141749221
6423,0.000499001996007984,0.0
6424,0.000249500998003992,0.0
6425,0.003493013972055888,0.6885080840543063
6426,0.000499001996007984,0.0
6427,0.00124750499001996,0.0
6428,0.02120758483033932,0.0285845317934621
6429,0.0187125748502994,0.004357554068379971
6430,0.000249500998003992,0.0
6431,0.020958083832335328,0.14127193136190905
6432,0.000249500998003992,0.0
6433,0.17989021956087825,0.7417087163973363
6434,0.000249500998003992,0.0
6436,0.003992015968063872,0.00020675979234357572
6437,0.008233532934131737,0.16554727836768435
6438,0.08333333333333333,0.6234326892626708
6439,0.26746506986027946,0.7428109787491795
6440,0.003243512974051896,0.2806941518852838
6441,0.003243512974051896,0.9686864758928915
6442,0.000998003992015968,0.9999999124947215
6443,0.19461077844311378,0.9861794580261305
6444,0.002245508982035928,0.2916564449276922
6445,0.17714570858283432,0.8921396037869836
6446,0.3263473053892216,0.821786229470636
6447,0.18238522954091815,0.31239008177672684
6449,0.005239520958083832,0.0
6450,0.000499001996007984,1.6932570040870555e-05
6451,0.00124750499001996,0.0
6452,0.002245508982035928,0.0
6453,0.000249500998003992,0.0
6454,0.2991516966067864,0.903981052467659
6455,0.0187125748502994,0.8746625844028284
6456,0.001746506986027944,4.011105088429874e-06
6457,0.2624750499001996,0.9897440156648416
6458,0.2619760479041916,0.9999854454012117
6459,0.0014970059880239522,0.0
6460,0.26497005988023953,0.9786940595473622
6461,0.002245508982035928,0.0050259546768732614
6462,0.013223552894211578,0.9952802967334167
6463,0.0007485029940119761,0.0
6465,0.015219560878243513,0.09438459819903647
6466,0.04266467065868264,0.9614387071388855
6467,0.18912175648702595,0.9965657288845069
6468,0.4086826347305389,0.8871461317210633
6469,0.000499001996007984,0.0
6470,0.26422155688622756,0.9887779199107453
6471,0.003243512974051896,0.0
6472,0.2839321357285429,0.9936520504530805
6473,0.27694610778443113,0.9108558379238421
6474,0.00249500998003992,7.533366914007064e-05
6475,0.0658682634730539,0.9701406214020823
6476,0.009231536926147704,0.933585841730687
6477,0.000499001996007984,0.0
6478,0.001996007984031936,8.880125303415379e-06
6479,0.3066367265469062,0.9885665100254771
6480,0.1337325349301397,0.9997648228406106
6481,0.13348303393213568,0.999759653837327
6482,0.012724550898203593,0.559652196778957
6483,0.002245508982035928,0.6801936820308219
6484,0.20334331337325348,0.9993534333556839
6485,0.04940119760479042,0.9999862770337021
6486,0.0007485029940119761,0.9999999999984204
6487,0.3083832335329341,0.9998634123225972
6488,0.00249500998003992,0.0
6489,0.000499001996007984,0.0
6490,0.18987025948103792,0.9870328843197925
6491,0.2028443113772455,0.8073253048409526
6492,0.2030938123752495,0.9999948268391379
6493,0.0531437125748503,0.9993419851268427
6496,0.000249500998003992,0.0
6497,0.000499001996007984,0.0015738048783637702
6498,0.20409181636726548,0.9996553102399188
6499,0.10479041916167664,0.9999983483864784
6500,0.10479041916167664,0.9999983483864593
6501,0.027944111776447105,0.4996316935085659
6502,0.2028443113772455,0.9998232334224605
6503,0.000249500998003992,0.0
6504,0.20234530938123751,0.999958194892277
6505,0.04216566866267465,0.9935151213883429
6506,0.003493013972055888,0.0
6507,0.18987025948103792,0.9999393317151977
6508,0.001996007984031936,0.0
6509,0.00873253493013972,0.9995850056670609
6510,0.08383233532934131,0.9821472746158681
6511,0.20783433133732535,0.9823196858293757
6512,0.000249500998003992,0.0
6513,0.000249500998003992,0.0
6514,0.0062375249500998,0.01894676374733859
6515,0.00249500998003992,0.0
6516,0.003992015968063872,0.891472161807604
6517,0.2025948103792415,0.9977980236387399
6519,0.04965069860279441,0.9999999221446432
6520,0.0007485029940119761,0.0
6521,0.04890219560878244,0.9958447128708079
6522,0.18687624750499002,0.8547174042828084
6523,0.05763473053892216,0.8741008693901284
6524,0.006736526946107785,0.9995628625982445
6525,0.006736526946107785,0.9995628625982733
6526,0.008233532934131737,0.999999995318452
6527,0.3600299401197605,0.6996355713838232
6529,0.005738522954091816,0.1558897223145513
6530,0.1936127744510978,0.9559443172433818
6531,0.000499001996007984,0.0
6532,0.000249500998003992,0.0
6533,0.2250499001996008,0.9990660828092367
6534,0.001996007984031936,0.4989945328023822
6535,0.22554890219560877,0.9916436681674028
6536,0.22554890219560877,0.9916436681674026
6537,0.0007485029940119761,0.0
6538,0.03093812375249501,0.8280176986237655
6539,0.22554890219560877,0.9737133996624676
6540,0.1843812375249501,0.9863159912906466
6541,0.000249500998003992,0.0
6542,0.0014970059880239522,0.0
6543,0.00124750499001996,0.00017138285514135793
6544,0.0007485029940119761,0.0
6545,0.020958083832335328,0.7306229606194694
6546,0.000249500998003992,0.0
6547,0.0124750499001996,0.9999838342533728
6548,0.0124750499001996,0.9999838342533426
6549,0.011477045908183632,0.37126471477388134
6550,0.000499001996007984,0.0
6551,0.28517964071856283,0.9933783702142975
6552,0.36751497005988026,0.958500955256499
6553,0.19286427145708582,0.9997729084012552
6554,0.24201596806387227,0.9911100548555468
6555,0.43962075848303395,0.9414724968259399
6556,0.005738522954091816,0.10760923627620286
6557,0.046656686626746505,0.9997064867070032
6558,0.000249500998003992,0.0
6559,0.27869261477045904,0.9848940438613027
6560,0.36327345309381237,0.9832761088731223
6561,0.013972055888223553,0.2077025803482922
6562,0.22979041916167664,0.9588652144035493
6563,0.07385229540918163,0.6933077996158266
6565,0.000249500998003992,0.0
6566,0.002245508982035928,7.375223518601509e-06
6567,0.3647704590818363,0.9461381281679403
6568,0.000499001996007984,0.0
6569,0.016966067864271458,0.9142391011148581
6570,0.2774451097804391,0.8706073212441607
6571,0.2280439121756487,0.887915512524555
6572,0.003493013972055888,0.6653286977882606
6573,0.30538922155688625,0.8371110014928769
6574,0.015219560878243513,0.5767739742346558
6575,0.005738522954091816,0.7994350937922784
6576,0.015968063872255488,0.3793066787027712
6577,0.019461077844311378,0.18855916180307028
6578,0.1631736526946108,0.38359003414028453
6579,0.000499001996007984,0.0
6580,0.016467065868263474,0.7115996583011411
6581,0.000249500998003992,0.0
6583,0.01347305389221557,0.9757128444897221
6584,0.0037425149700598802,0.9150696893909298
6585,0.4760479041916168,0.9060957830971617
6586,0.156437125748503,0.954755669653917
6587,0.004740518962075849,0.06493412475787794
6588,0.01721556886227545,0.9610839937902149
6589,0.000249500998003992,0.0
6590,0.08233532934131736,0.9189579916820799
6591,0.15543912175648703,0.9691563534130286
6592,0.16167664670658682,0.99968005431816
6593,0.003243512974051896,0.0
6594,0.2467564870259481,0.5615513061082573
6595,0.15518962075848303,0.9687295690086085
6596,0.16142714570858283,0.9999867749085428
6597,0.1624251497005988,0.9985116840670254
6598,0.1626746506986028,0.9999999957882015
6599,0.11601796407185629,0.7732413393302173
6600,0.01621756487025948,0.999999999648401
6601,0.43363273453093815,0.7381801939098322
6602,0.00998003992015968,0.9963342233899166
6603,0.4134231536926148,0.9326252986584738
6604,0.005239520958083832,0.6659048485286121
6605,0.48003992015968067,0.998125753075426
6606,0.04341317365269461,0.2774371623933125
6607,0.16192614770459082,0.972641763438391
6608,0.014970059880239521,0.999999999705149
6609,0.000499001996007984,0.0
6610,0.001996007984031936,0.5221474902510396
6611,0.08682634730538923,0.9998554077271925
6612,0.002245508982035928,0.0
6613,0.07859281437125748,0.968358574913122
6614,0.02470059880239521,0.4171988637652688
6615,0.0007485029940119761,0.0
6616,0.000249500998003992,0.0
6618,0.002245508982035928,0.9999986625332837
6619,0.002245508982035928,0.9999986625331831
6620,0.11976047904191617,0.7145804802998896
6621,0.41916167664670656,0.9663846464884265
6622,0.22579840319361277,0.9999995524504107
6623,0.000249500998003992,0.0
6624,0.22629740518962077,0.9975513006032662
6625,0.000499001996007984,0.0
6626,0.061377245508982034,0.9379332754253734
6627,0.000249500998003992,0.0
6628,0.0029940119760479044,0.9999886541445839
6629,0.08682634730538923,0.9999472704413233
6630,0.000998003992015968,0.0
6631,0.18787425149700598,0.9921620014711855
6632,0.00124750499001996,0.0
6633,0.0721057884231537,0.9999524963943013
6634,0.001996007984031936,0.4595860848819816
6635,0.0042415169660678645,1.7866036634682878e-05
6636,0.001996007984031936,0.9999999587984809
6637,0.000249500998003992,0.0
6638,0.499750499001996,0.999966578961763
6639,0.0007485029940119761,0.0
6640,0.49750499001996007,0.9883929118634966
6641,0.25673652694610777,0.8902078216111438
6642,0.00499001996007984,1.4761831044867159e-05
6643,0.08233532934131736,0.9998517927283123
6644,0.09755489021956087,0.9927630129226421
6645,0.01122754491017964,0.7466647382166457
6646,0.17090818363273452,0.9466607450040535
6647,0.3158682634730539,0.9868177108426653
6648,0.12050898203592815,0.9539233232654324
6649,0.07035928143712575,0.9999999904540662
6650,0.09705588822355289,0.9657410911444814
6651,0.07035928143712575,0.9999999904540688
6652,0.07035928143712575,0.9999999795957631
6653,0.2345309381237525,0.9732278790786817
6654,0.004491017964071856,0.4256662855508746
6655,0.000499001996007984,0.0
6656,0.08383233532934131,0.9999995451939478
6657,0.21706586826347304,0.999589353968442
6658,0.23053892215568864,0.9999854107431346
6659,0.000499001996007984,0.0
6660,0.005738522954091816,0.5501306333700345
6661,0.16741516966067865,0.9850446601649349
6662,0.001746506986027944,0.9867438176163174
6663,0.058383233532934134,0.8464831335810427
6664,0.003243512974051896,0.7172374856087552
6665,0.26047904191616766,0.9844039718384836
6666,0.16816367265469062,0.9999877502154771
6667,0.20733532934131738,0.6501941386059048
6669,0.05114770459081836,0.7355487532912335
6670,0.2345309381237525,0.9878188532640003
6671,0.002245508982035928,0.9945563297467451
6672,0.4630738522954092,0.9858091847470427
6673,0.2377744510978044,0.9529460769247207
6674,0.4328842315369261,0.9967216906879772
6675,0.000499001996007984,0.0
6676,0.23353293413173654,0.9915055691677471
6677,0.000249500998003992,2.5739345274401903e-05
6678,0.23328343313373254,0.9844791297271491
6679,0.1220059880239521,0.9999999942075852
6680,0.12250499001996008,0.9979392824065053
6681,0.12400199600798403,0.9828562777748346
6682,0.000249500998003992,0.0
6683,0.22330339321357284,0.9674938231399933
6684,0.000249500998003992,0.0
6685,0.3171157684630739,0.9878715236375261
6686,0.000499001996007984,0.0
6687,0.34555888223552894,0.9885123247253669
6688,0.3278443113772455,0.9691083558159165
6689,0.08507984031936128,0.8138826258503535
6690,0.006487025948103792,0.6419664910933467
6691,0.000499001996007984,0.0
6693,0.000249500998003992,0.0
6694,0.16816367265469062,0.996170143139814
6695,0.2624750499001996,0.9999875454987973
6696,0.030189620758483034,0.999999983155971
6697,0.25349301397205587,0.9830752423604089
6698,0.16841317365269462,0.9999987470271042
6699,0.0007485029940119761,0.0
6700,0.16841317365269462,0.9999987470185366
6701,0.42989021956087825,0.9996450724460533
6702,0.16841317365269462,0.999998747018538
6703,0.4263972055888223,0.9666273896872456
6704,0.000249500998003992,0.0
6705,0.001996007984031936,0.5514336606345113
6707,0.49925149700598803,0.9617002557567754
6709,0.030189620758483034,0.999827672030634
6710,0.0007485029940119761,0.0013687443085156092
6711,0.23253493013972057,0.9764793692682047
6712,0.000499001996007984,0.9999999997155053
6713,0.08408183632734531,0.8594713813289213
6714,0.0054890219560878245,0.9990343854478919
6715,0.12749500998003993,0.9343761068141884
6716,0.06836327345309381,0.9983349923327888
6717,0.000499001996007984,0.0
6718,0.44835329341317365,0.9929297134230011
6719,0.0007485029940119761,0.0
6720,0.015219560878243513,0.9857763898680962
6721,0.01222554890219561,0.11617712322931177
6722,0.43862275449101795,0.9999351052999006
6723,0.18188622754491018,0.9980630720184381
6724,0.0014970059880239522,0.0
6725,0.000998003992015968,0.9999995381186213
6726,0.000249500998003992,3.874514085922582e-05
6727,0.18762475049900199,0.9970794464604492
6728,0.000249500998003992,0.0
6729,0.06786427145708583,0.965078428582256
6730,0.000249500998003992,0.0
6731,0.000499001996007984,0.0
6732,0.20384231536926148,0.9577965235046468
6733,0.07684630738522955,0.9774440112949397
6734,0.3380738522954092,0.9657804897029616
6735,0.025199600798403193,0.33782118595193306
6736,0.2085828343313373,0.9895742279327121
6737,0.000249500998003992,4.043320905355273e-06
6738,0.0376746506986028,0.9998994724189889
6739,0.2662175648702595,0.9905578809723075
6740,0.014221556886227544,0.19963223472348138
6741,0.20808383233532934,0.9988473595276074
6742,0.41566866267465075,0.9908249424583724
6743,0.3033932135728543,0.9686071606767712
6744,0.3358283433133733,0.9985209572824608
6745,0.000499001996007984,0.0
6746,0.20359281437125748,0.987218220898018
6747,0.0014970059880239522,0.19839681617407723
6748,0.13498003992015967,0.9217694174727544
6749,0.12874251497005987,0.48378698975332335
6751,0.000249500998003992,0.0
6752,0.056636726546906185,0.9958544111903349
6753,0.07909181636726546,0.9998200973224171
6754,0.000998003992015968,0.999999919483482
6755,0.2120758483033932,0.9418744335340992
6756,0.1407185628742515,0.9960102903812696
6757,0.1407185628742515,0.9960102904206277
6758,0.05738522954091816,0.997383134937296
6759,0.25523952095808383,0.9727142463595684
6760,0.1407185628742515,0.9737834144646658
6761,0.07984031936127745,0.9999840239776973
6762,0.000249500998003992,5.0460299610603445e-06
6763,0.4555888223552894,0.9521863286873826
6764,0.06686626746506986,0.9162597526011133
6765,0.3390718562874252,0.570302242511789
6766,0.010728542914171657,0.9898394947825518
6767,0.0054890219560878245,0.9430797553010698
6768,0.014221556886227544,0.05542169885733264
6769,0.000249500998003992,0.0
6770,0.001746506986027944,8.176937607967128e-06
6771,0.08782435129740519,0.8345386389277432
6772,0.020459081836327345,0.3258553985673196
6773,0.00873253493013972,0.11280248353056108
6774,0.005738522954091816,0.0040653462107042345
6775,0.00124750499001996,0.0
6776,0.000249500998003992,0.0
6777,0.00873253493013972,0.9999999803818683
6778,0.00873253493013972,0.9999999803818526
6779,0.003992015968063872,0.37027453408414157
6780,0.000499001996007984,0.0
6781,0.000249500998003992,0.0
6782,0.001746506986027944,0.49900594662633285
6783,0.0014970059880239522,0.9902891077199285
6784,0.2437624750499002,0.826675871039366
6785,0.026447105788423155,0.9896788848925993
6786,0.1347305389221557,0.983649693497816
6787,0.03967065868263473,0.7850423308720679
6788,0.12974051896207583,0.9512328702000508
6789,0.00124750499001996,0.0
6790,0.000499001996007984,0.0
6791,0.14196606786427146,0.9674317459850204
6792,0.13073852295409183,0.999994202570681
6793,0.004740518962075849,0.0
6794,0.13048902195608783,0.999998957540304
6795,0.000499001996007984,0.0
6796,0.0042415169660678645,0.221296365196091
6797,0.000249500998003992,0.0
6798,0.001746506986027944,0.11511046141372146
6799,0.000499001996007984,0.9998736588842414
6800,0.0007485029940119761,0.0
6801,0.001746506986027944,4.725771573176972e-05
6802,0.10429141716566866,0.9999769320889115
6803,0.0007485029940119761,0.0
6804,0.10454091816367266,0.999999327148395
6805,0.0007485029940119761,0.0
6806,0.10404191616766467,0.9999999304446862
6807,0.0007485029940119761,0.0
6808,0.10528942115768464,0.9995634998695794
6809,0.11901197604790419,0.9965245727307133
6810,0.000249500998003992,0.0
6811,0.046906187624750496,0.9009249692894795
6812,0.0027445109780439123,0.9764655479119925
6813,0.1282435129740519,0.9438969419800838
6814,0.0007485029940119761,0.0
6815,0.05538922155688623,0.9999857762656893
6816,0.005738522954091816,0.020408338973260352
6817,0.008483033932135729,0.8621528848131205
6818,0.0042415169660678645,0.4886180005169194
6819,0.11501996007984032,0.9974957947873169
6821,0.0054890219560878245,0.24788996329416874
6822,0.000499001996007984,0.0
6823,0.2694610778443114,0.9999732325439606
6824,0.006487025948103792,0.47890113155883435
6825,0.2694610778443114,0.9999732325044918
6826,0.2694610778443114,0.9999732325088592
6827,0.014221556886227544,0.2973230038107951
6829,0.0007485029940119761,6.537122943233108e-06
6830,0.00124750499001996,1.9503176116572317e-05
6831,0.12125748502994012,0.9804542777841372
6832,0.000249500998003992,0.0
6833,0.007984031936127744,0.17107043019870635
6834,0.001746506986027944,0.08219241858084873
6835,0.2694610778443114,0.9999915272080732
6836,0.09231536926147704,0.9186079981918154
6837,0.00249500998003992,0.47403424434216035
6838,0.00124750499001996,8.15709196264842e-05
6839,0.27020958083832336,0.9991312208411336
6840,0.003992015968063872,0.0
6841,0.1314870259481038,0.9711157629128253
6842,0.26746506986027946,0.9802493297485901
6843,0.000249500998003992,0.0
6844,0.016966067864271458,0.3460846658025591
6845,0.001996007984031936,0.0
6846,0.0029940119760479044,0.6533474526623293
6847,0.000249500998003992,0.0
6848,0.0007485029940119761,0.9999128464114085
6849,0.000998003992015968,0.12307575366143841
6850,0.000249500998003992,0.0
6851,0.000249500998003992,9.12888840118386e-06
6852,0.1314870259481038,0.9662095445342791
6853,0.000499001996007984,0.0
6854,0.15893213572854292,0.9739419589207249
6855,0.000249500998003992,0.0
6856,0.14221556886227546,0.8966324424859441
6857,0.16417165668662675,0.8782813700016013
6858,0.000249500998003992,0.0
6859,0.0054890219560878245,0.00032785563974619027
6860,0.000249500998003992,0.0
6861,0.002245508982035928,0.0
6862,0.2537425149700599,0.9453510084379289
6863,0.1467065868263473,0.9362979682069112
6864,0.3413173652694611,0.9518327078388682
6865,0.12075848303393213,0.9999550469002064
6866,0.37200598802395207,0.9626492517466513
6867,0.16791417165668662,0.8525245093747419
6868,0.000998003992015968,0.0
6869,0.0027445109780439123,0.1422758530622819
6870,0.000249500998003992,0.0
6871,0.0029940119760479044,0.0
6872,0.39246506986027946,0.9903968945715831
6873,0.020708582834331336,0.8424082532619896
6874,0.0014970059880239522,0.0
6875,0.015718562874251496,0.5941643703212363
6876,0.000499001996007984,0.9998736588720109
6877,0.3944610778443114,0.9990135260509847
6878,0.1506986027944112,0.9364574351209751
6880,0.38547904191616766,0.998845756006788
6881,0.11976047904191617,0.9993489085059514
6882,0.08682634730538923,0.9417854556742487
6883,0.3939620758483034,0.9999485275111928
6884,0.020459081836327345,0.05595089101717651
6885,0.018213572854291416,0.2934469477973415
6886,0.00124750499001996,0.4937059470965928
6887,0.09780439121756487,0.9999999288808342
6888,0.09755489021956087,0.9999989845899975
6889,0.013722554890219561,0.7293304108470515
6890,0.3096307385229541,0.9183903691767308
6891,0.00249500998003992,0.0
6892,0.000249500998003992,0.0
6893,0.0074850299401197605,0.7356368186712973
6894,0.002245508982035928,0.9994017379466844
6896,0.0007485029940119761,0.0
6897,0.000998003992015968,6.473710574025059e-06
6898,0.005738522954091816,0.9379117154397117
6899,0.12574850299401197,0.9989311091420803
6900,0.00249500998003992,0.0
6901,0.13522954091816367,0.9801239571147363
6902,0.000499001996007984,0.0
6903,0.00873253493013972,0.1618814419725436
6904,0.004740518962075849,6.171837017217383e-05
6905,0.05039920159680639,0.9999876432057895
6906,0.000499001996007984,0.0
6907,0.024201596806387227,0.08164995406002776
6908,0.000499001996007984,0.0
6909,0.0007485029940119761,0.5019671651470927
6910,0.000499001996007984,0.0
6911,0.1277445109780439,0.9960837082624647
6912,0.08932135728542914,0.9997730232682229
6913,0.12674650698602793,0.9951403924557514
6915,0.003992015968063872,0.9999999976443446
6916,0.008233532934131737,0.9968864811042534
6917,0.10029940119760479,0.9999960856425226
6918,0.0007485029940119761,0.0
6919,0.14595808383233533,0.9651037916663898
6920,0.000499001996007984,0.0
6921,0.001746506986027944,0.07142202085209047
6922,0.006736526946107785,0.9999917804535994
6923,0.000499001996007984,9.888860235997641e-06
6925,0.12599800399201597,0.9906110174778077
6926,0.006986027944111776,0.0
6927,0.0014970059880239522,0.10843057275015797
6928,0.3917165668662675,0.9785693109191647
6930,0.3917165668662675,0.9786543961235252
6931,0.39196606786427146,0.995877877044958
6932,0.000249500998003992,0.0
6933,0.003992015968063872,0.999999997644345
6934,0.003243512974051896,0.021778572867767992
6935,0.003243512974051896,0.0
6936,0.125499001996008,0.9853346080162181
6937,0.000499001996007984,4.616505928571272e-06
6938,0.000499001996007984,0.0
6939,0.10204590818363274,0.9999925844534894
6940,0.125499001996008,0.9999880112316455
6941,0.006736526946107785,0.9999917804535707
6942,0.21057884231536927,0.9867122524141386
6943,0.000249500998003992,0.0
6944,0.12674650698602793,0.9999999491126743
6945,0.12699600798403193,0.999523513465544
6946,0.09505988023952096,0.9976562066604664
6947,0.00124750499001996,0.0
6948,0.18537924151696608,0.9980435769760027
6949,0.000249500998003992,0.0
6950,0.375,0.9997072325229723
6951,0.003493013972055888,9.992444411372782e-06
6952,0.38822355289421157,0.9990511959781327
6953,0.32884231536926145,0.9967124289063776
6954,0.11626746506986028,0.9997677269421624
6955,0.10578842315369262,0.4652766833422901
6956,0.10703592814371257,0.9999973285554349
6957,0.1157684630738523,0.9999999907609565
6958,0.11452095808383234,0.9999935564618297
6959,0.0014970059880239522,0.0
6960,0.028193612774451097,0.9422070313756781
6961,0.03842315369261477,0.9976651050971352
6962,0.10703592814371257,0.9766174471988588
6963,0.09830339321357286,0.9999999884345425
6964,0.000499001996007984,0.0
6965,0.1155189620758483,0.9818798872435133
6966,0.015219560878243513,0.9254278688551075
6967,0.11402195608782435,0.9999764636632249
6968,0.00124750499001996,0.9999999866151799
6969,0.10678642714570859,0.9999973331632367
6970,0.000249500998003992,0.0
6971,0.000499001996007984,0.0
6972,0.00124750499001996,0.0
6973,0.000249500998003992,0.0
6975,0.00124750499001996,0.0027482642120628953
6976,0.00124750499001996,0.0
6977,0.000249500998003992,0.0
6978,0.0027445109780439123,0.0
6979,0.06312375249500998,0.8042986548603331
6980,0.0014970059880239522,0.0
6981,0.32110778443113774,0.9999455673807358
6982,0.32110778443113774,0.9999455673584589
6983,0.3216067864271457,0.9971469239603629
6984,0.0062375249500998,0.8579426386360404
6985,0.04216566866267465,0.9874266368485671
6986,0.00499001996007984,0.49864718114791995
6987,0.000249500998003992,0.0
6988,0.000499001996007984,0.0
6989,0.000249500998003992,0.0
6990,0.00249500998003992,0.21217996075368048
6991,0.05239520958083832,0.9480285529775657
6992,0.09955089820359281,0.9464675212120803
6993,0.000249500998003992,0.0
6994,0.18163672654690619,0.9204433120932162
6995,0.000998003992015968,1.1315474655893651e-06
6996,0.05414171656686627,0.9224433229508405
6997,0.000249500998003992,0.0009863708254865384
6998,0.0007485029940119761,0.49651814834741786
6999,0.008982035928143712,0.1069299886927592
7000,0.000499001996007984,0.0
7001,0.000249500998003992,0.0
7002,0.0007485029940119761,0.0
7004,0.000249500998003992,0.0
7005,0.000249500998003992,0.0
7006,0.000499001996007984,0.0
7007,0.000249500998003992,0.0
7008,0.000249500998003992,0.0
7009,0.35578842315369263,0.4874577719707769
7010,0.13922155688622753,0.9841535174986861
7011,0.11751497005988024,0.897500751633733
7012,0.13972055888223553,0.9997886395849087
7013,0.3587824351297405,0.9905345424816936
7014,0.014471057884231538,0.9987154764618177
7015,0.000499001996007984,0.0
7016,0.000249500998003992,0.0
7017,0.000249500998003992,0.0
7018,0.3620259481037924,0.9985394918705139
7019,0.0037425149700598802,0.0
7020,0.36327345309381237,0.9901211330342116
7021,0.49975049900199603,0.779982656648558
7022,0.000499001996007984,0.0
7023,0.04466067864271457,0.16075597371531564
7024,0.11676646706586827,0.6975494044413547
7025,0.01222554890219561,0.026107731395253148
7026,0.000249500998003992,0.0
7027,0.05538922155688623,0.8548081076885886
7028,0.0007485029940119761,0.9999999857727104
7029,0.00124750499001996,0.0
7030,0.27719560878243515,0.8841193767582894
7031,0.00124750499001996,5.783513032183806e-05
7032,0.0007485029940119761,0.9999999857726949
7033,0.35429141716566864,0.9215445939230282
7034,0.000249500998003992,0.0
7035,0.015219560878243513,0.3480046638506412
7036,0.40494011976047906,0.9042857714604442
7037,0.0054890219560878245,0.47255787213207817
7038,0.24151696606786427,0.9933650396257762
7039,0.06986027944111776,0.9174084408129078
7040,0.000249500998003992,0.0
7041,0.2405189620758483,0.9906825825036544
7042,0.3350798403193613,0.9971681759376803
7043,0.001746506986027944,0.0
7044,0.09730538922155689,0.7964608658317336
7045,0.2405189620758483,0.9892554377023619
7046,0.2402694610778443,0.9998765380435177
7047,0.000998003992015968,0.9999999853262644
7048,0.009481037924151697,0.9090810891554352
7049,0.311626746506986,0.9611211796891761
7050,0.000249500998003992,4.01505991371281e-06
7051,0.0007485029940119761,0.999999999955574
7052,0.08383233532934131,0.968865894506373
7053,0.006487025948103792,0.5244328407205037
7054,0.000249500998003992,0.0
7055,0.000249500998003992,0.0
7056,0.0014970059880239522,0.2190676467536712
7057,0.000249500998003992,0.0
7058,0.30988023952095806,0.9867414281876173
7059,0.000249500998003992,0.0
7060,0.06412175648702595,0.9988143506675677
7061,0.35404191616766467,0.9945002246385538
7062,0.000249500998003992,0.0
7063,0.09131736526946108,0.9581236491740204
7064,0.000249500998003992,0.0
7065,0.002245508982035928,0.00023471058987883527
7066,0.000249500998003992,0.0
7067,0.000499001996007984,5.755791310918473e-06
7068,0.000249500998003992,0.0
7069,0.44560878243512975,0.9999781515361608
7070,0.05913173652694611,0.9999719924257168
7071,0.000249500998003992,0.0
7072,0.001746506986027944,7.842228782900184e-06
7073,0.000499001996007984,0.0
7074,0.4441117764471058,0.9999993836221133
7075,0.4473552894211577,0.9999994428479545
7076,0.4481037924151697,0.9999339090773153
7077,0.0029940119760479044,0.0
7078,0.000249500998003992,0.6699537853213159
7079,0.004740518962075849,0.554758868085806
7080,0.15718562874251496,0.9964977816647878
7081,0.000249500998003992,0.0
7082,0.4583333333333333,0.9930842694599722
7083,0.000249500998003992,0.0
7084,0.4463572854291417,0.9932486119912634
7085,0.001996007984031936,0.9996983748080125
7086,0.0007485029940119761,0.0
7087,0.000249500998003992,0.0
7088,0.4308882235528942,0.9999998753245566
7089,0.4481037924151697,0.9999995239192079
7090,0.000499001996007984,0.0
7091,0.007984031936127744,0.28230201739349964
7092,0.38872255489021956,0.9999999935942812
7093,0.3907185628742515,0.9999999696352708
7094,0.14146706586826346,0.974907995256783
7095,0.000499001996007984,0.0
7096,0.38897205588822353,0.9999999992249269
7097,0.38872255489021956,0.9999999992511583
7098,0.4194111776447106,0.9957812803349707
7099,0.3907185628742515,0.9999999999985556
7100,0.3907185628742515,0.9999999999985694
7101,0.3907185628742515,0.999999999961529
7102,0.3907185628742515,0.9999999999615288
7103,0.38897205588822353,0.9999999973907412
7104,0.000998003992015968,0.23922321437834176
7105,0.00499001996007984,0.32570926825378677
7106,0.38872255489021956,0.9999999983932062
7107,0.38922155688622756,0.9999815555473166
7108,0.38897205588822353,0.997968747881805
7109,0.00124750499001996,0.0
7110,0.3884730538922156,0.9999999214188691
7111,0.38822355289421157,0.9979179773111619
7112,0.000249500998003992,0.0
7113,0.0014970059880239522,0.0
7114,0.12749500998003993,0.9992454855008915
7115,0.000249500998003992,0.0
7116,0.031686626746506984,0.6845077078701081
7117,0.3879740518962076,0.9980935703338328
7119,0.3874750499001996,0.9999937245992261
7120,0.000249500998003992,0.0
7121,0.12974051896207583,0.9999892101860903
7122,0.24476047904191617,0.9999987645585849
7123,0.002245508982035928,0.0
7124,0.000249500998003992,0.0
7125,0.38073852295409183,0.9844705033976376
7126,0.000249500998003992,0.0
7128,0.24476047904191617,0.9999987645591034
7129,0.24525948103792417,0.9999526078115013
7130,0.000499001996007984,0.0
7131,0.13048902195608783,0.9999857787491895
7132,0.01222554890219561,0.2588400799073762
7133,0.37624750499001997,0.9999995187366826
7134,0.013972055888223589,0.7629605143615413
7135,0.24476047904191617,0.9999999935299582
7136,0.4593313373253493,0.9996369896259556
7137,0.37574850299401197,0.9917481922727509
7138,0.375998003992016,0.9999994934398906
7139,0.000249500998003992,0.0
7140,0.374001996007984,0.9999875051329196
7141,0.000249500998003992,0.0
7142,0.37425149700598803,0.9928742990370317
7144,0.000249500998003992,0.0
7145,0.37475049900199603,0.9847307473011683
7146,0.2435129740518962,0.9794220405483774
7147,0.4595808383233533,0.9840993950430731
7148,0.002245508982035928,0.00041481333910393714
7149,0.4134231536926148,0.9729524665521989
7150,0.003243512974051896,0.31275197997918225
7151,0.41691616766467066,0.978774424524986
7152,0.00124750499001996,0.09215512899687582
7153,0.003493013972055888,0.00384591353117243
7154,0.000249500998003992,0.0
7155,0.48278443113772457,0.8547187283381418
7156,0.02619760479041916,0.45570930407672355
7157,0.4752994011976048,0.8850642711687479
7158,0.0037425149700598802,6.951614939533305e-06
7159,0.49401197604790414,0.8869377735446244
7160,0.05414171656686627,0.4291537706401036
7161,0.000249500998003992,0.0
7162,0.000499001996007984,0.0
7163,0.1691616766467066,0.851481133630206
7164,0.07909181636726546,0.6122368037355739
7165,0.48103792415169666,0.9232814208637584
7166,0.000249500998003992,0.0
7167,0.2125748502994012,0.9181580590129652
7168,0.000499001996007984,1.003246675200359e-05
7169,0.11801397205588822,0.6713338481168667
7170,0.07085828343313373,0.7184386906903328
7171,0.046656686626746505,0.9507097960338073
7172,0.4673153692614771,0.9820708007122684
7173,0.4728043912175649,0.9807425313947613
7174,0.405439121756487,0.5040681357473745
7175,0.17939121756487025,0.6453671422658207
7176,0.000249500998003992,0.0
7177,0.04890219560878244,0.8812917290663884
7178,0.007984031936127744,0.42756612837940267
7179,0.000249500998003992,0.0
7180,0.002245508982035928,0.4989880640969071
7181,0.000499001996007984,0.0
7182,0.001746506986027944,0.07549164365594246
7183,0.1309880239520958,0.9065603543392998
7184,0.000249500998003992,0.0
7185,0.4812874251497006,0.8893318838915811
7186,0.000499001996007984,0.0
7187,0.00873253493013972,0.21419294837135602
7188,0.4760479041916168,0.7371442806527542
7189,0.25149700598802394,0.7723584063171182
7190,0.4488522954091816,0.8173891895016201
7191,0.000249500998003992,0.0
7192,0.000249500998003992,0.0
7193,0.000249500998003992,0.0
7194,0.00249500998003992,0.0
7195,0.000249500998003992,0.0
7196,0.000499001996007984,0.0
7197,0.3867265469061876,0.9163295908201378
7199,0.007235528942115769,0.9976115367881343
7200,0.000249500998003992,0.0
7201,0.000249500998003992,0.0
7202,0.00249500998003992,0.996944393472581
7203,0.000249500998003992,0.0
7204,0.000249500998003992,0.0
7205,0.0007485029940119761,0.9977146695702649
7206,0.36551896207584833,0.9746597391592999
7207,0.006736526946107785,0.9995591655672054
7208,0.000499001996007984,0.0
7209,0.36352295409181634,0.9835489216418759
7210,0.12799401197604787,0.9761078514837392
7211,0.000249500998003992,0.0
7213,0.000249500998003992,0.0
7214,0.04940119760479042,0.8344745371821817
7216,0.0027445109780439123,0.9999999977887561
7217,0.000249500998003992,0.0
7218,0.000499001996007984,0.0
7219,0.003493013972055888,0.750326366039187
7220,0.000499001996007984,0.0
7221,0.000249500998003992,0.0
7222,0.000249500998003992,0.0
7223,0.000249500998003992,0.0
7224,0.062624750499002,0.9201793680788414
7225,0.0007485029940119761,0.0
7226,0.018463073852295408,0.8226164810586994
7227,0.23228542914171657,0.988226478685494
7228,0.008483033932135729,0.20782860081855428
7229,0.000249500998003992,0.0
7230,0.25074850299401197,0.9914665708136333
7231,0.000249500998003992,0.0
7232,0.0037425149700598802,0.5861257652825007
7233,0.002245508982035928,0.9999995060483581
7234,0.04216566866267465,0.9690971899200285
7235,0.000249500998003992,0.0
7236,0.0007485029940119761,0.49613201223051806
7237,0.000998003992015968,0.0
7238,0.09630738522954092,0.8223425210236586
7239,0.000499001996007984,0.00015313257578542652
7240,0.09605788423153692,0.9461849330012782
7241,0.000998003992015968,4.012818936725657e-06
7242,0.2310379241516966,0.9928322456091059
7243,0.04466067864271457,0.999983900020849
7244,0.001746506986027944,1.3092857068324382e-05
7245,0.0027445109780439123,0.9999999977887568
7246,0.000499001996007984,0.0
7247,0.000499001996007984,0.0
7248,0.002245508982035928,0.9767172387424582
7250,0.001996007984031936,0.0
7251,0.041666666666666664,0.9990632190155876
7252,0.000249500998003992,0.0
7253,0.001996007984031936,0.0
7254,0.0007485029940119761,0.0
7255,0.016467065868263474,0.1655674196277498
7256,0.001996007984031936,0.0
7257,0.10379241516966067,0.8312607236812011
7258,0.000249500998003992,0.0
7259,0.000249500998003992,0.0
7260,0.10429141716566866,0.8025042333558792
7261,0.000249500998003992,0.0
7262,0.08632734530938124,0.8447727506074517
7263,0.06487025948103792,0.7118066184710999
7264,0.09456087824351297,0.9993436110085968
7265,0.0014970059880239522,0.8164898000252244
7266,0.0062375249500998,0.9999999813808894
7267,0.0753493013972056,0.919000546943638
7268,0.000998003992015968,0.0331952138944548
7269,0.000249500998003992,0.0
7270,0.000249500998003992,0.0
7271,0.014221556886227544,0.370382835264343
7272,0.09805389221556886,0.9999999931456718
7273,0.0843313373253493,0.9913696892025146
7274,0.003992015968063872,0.0
7275,0.09805389221556886,0.9999999931456658
7276,0.24426147704590817,0.9735351057493392
7277,0.25773453093812376,0.9650239203573611
7278,0.09780439121756487,0.9975913562079223
7279,0.3290918163672655,0.9999734848304718
7280,0.001996007984031936,0.456159477607185
7281,0.32934131736526945,0.9999795195330381
7282,0.000249500998003992,0.0
7283,0.003243512974051896,0.0945376831937159
7284,0.000249500998003992,0.0
7285,0.000499001996007984,1.2330387323178378e-05
7286,0.11377245508982035,0.9628618431146989
7287,0.49525948103792417,0.9999949840053279
7288,0.000249500998003992,0.0
7289,0.009231536926147704,0.8805442345771137
7290,0.09206586826347306,0.9908776161772093
7291,0.00124750499001996,0.0002897491389688218
7292,0.014221556886227544,0.13168444068749197
7293,0.033932135728542916,0.2497165898233713
7294,0.002245508982035928,0.6091161190013636
7296,0.000249500998003992,0.0
7297,0.4655688622754491,0.9999232733654949
7298,0.000249500998003992,0.0
7299,0.09331337325349301,0.9993058422010075
7300,0.09356287425149701,0.9954026475109621
7301,0.09356287425149701,0.995402645697883
7302,0.4922654690618763,0.9999836734302505
7303,0.09356287425149701,0.9923415380359971
7304,0.000249500998003992,0.0
7305,0.09356287425149701,0.9942812097331771
7306,0.09256487025948104,0.9835723007674595
7307,0.005239520958083832,0.9950446748494646
7308,0.000249500998003992,0.0
7309,0.003493013972055888,0.9999999840691692
7311,0.0187125748502994,0.5451227317293968
7312,0.0074850299401197605,0.9817132377314176
7313,0.49550898203592814,0.9999062310169872
7315,0.468562874251497,0.9987967321715971
7316,0.000998003992015968,0.9999999968662905
7317,0.008233532934131737,0.8152368432480169
7318,0.16741516966067865,0.9784778890542408
7319,0.08408183632734531,0.9946660327315588
7320,0.000499001996007984,0.0
7321,0.1377245508982036,0.8351475410709661
7322,0.025449101796407185,0.552437083862545
7323,0.13672654690618763,0.9456295454284984
7324,0.4977544910179641,0.9694919070606807
7325,0.07335329341317365,0.9179258297677347
7326,0.000249500998003992,0.0
7327,0.004491017964071856,0.0
7328,0.36402195608782434,0.9829301353655426
7329,0.001746506986027944,0.0
7330,0.000998003992015968,0.0
7331,0.15169660678642716,0.9861183536537466
7332,0.15244510978043913,0.9999550783054866
7333,0.000249500998003992,0.0
7334,0.45109780439121755,0.9999999954357572
7335,0.499001996007984,0.999551483413043
7336,0.4513473053892216,0.9999999810090031
7337,0.000998003992015968,0.4601859352632788
7338,0.00124750499001996,0.0
7339,0.000249500998003992,0.0
7340,0.44935129740518964,0.9922054087318659
7341,0.000249500998003992,0.0
7342,0.4505988023952096,0.9999999484715456
7343,0.17165668662674652,0.9999982749992823
7344,0.000998003992015968,0.0
7345,0.00873253493013972,0.9541952814723842
7346,0.4513473053892216,0.9999999184837735
7347,0.4508483033932136,0.9999999989942967
7348,0.009231536926147704,0.9934298710618362
7349,0.000499001996007984,0.0
7350,0.006487025948103792,0.9909566579106599
7351,0.45159680638722555,0.9999999086805546
7352,0.16117764471057885,0.9862019799230232
7353,0.00499001996007984,0.8878631481667016
7354,0.010479041916167664,0.9041355862325351
7355,0.000249500998003992,0.0
7356,0.15119760479041916,0.9999971034422385
7357,0.002245508982035928,0.0
7358,0.18662674650698602,0.9790598219832738
7359,0.4505988023952096,0.999999999088939
7360,0.000249500998003992,0.0
7361,0.00124750499001996,6.974548498764609e-05
7362,0.0007485029940119761,0.9999247114219908
7363,0.0249500998003992,0.7710264144300106
7364,0.000499001996007984,0.0
7365,0.21107784431137724,0.9999993972885335
7366,0.21132734530938124,0.999975292288937
7367,0.4925149700598802,0.9999988859797658
7368,0.005988023952095809,0.8870811809634401
7370,0.3393213572854291,0.9891865244355326
7371,0.000249500998003992,0.0
7372,0.4837824351297405,0.9999997861855069
7373,0.18013972055888225,0.9962694254615371
7374,0.000249500998003992,0.0
7375,0.000249500998003992,0.0
7376,0.000249500998003992,0.0
7377,0.0007485029940119761,0.0
7378,0.4276447105788423,0.9921688182460936
7379,0.22055888223552894,0.999951001970676
7380,0.000249500998003992,0.0
7381,0.000249500998003992,0.0
7382,0.000249500998003992,0.0
7383,0.2312874251497006,0.9997098680165353
7384,0.000249500998003992,0.0
7385,0.000249500998003992,0.0
7386,0.2213073852295409,0.9997676047703963
7387,0.0014970059880239522,0.0
7388,0.001996007984031936,0.9999999258816901
7389,0.42714570858283435,0.9941072586467381
7391,0.19411177644710578,0.9994726693106327
7392,0.006736526946107785,0.6218279628998515
7393,0.0007485029940119761,0.0
7394,0.2215568862275449,0.9999998657429522
7395,0.001996007984031936,0.0
7397,0.000499001996007984,0.0
7398,0.0042415169660678645,0.051426193123252466
7399,0.19386227544910178,0.9987057104141321
7400,0.22380239520958084,0.977122675175196
7401,0.003493013972055888,0.03616927321473216
7402,0.19411177644710578,0.9986865526751968
7403,0.000499001996007984,0.49899795951681625
7404,0.0007485029940119761,0.32849899753204587
7405,0.43637724550898205,0.999971090219784
7406,0.2058383233532934,0.993700713206665
7407,0.43587824351297405,0.9999999997395612
7408,0.23502994011976047,0.9936422883737247
7409,0.000249500998003992,0.0
7410,0.20184630738522955,0.9999993600305677
7411,0.000249500998003992,0.0
7413,0.21357285429141717,0.9999992706415264
7414,0.000249500998003992,0.0
7415,0.2123253493013972,0.9909984012561617
7416,0.4643213572854291,0.9933599100592393
7417,0.009730538922155689,0.9999997734067576
7418,0.21382235528942115,0.9999546651664448
7419,0.14545908183632736,0.9271486253825096
7420,0.007734530938123752,0.522165253504462
7421,0.0014970059880239522,0.9999999881432449
7423,0.48627744510978044,0.9839578024646529
7424,0.000499001996007984,2.884586617648371e-05
7425,0.19386227544910178,0.9999974794540751
7426,0.4837824351297405,0.9999997861854518
7427,0.20184630738522955,0.9999999944407554
7428,0.1499500998003992,0.999981801808827
7429,0.48403193612774453,0.9999960219875719
7430,0.20209580838323354,0.9999884738445872
7431,0.20184630738522955,0.9999993600311972
7432,0.001746506986027944,0.0
7433,0.20184630738522955,0.9999993600302495
7434,0.19211576846307385,0.9993064404640365
7435,0.0007485029940119761,0.0
7436,0.22080838323353294,0.9382995480275267
7437,0.2282934131736527,0.9890638178123284
7438,0.007984031936127744,0.4717553397732169
7439,0.22904191616766467,0.9999973455732902
7440,0.2282934131736527,0.9999999349024249
7441,0.4842814371257485,0.9999937768942948
7442,0.2282934131736527,0.9999197778483604
7443,0.000499001996007984,0.0
7444,0.000249500998003992,0.0
7445,0.20184630738522955,0.9999993600306487
7446,0.20184630738522955,0.9999993600311199
7447,0.4837824351297405,0.9999997861854096
7448,0.000499001996007984,0.0
7449,0.000249500998003992,0.0
7450,0.4301397205588822,0.9999999984372929
7451,0.218812375249501,0.9999955312908096
7452,0.43038922155688625,0.9999999997131874
7453,0.43038922155688625,0.9999999997131868
7454,0.000249500998003992,0.0
7455,0.4301397205588822,0.9999999984372818
7456,0.4301397205588822,0.9999999984372927
7457,0.4301397205588822,0.9999999984372925
7458,0.20184630738522955,0.9999993600312798
7459,0.000249500998003992,0.0
7460,0.008233532934131737,0.9263631936553722
7461,0.000249500998003992,0.0
7462,0.0014970059880239522,0.0
7463,0.43038922155688625,0.9999999864470124
7464,0.4296407185628742,0.9954984310077098
7466,0.009231536926147704,0.9920997947113134
7467,0.1497005988023952,0.9999998536919614
7468,0.4301397205588822,0.9999999984372938
7469,0.010978043912175649,0.6779232114712588
7470,0.000249500998003992,0.0
7471,0.4301397205588822,0.9999999984372752
7472,0.000249500998003992,0.0
7473,0.48353293413173654,0.9999818679304296
7474,0.42065868263473055,0.9999972482598606
7475,0.008982035928143712,0.8195886077241337
7476,0.0027445109780439123,0.6641268046513837
7477,0.19386227544910178,0.9886379049995067
7478,0.00124750499001996,0.0
7479,0.06536926147704591,0.9999300853776595
7480,0.004491017964071856,0.9980754724395156
7481,0.4241516966067864,0.9999999985038193
7482,0.0029940119760479044,0.0
7483,0.000249500998003992,0.0
7484,0.42240518962075846,0.9999572876411266
7485,0.000249500998003992,0.0
7486,0.4159181636726547,0.9999999995086177
7487,0.21706586826347304,0.9881257987777381
7488,0.4161676646706587,0.9999999999154168
7490,0.41791417165668665,0.9999999959620849
7491,0.2682135728542914,0.9793146575737609
7493,0.4176646706586826,0.9999999992645943
7494,0.4176646706586826,0.9999999992645947
7495,0.001996007984031936,0.12323931441856066
7496,0.0007485029940119761,0.0
7497,0.20484031936127745,0.9961998002339835
7498,0.00873253493013972,0.9306319207341027
7499,0.06511976047904192,0.9990295642438365
7501,0.0029940119760479044,0.9999944353149598
7502,0.0029940119760479044,0.9999944353149567
7503,0.0007485029940119761,0.33184071065249693
7504,0.4106786427145709,0.978365763294323
7505,0.43962075848303395,0.9912895150188993
7506,0.000249500998003992,0.0
7507,0.08008982035928144,0.9774215510874533
7508,0.0027445109780439123,0.0
7509,0.000499001996007984,0.0
7510,0.000249500998003992,4.048075928054733e-06
7511,0.08033932135728543,0.9984431808649312
7512,0.0014970059880239522,0.9999999881432404
7513,0.11127744510978044,0.8131156008053892
7514,0.017964071856287425,0.9999999274490423
7515,0.08108782435129741,0.9985891796056736
7516,0.000499001996007984,0.0
7517,0.19011976047904192,0.9020266062115355
7518,0.406936127744511,0.9648769435057943
7519,0.015718562874251496,0.9999999879520256
7520,0.000249500998003992,0.0
7522,0.31087824351297405,0.9607627609896024
7523,0.0042415169660678645,0.9982283772142699
7524,0.3912175648702595,0.9907999263926932
7525,0.22280439121756487,0.999897699974209
7526,0.0014970059880239522,0.0
7527,0.011726546906187624,0.9973544828619134
7528,0.015718562874251496,0.9999999879520225
7529,0.0007485029940119761,0.0
7530,0.07784431137724551,0.9999977465448465
7531,0.07784431137724551,0.9999977465442268
7532,0.13522954091816367,0.9956654037531899
7533,0.41791417165668665,0.9999851674608843
7534,0.1439620758483034,0.9998958331390699
7535,0.000249500998003992,0.0
7536,0.1467065868263473,0.9742705727714782
7537,0.1439620758483034,0.99999981805939
7538,0.005239520958083832,0.9993768999560028
7539,0.4748003992015968,0.9999984902960786
7540,0.000998003992015968,0.0
7541,0.00249500998003992,0.49899798905979437
7542,0.1342315369261477,0.9999943005068603
7543,0.07784431137724551,0.9999977465437523
7544,0.0007485029940119761,1.5363972962184946e-05
7545,0.2248003992015968,0.9892998986435891
7546,0.22255489021956087,0.9999987646372198
7547,0.0007485029940119761,0.6951030074678394
7548,0.4748003992015968,0.99999849029562
7549,0.07784431137724551,0.9999977465439557
7550,0.015718562874251496,0.9999999879520234
7551,0.00124750499001996,7.975780725876347e-06
7552,0.010229540918163672,0.7197407777902952
7553,0.0813373253493014,0.9289415796898802
7554,0.000249500998003992,0.0
7555,0.002245508982035928,0.6515289675658199
7556,0.4171656686626746,0.9982238609399245
7557,0.000998003992015968,0.0
7558,0.4748003992015968,0.9999984902950005
7559,0.2791916167664671,0.9774941050348305
7560,0.13522954091816367,0.9764584314295943
7561,0.000499001996007984,0.0
7562,0.1439620758483034,0.9999977463455912
7563,0.001746506986027944,0.0
7564,0.05289421157684631,0.6435026357655003
7565,0.48403193612774453,0.9999669352461833
7566,0.001996007984031936,0.5355955322326056
7567,0.00124750499001996,0.0
7568,0.4181636726546906,0.9999996534754887
7569,0.012724550898203593,0.8789366603378425
7570,0.001996007984031936,0.49899797383354844
7571,0.000499001996007984,0.0
7572,0.4214071856287425,0.9999433487662812
7573,0.00124750499001996,0.0
7574,0.025199600798403193,0.8790980229095972
7575,0.000998003992015968,0.0
7577,0.42240518962075846,0.9776910485126322
7578,0.000249500998003992,0.0
7579,0.49750499001996007,0.9759057057590781
7580,0.16841317365269462,0.9228161627081392
7581,0.07385229540918163,0.9999877366752774
7582,0.07884231536926148,0.9178404701197403
7583,0.14271457085828343,0.9945338302452813
7584,0.46831337325349304,0.9999120111890257
7585,0.468063872255489,0.9996783508928736
7586,0.46831337325349304,0.9999120112889278
7587,0.07909181636726546,0.9999996688435936
7588,0.000249500998003992,0.0
7589,0.46831337325349304,0.9999120112889476
7590,0.000499001996007984,0.0
7591,0.39870259481037923,0.9997797127277882
7592,0.39845309381237526,0.9999945703676748
7593,0.0119760479041916,0.4052746826619733
7594,0.000249500998003992,0.0
7595,0.0783433133732535,0.9998824647404222
7596,0.001746506986027944,0.0
7597,0.007734530938123707,0.6862131715019638
7598,0.4281437125748503,0.9919611860167356
7599,0.000249500998003992,0.0
7600,0.08907185628742514,0.9836816632891524
7601,0.04341317365269461,0.9028278185608282
7602,0.000499001996007984,0.0
7603,0.058632734530938126,0.978028100385412
7604,0.07909181636726546,0.9999996688440912
7605,0.07135728542914171,0.9999996409985346
7606,0.000249500998003992,0.0
7607,0.08008982035928144,0.9999999961000847
7608,0.000249500998003992,6.550300393416499e-05
7609,0.48827345309381237,0.9996874074606391
7610,0.4880239520958084,0.999680923228367
7611,0.003493013972055888,0.0
7612,0.09755489021956087,0.9999482493083061
7613,0.13597804391217566,0.9823345549302559
7614,0.003493013972055888,0.0
7615,0.000998003992015968,0.980393638157874
7616,0.00124750499001996,0.0
7617,0.14296407185628743,0.9996072576693268
7618,0.026447105788423155,0.8658372376669471
7619,0.000249500998003992,0.0
7620,0.09755489021956087,0.9999999980381828
7621,0.0029940119760479044,0.7018993651491958
7622,0.25174650698602796,0.9894458717985092
7623,0.0007485029940119761,0.0
7624,0.19560878243512975,0.9999999983611743
7625,0.014970059880239521,0.5945321029959819
7626,0.19560878243512975,0.9999999983611714
7627,0.07435129740518961,0.999999902099856
7628,0.015718562874251496,0.9999999955032779
7629,0.004740518962075849,0.7849488321468362
7630,0.015968063872255488,0.9999999972064797
7631,0.000499001996007984,0.0
7632,0.00249500998003992,0.08147840264475296
7633,0.24476047904191617,0.999760948565569
7634,0.4406187624750499,0.9995048751273015
7635,0.19560878243512975,0.9999882789065356
7636,0.14296407185628743,0.9999998608111926
7637,0.24500998003992017,0.9999026084264528
7638,0.4408682634730539,0.9995275317059897
7639,0.09730538922155689,0.9999999970501559
7640,0.02719560878243513,0.9560423727058215
7641,0.015968063872255488,0.9999998776750563
7642,0.4875249500998004,0.99487333878189
7643,0.000249500998003992,0.0
7644,0.19610778443113772,0.9999988889331386
7645,0.000249500998003992,0.0
7646,0.00998003992015968,0.9771030767735902
7647,0.000998003992015968,0.0
7648,0.08408183632734531,0.9986747778062032
7649,0.013722554890219561,0.9543625795860177
7650,0.09481037924151696,0.9999999953062442
7651,0.42390219560878245,0.9979810292143543
7652,0.4406187624750499,0.9920284644195847
7653,0.08333333333333333,0.9999999948752376
7654,0.18188622754491018,0.9999998747323581
7655,0.13572854291417166,0.9942912923626476
7656,0.18188622754491018,0.9999998747324063
7657,0.002245508982035928,0.6640662945931947
7658,0.003243512974051896,0.33199892421170907
7659,0.4436127744510978,0.9999847491643903
7660,0.4438622754491018,0.9999996286200458
7661,0.09730538922155689,0.9999999970501541
7662,0.0968063872255489,0.9999999950579386
7663,0.050149700598802395,0.9999918598778961
7664,0.001746506986027944,0.9970161267101376
7665,0.4865269461077844,0.9999964612068898
7666,0.4431137724550898,0.9999999956446461
7667,0.015968063872255488,0.9999999972064777
7668,0.4431137724550898,0.999999995644637
7669,0.000249500998003992,0.0
7670,0.005239520958083832,0.9991813906462919
7671,0.44286427145708585,0.9999999903970793
7672,0.000499001996007984,0.0
7673,0.015968063872255488,0.9999999972064788
7674,0.00124750499001996,0.0
7675,0.000499001996007984,0.0
7676,0.000249500998003992,0.0
7677,0.009231536926147704,0.1933116705305513
7678,0.4306387225548902,0.9999999292950631
7679,0.000499001996007984,0.0
7680,0.015968063872255488,0.999999997206477
7681,0.4268962075848303,0.9999999925741792
7682,0.015968063872255488,0.9999999972064786
7683,0.0014970059880239522,0.12243654812939075
7684,0.0014970059880239522,0.0
7685,0.49850299401197606,0.9945006765259392
7686,0.13572854291417166,0.995815011214373
7687,0.000249500998003992,0.0
7688,0.18313373253493015,0.9999854050883411
7689,0.18313373253493015,0.9999854050885212
7690,0.015968063872255488,0.999999997206477
7691,0.18313373253493015,0.9999854050883709
7692,0.4466067864271457,0.9999994645696146
7693,0.4466067864271457,0.9999994645619195
7694,0.000249500998003992,0.0
7695,0.0783433133732535,0.957502517675454
7696,0.014471057884231538,0.40050847501580583
7697,0.4583333333333333,0.9910913331056448
7698,0.09580838323353294,0.9880669781365086
7699,0.005738522954091816,0.8319194169083466
7700,0.00998003992015968,0.6626179949239054
7701,0.00249500998003992,0.05978670496550818
7702,0.000249500998003992,0.0
7703,0.12674650698602793,0.9891296461790738
7704,0.000998003992015968,0.9999999991058726
7705,0.49700598802395207,0.984195475475354
7706,0.2465069860279441,0.9700770744667598
7707,0.000499001996007984,0.0
7708,0.03143712574850299,0.4976495328265764
7709,0.07460079840319361,0.9999997210611239
7710,0.0007485029940119761,6.5583144259764355e-06
7712,0.4772954091816367,0.9999022723549186
7713,0.011976047904191617,0.06863280568378466
7714,0.000998003992015968,0.0
7715,0.11477045908183632,0.9999999409064944
7716,0.47754491017964074,0.9999241281975457
7717,0.000249500998003992,0.0
7718,0.003243512974051896,0.0558392958467725
7719,0.0007485029940119761,0.0
7720,0.000249500998003992,0.0
7721,0.08632734530938124,0.9999999965284923
7722,0.003493013972055888,0.0
7723,0.000998003992015968,7.050301338022783e-06
7724,0.046656686626746505,0.8310212342074197
7725,0.0037425149700598802,0.999957977827238
7726,0.000249500998003992,0.0
7727,0.14196606786427146,0.9999578057218841
7728,0.16492015968063872,0.9822812492366478
7729,0.01347305389221557,0.7985015132390175
7730,0.001746506986027944,0.0
7731,0.4166666666666667,0.9967842775880964
7732,0.07759481037924151,0.9995072149136222
7733,0.15818363273453093,0.9984050005578985
7734,0.14296407185628743,0.982222794689441
7735,0.1591816367265469,0.9999628756367059
7736,0.1591816367265469,0.9910468912810428
7737,0.20034930139720558,0.9749068706707307
7738,0.002245508982035928,0.948534426569278
7739,0.010728542914171657,0.9962244384475193
7740,0.000249500998003992,0.0
7741,0.0062375249500998,0.42006599143038553
7742,0.000998003992015968,0.0
7743,0.4977544910179641,0.9999983769747711
7744,0.1601796407185629,0.9999999765946445
7745,0.010229540918163672,0.8757328519707868
7746,0.14246506986027943,0.9999989859724109
7747,0.3592814371257485,0.9919112167062237
7748,0.30489021956087825,0.9999993586776001
7749,0.003493013972055888,0.0
7750,0.1601796407185629,0.9998748205532849
7751,0.001996007984031936,3.974313851554124e-06
7752,0.00124750499001996,0.0
7753,0.1601796407185629,0.9999999765946567
7754,0.14296407185628743,0.9999999455650276
7755,0.14471057884231536,0.9999397337001674
7756,0.3181137724550898,0.9447904340436831
7757,0.14271457085828343,0.9999866802571004
7758,0.1601796407185629,0.9999999765946274
7759,0.1372255489021956,0.9783629745449262
7760,0.000249500998003992,0.0
7761,0.000499001996007984,0.0
7762,0.08308383233532934,0.9806168006973062
7763,0.15743512974051896,0.9999276380886327
7764,0.21357285429141717,0.9979247717817891
7765,0.13947105788423153,0.9966173932601109
7766,0.14171656686626746,0.9967977141994537
7767,0.14196606786427146,0.9965578567673374
7768,0.13947105788423153,0.9966173932601171
7769,0.0007485029940119761,4.751507752528857e-05
7770,0.000249500998003992,0.0
7771,0.13997005988023953,0.999583199231871
7772,0.13972055888223553,0.999902485933854
7773,0.005239520958083832,0.35103220173739574
7774,0.01347305389221557,0.9592670404411856
7775,0.4820359281437126,0.9504944033795045
7776,0.000249500998003992,0.0
7777,0.14895209580838323,0.9361673161570118
7778,0.13947105788423153,0.996617402442709
7779,0.003243512974051896,0.0
7780,0.13947105788423153,0.9966173923855769
7781,0.13972055888223553,0.9998644824862202
7782,0.13972055888223553,0.9998644824862097
7783,0.000249500998003992,0.0
7784,0.13947105788423153,0.9966173923855829
7785,0.13922155688622753,0.9966173920734053
7786,0.13947105788423153,0.9966173932601149
7787,0.007984031936127744,0.9999712512387045
7788,0.000249500998003992,1.2813528087684243e-05
7789,0.000249500998003992,0.0
7790,0.000249500998003992,0.0
7791,0.13847305389221556,0.999999900151666
7792,0.00249500998003992,0.5080915523245255
7793,0.22355289421157684,0.9991452860880181
7794,0.22330339321357284,0.9999639955868248
7795,0.18188622754491018,0.9999998966123964
7796,0.18188622754491018,0.9999998966124235
7797,0.18188622754491018,0.9999998966124175
7798,0.18188622754491018,0.9999998966124246
7799,0.002245508982035928,0.28904275471725843
7800,0.000499001996007984,0.0
7801,0.0007485029940119761,0.49899799588283683
7802,0.000249500998003992,0.0
7803,0.13872255489021956,0.9843339990187077
7804,0.000998003992015968,0.0
7805,0.17290419161676646,0.9762091108514348
7806,0.13897205588822356,0.9999996596997948
7807,0.18213572854291418,0.9999994686222922
7808,0.18163672654690619,0.9999999893028875
7809,0.18163672654690619,0.9999999893028926
7810,0.010479041916167664,0.9999999992702899
7811,0.000499001996007984,0.0
7812,0.07235528942115768,0.9998337935250594
7813,0.4620758483033932,0.9999953439906542
7814,0.002245508982035928,0.0
7815,0.003243512974051896,0.49697272591022
7816,0.06312375249500998,0.9999942475033218
7817,0.3884730538922156,0.9999996097206557
7818,0.18188622754491018,0.9999999678597384
7819,0.003243512974051896,0.0
7820,0.38597804391217566,0.99999993291382
7821,0.000249500998003992,0.0
7822,0.07235528942115768,0.9999999596719462
7823,0.000998003992015968,0.0
7824,0.07235528942115768,0.9999999596719304
7825,0.001996007984031936,0.0
7826,0.0014970059880239522,0.0
7827,0.000249500998003992,0.0
7828,0.000499001996007984,0.0
7829,0.000249500998003992,0.0
7830,0.13872255489021956,0.9999983350706105
7831,0.38872255489021956,0.999881933207521
7832,0.02844311377245509,0.9999974816108652
7833,0.13872255489021956,0.9999738602281746
7834,0.469311377245509,0.9971380753373602
7835,0.000249500998003992,0.0
7836,0.13847305389221556,0.9999999001516504
7837,0.000499001996007984,0.0
7838,0.000249500998003992,0.0
7839,0.015968063872255488,0.9999998947107526
7840,0.000998003992015968,0.8940566353659041
7841,0.13972055888223553,0.8790871563118362
7842,0.12075848303393213,0.9888571997141679
7843,0.13822355289421157,0.9999997552761891
7844,0.000499001996007984,0.0
7845,0.0007485029940119761,0.9999999714298207
7846,0.00124750499001996,0.0
7847,0.1377245508982036,0.9999999579216803
7848,0.000249500998003992,5.617497991009742e-06
7849,0.006487025948103792,0.9816186521833523
7850,0.34605788423153694,0.9997478965398858
7852,0.498003992015968,0.9983141662861712
7853,0.18288423153692615,0.9278940920735922
7854,0.3468063872255489,0.9999999543326127
7855,0.3473053892215569,0.9999976763004551
7856,0.000249500998003992,0.0
7857,0.1377245508982036,0.9999999579216543
7858,0.1379740518962076,0.9999998825524102
7859,0.05239520958083832,0.9360508911127399
7860,0.48952095808383234,0.9997422553966429
7861,0.000499001996007984,0.0
7862,0.00124750499001996,0.8650839031244276
7863,0.001746506986027944,0.999971528155642
7864,0.1374750499001996,0.9999999999337985
7865,0.002245508982035928,0.9975374678994487
7866,0.000499001996007984,0.0
7867,0.000249500998003992,0.0
7868,0.00124750499001996,0.9999999810751176
7869,0.000249500998003992,0.0003640821617046627
7870,0.043912175648702596,0.99178495356298
7871,0.4967564870259481,0.9935074251863273
7872,0.14021956087824353,0.9999998850786915
7873,0.13972055888223553,0.9999998659644622
7874,0.3498003992015968,0.9935922693984215
7875,0.34555888223552894,0.9999489767747977
7876,0.0014970059880239522,0.0
7877,0.000249500998003992,0.0
7878,0.5,0.999330421641217
7879,0.000249500998003992,0.0
7880,0.000249500998003992,0.0
7881,0.49001996007984033,0.9979742010054206
7882,0.49001996007984033,0.9979742010021354
7883,0.11776447105788423,0.9641349024091311
7884,0.48952095808383234,0.9979580635268258
7885,0.07385229540918163,0.9989245274492976
7886,0.49001996007984033,0.9979742010021598
7887,0.1783932135728543,0.9951135339903129
7888,0.0007485029940119761,0.0
7889,0.000499001996007984,0.0
7890,0.006736526946107785,0.9081177070269032
7891,0.001746506986027944,0.9924561006421138
7892,0.000249500998003992,0.0
7893,0.09031936127744511,0.9968286265806561
7894,0.49326347305389223,0.985036976067647
7895,0.000998003992015968,1.7208850289746045e-05
7896,0.001996007984031936,0.0
7897,0.000499001996007984,0.0
7898,0.12125748502994012,0.981756367173651
7899,0.001746506986027944,0.9999715281806832
7900,0.0014970059880239522,0.0
7901,0.05738522954091818,0.41294804565280246
7902,0.000499001996007984,0.0
7903,0.006736526946107785,0.9081176626908583
7904,0.000249500998003992,0.0
7905,0.46781437125748504,0.9999844426569992
7906,0.46781437125748504,0.9993988979188901
7907,0.4486027944111777,0.9715685242240772
7908,0.46806387225548907,0.9999998407025076
7909,0.468313373253493,0.9999998036743395
7910,0.002245508982035928,5.447282380375487e-06
7911,0.468313373253493,0.9999999983678038
7912,0.000249500998003992,0.0
7913,0.000499001996007984,9.819851435297806e-06
7914,0.0014970059880239522,0.9999996780391599
7915,0.003243512974051896,0.14113928867022596
7916,0.468562874251497,0.9999999975697564
7917,0.003493013972055888,0.08320482926522907
7918,0.4595808383233533,0.9995421703622323
7919,0.13572854291417166,0.9962624098788713
7920,0.000249500998003992,0.0
7921,0.000998003992015968,0.0
7922,0.001746506986027944,0.0
7923,0.000249500998003992,0.0
7924,0.00249500998003992,0.0
7925,0.0014970059880239522,3.942629166500411e-06
7926,0.13023952095808383,0.9958132229047714
7927,0.000249500998003992,0.0
7928,0.13023952095808383,0.993445118158926
7929,0.000499001996007984,0.0
7930,0.000249500998003992,0.0
7932,0.000249500998003992,0.0
7933,0.0027445109780439123,0.6653282861091446
7934,0.470558882235529,0.9999999980426428
7935,0.46806387225548907,0.9999999340741286
7936,0.000249500998003992,0.0
7937,0.46781437125748504,0.9999999984768309
7939,0.46806387225548907,0.9999999980337795
7940,0.46806387225548907,0.9999999340741259
7941,0.006487025948103792,0.8415329541033132
7942,0.000499001996007984,0.0
7943,0.0007485029940119761,0.0
7944,0.470558882235529,0.9999991342209469
7945,0.14471057884231536,0.9999975961240173
7946,0.470558882235529,0.9999999980426479
7947,0.470558882235529,0.999999998042659
7948,0.470558882235529,0.9999999980426546
7949,0.470558882235529,0.9999999980426593
7950,0.470558882235529,0.9999999980426344
7951,0.14471057884231536,0.9999975961175038
7952,0.4725548902195609,0.9999999801022724
7953,0.3246007984031936,0.9829727370702513
7954,0.47105788423153694,0.9999999973723279
7955,0.47105788423153694,0.9999999973723286
7956,0.47130738522954096,0.9999998706131201
7957,0.000998003992015968,0.0
7958,0.469311377245509,0.9999694746232477
7959,0.46132734530938124,0.9985446815666159
7960,0.0014970059880239522,4.074196159788811e-05
7961,0.4578343313373253,0.9938095612165071
7962,0.000499001996007984,0.0
7963,0.46132734530938124,0.9985446815666026
7964,0.4618263473053892,0.9985307591001243
7965,0.06212574850299401,0.9988289396521088
7966,0.000249500998003992,0.0
7967,0.001746506986027944,0.0
7968,0.156936127744511,0.9869597368460932
7969,0.002245508982035928,0.33199717409894003
7970,0.46132734530938124,0.9918955563964524
7972,0.4530938123752495,0.9918326346143551
7973,0.001746506986027944,0.796925881775243
7974,0.46232534930139724,0.9985442983779511
7975,0.00124750499001996,0.9999999553907006
7976,0.3345808383233533,0.9963160591079622
7977,0.3345808383233533,0.9963160597779158
7978,0.46132734530938124,0.9985446819765129
7979,0.00124750499001996,0.0
7980,0.000249500998003992,0.0
7981,0.000249500998003992,0.0
7982,0.4638223552894212,0.998502905783524
7983,0.00499001996007984,0.999719985823831
7984,0.4725548902195609,0.9958749513240776
7985,0.000499001996007984,0.0
7986,0.19211576846307385,0.9882415416429129
7987,0.10129740518962076,0.9611491719900972
7988,0.001746506986027944,0.999971528151285
7989,0.0029940119760479044,0.9932092804497724
7990,0.0014970059880239522,0.10143774753608457
7991,0.000249500998003992,0.0
7992,0.19386227544910178,0.9884716214970292
7993,0.000249500998003992,0.0
7994,0.15868263473053892,0.9999998998973959
7995,0.1906187624750499,0.9999973462293119
7996,0.001996007984031936,0.33199198037042316
7997,0.19011976047904192,0.999985873704999
7998,0.25249500998003993,0.9983468269691174
7999,0.25174650698602796,0.9725544927847217
8000,0.4633233532934131,0.9994179826874494
8001,0.018213572854291416,0.6551050242013275
8002,0.10978043912175649,0.9888681419884474
8004,0.0062375249500998,0.0
8006,0.09456087824351297,0.958964232495353
8007,0.2527445109780439,0.9999857422833457
8008,0.25249500998003993,0.9967993699556558
8009,0.24600798403193613,0.999326185150922
8010,0.24600798403193613,0.9975104446453597
8011,0.000998003992015968,0.0
8012,0.011726546906187624,0.9088912964050826
8013,0.18987025948103792,0.9930640930314663
8014,0.002245508982035928,0.0
8015,0.0007485029940119761,0.0
8016,0.0007485029940119761,0.0
8017,0.25124750499001997,0.997752894254597
8018,0.000499001996007984,0.0
8019,0.0014970059880239522,0.0
8020,0.000249500998003992,0.0
8021,0.001996007984031936,0.00921960697668605
8022,0.011477045908183632,0.24063161328168256
8023,0.000249500998003992,3.078774645673148e-08
8024,0.0007485029940119761,0.0
8025,0.0007485029940119761,0.0
8026,0.001746506986027944,0.7969258783135925
8027,0.18762475049900199,0.996200946298317
8028,0.000249500998003992,0.0
8029,0.005239520958083832,0.7696842350297246
8030,0.25,0.9917769588254894
8031,0.24850299401197604,0.996169109233535
8032,0.000499001996007984,1.345903224147331e-05
8033,0.000499001996007984,0.0
8034,0.000499001996007984,0.0
8035,0.001746506986027944,0.0
8036,0.4628243512974052,0.9949276782028527
8037,0.0062375249500998,0.0
8038,0.0014970059880239522,0.0
8039,0.02470059880239521,0.7199995049960249
8040,0.3176147704590818,0.99988285694464
8041,0.31736526946107785,0.9998851604630719
8042,0.31786427145708585,0.9999301968676739
8043,0.006487025948103792,0.7275816134325633
8045,0.1282435129740519,0.9999999995768574
8046,0.1282435129740519,0.9999999995768545
8047,0.1279940119760479,0.9996736704255844
8048,0.000998003992015968,0.5005559829528516
8049,0.010728542914171657,0.9509887332443655
8050,0.08782435129740519,0.9966838864104074
8051,0.2213073852295409,0.9901641583979603
8052,0.000249500998003992,4.086795090194706e-06
8053,0.312874251497006,0.9999955625220599
8054,0.28293413173652693,0.9999999912313766
8055,0.31312375249500995,0.9999999298207992
8056,0.31312375249500995,0.9999999298208176
8057,0.062624750499002,0.4864482306407431
8058,0.313373253493014,0.9999967112310264
8059,0.000499001996007984,0.0
8060,0.31312375249500995,0.9999999952763299
8061,0.4673153692614771,0.9999887865652483
8062,0.09106786427145709,0.9999994018252425
8063,0.31312375249500995,0.9999999993908832
8064,0.31312375249500995,0.9999999993908804
8065,0.31312375249500995,0.9999999993908819
8066,0.2776946107784431,0.9988746530592796
8067,0.000249500998003992,0.0
8068,0.025449101796407185,0.6803938202814445
8069,0.313373253493014,0.9999965019044511
8070,0.4578343313373253,0.9979906249064129
8071,0.2836826347305389,0.9999660403397431
8072,0.31511976047904194,0.9999963810292034
8073,0.000249500998003992,0.0
8074,0.374001996007984,0.9932820129975676
8075,0.312624750499002,0.9999963770466848
8076,0.0054890219560878245,0.500356344808353
8077,0.0007485029940119761,0.0
8078,0.000249500998003992,0.0
8079,0.313373253493014,0.9999997173149067
8080,0.2836826347305389,0.9909496079911401
8081,0.08383233532934131,0.9999916255888134
8082,0.002245508982035928,0.9999985180627272
8083,0.4643213572854291,0.9999996165020134
8084,0.000249500998003992,2.8993721567160943e-05
8085,0.00124750499001996,0.0
8087,0.00124750499001996,0.9999967379970095
8088,0.05738522954091816,0.8168855827315424
8089,0.4643213572854291,0.9999495226775689
8090,0.000249500998003992,0.0
8091,0.00873253493013972,0.7367828765794687
8092,0.007235528942115769,0.9429318235231223
8093,0.08333333333333333,0.9778239223636624
8094,0.0875748502994012,0.999425894387884
8095,0.28293413173652693,0.9999457175754869
8096,0.09106786427145709,0.9912059358751906
8097,0.0007485029940119761,0.6130209918904181
8098,0.000249500998003992,1.2103094477919399e-05
8099,0.09081836327345309,0.9999998337774332
8100,0.00124750499001996,0.0
8101,0.10104790419161677,0.9104690165362503
8102,0.005239520958083832,0.09042327906762337
8103,0.000499001996007984,0.0
8104,0.09555888223552894,0.9780867250146651
8105,0.15893213572854292,0.5453745753819943
8106,0.000249500998003992,0.0
8107,0.3263473053892216,0.35807994391580905
8108,0.280688622754491,0.5016384605674247
8109,0.012724550898203593,0.6025559651012165
8110,0.000499001996007984,0.0
8111,0.3066367265469062,0.18282766018934765
8112,0.15518962075848303,0.37216569694146817
8113,0.000998003992015968,1.9314965515672372e-05
8114,0.05688622754491018,0.08714139442876717
8115,0.18088822355289422,0.5621192524785811
8116,0.0007485029940119761,0.0
8117,0.35753493013972054,0.7483215746178716
8118,0.27719560878243515,0.9004586175292034
8119,0.001746506986027944,0.0
8120,0.06112774451097804,0.8112770599186101
8121,0.030189620758483034,0.8452742645397369
8122,0.003493013972055888,0.005306460263682393
8123,0.0124750499001996,0.547313353903032
8124,0.003992015968063872,0.0
8125,0.040419161676646706,0.8908500917869921
8126,0.000249500998003992,0.0
8127,0.000998003992015968,0.0
8128,0.0014970059880239522,0.00024090037639550193
8129,0.019461077844311378,0.8723767494404571
8130,0.003493013972055888,0.965015433305197
8131,0.00124750499001996,0.0
8132,0.002245508982035928,0.24802052560657548
8133,0.0007485029940119761,0.0
8134,0.31786427145708585,0.9997193469540454
8135,0.0007485029940119761,0.0
8136,0.19785429141716568,0.9351791254843088
8137,0.007734530938123752,0.5746196650975834
8138,0.0007485029940119761,0.9999999976586278
8139,0.000249500998003992,0.0
8140,0.001996007984031936,0.0
8141,0.000249500998003992,0.0
8142,0.000249500998003992,0.0
8143,0.023952095808383235,0.7499495760986035
8144,0.000499001996007984,0.0
8145,0.00249500998003992,0.9999453145622433
8146,0.3158682634730539,0.9997956420721812
8147,0.000249500998003992,0.0
8148,0.003992015968063872,0.47294476627299836
8149,0.003992015968063872,0.36378816128357205
8150,0.0029940119760479044,0.4990103902094692
8151,0.00499001996007984,0.9999910211775581
8152,0.000249500998003992,0.0
8153,0.0037425149700598802,0.0
8154,0.000249500998003992,0.0
8155,0.3143712574850299,0.9935260488592702
8156,0.00124750499001996,0.00438669932665705
8157,0.000499001996007984,0.0
8158,0.14920159680638723,0.9758900138996671
8159,0.4306387225548902,0.8437458798208237
8160,0.008483033932135729,0.9999985560085544
8161,0.0007485029940119761,0.9999999976586296
8162,0.000249500998003992,0.0
8163,0.011976047904191617,0.1565074604151971
8164,0.000499001996007984,0.0
8165,0.0007485029940119761,0.0
8166,0.002245508982035928,0.0
8167,0.001746506986027944,2.7870475201406893e-05
8168,0.000249500998003992,0.0
8170,0.006986027944111776,0.3276330624414734
8171,0.0014970059880239522,0.9771475936461427
8172,0.000249500998003992,0.0
8173,0.002245508982035928,0.0
8174,0.000249500998003992,0.0
8175,0.011976047904191617,0.9999999210589057
8176,0.000499001996007984,0.5366976979798688
8177,0.0042415169660678645,0.4939875483368249
8178,0.003493013972055888,0.9999997739832077
8179,0.0029940119760479044,1.5292609684931457e-06
8180,0.000249500998003992,0.0
8181,0.018463073852295408,0.7906645902086188
8183,0.000249500998003992,0.0
8184,0.001746506986027944,0.0437999236912406
8185,0.001996007984031936,0.976328659013345
8186,0.001746506986027944,0.0
8187,0.02220558882235529,0.8580329692203962
8188,0.005988023952095809,0.9999991150017373
8189,0.0029940119760479044,0.7182075257549788
8190,0.20434131736526945,0.9244462700106206
8191,0.00124750499001996,0.0
8192,0.000249500998003992,0.0
8193,0.003243512974051896,0.10185843766786451
8194,0.16841317365269462,0.999985583693415
8195,0.000499001996007984,0.0
8196,0.008982035928143712,0.5818439690006677
8197,0.000499001996007984,0.0
8198,0.000249500998003992,0.0
8199,0.16217564870259482,0.9999999577408021
8200,0.07659680638722555,0.941030091848491
8201,0.005239520958083832,0.07635118462369556
8202,0.16816367265469062,0.999999940954021
8203,0.3101297405189621,0.9774187963485844
8204,0.015469061876247504,0.3083316803714629
8205,0.011976047904191617,0.5975855321178213
8206,0.000249500998003992,0.0
8207,0.000249500998003992,0.0
8208,0.17290419161676646,0.9816811485525624
8209,0.0007485029940119761,0.0
8210,0.1689121756487026,0.9863740285109067
8211,0.16192614770459082,0.999999961305677
8212,0.16192614770459082,0.9999999613056775
8213,0.29141716566866266,0.9811468355522347
8214,0.0007485029940119761,0.0
8215,0.0007485029940119761,0.0
8216,0.28817365269461076,0.9918019839014316
8217,0.02644710578842313,0.9240546134518061
8218,0.026197604790419216,0.9883565370712469
8219,0.3171157684630739,0.9384035289827075
8220,0.000499001996007984,0.0
8221,0.015469061876247504,0.6657565658275927
8222,0.04765469061876248,0.8154222017040755
8223,0.000249500998003992,0.0
8224,0.00249500998003992,0.04323301164107971
8225,0.008233532934131737,0.9999999998870752
8226,0.07734530938123753,0.9964497617544225
8227,0.0027445109780439123,0.6614683237764996
8228,0.030189620758483034,0.9999999985581587
8229,0.017714570858283433,0.9326081732661876
8230,0.03268463073852296,0.9580650881378491
8231,0.0656187624750499,0.8487809881435622
8232,0.031686626746506984,0.9990821426887759
8233,0.04565868263473054,0.9480119564439978
8234,0.027944111776447105,0.994729820248176
8235,0.06062874251497006,0.9867886821231993
8236,0.01222554890219561,0.7410073409018828
8237,0.000499001996007984,0.0
8238,0.05913173652694611,0.9621676455083489
8239,0.08358283433133733,0.9903687249341909
8240,0.09006986027944112,0.9982968277848194
8241,0.030189620758483034,0.9993738744275737
8242,0.05763473053892216,0.9994935016462965
8243,0.027445109780439122,0.9999933974478125
8244,0.008233532934131737,0.9999998489990115
8245,0.0027445109780439123,0.49899743833541366
8246,0.007734530938123752,0.1313819552459457
8247,0.000499001996007984,0.0
8248,0.000499001996007984,0.9999999420571359
8249,0.000249500998003992,0.0
8250,0.001746506986027944,0.002519310598116556
8251,0.000499001996007984,0.0
8252,0.003992015968063872,0.2480005042997364
8253,0.001746506986027944,0.0
8254,0.011726546906187624,0.7774994886463358
8255,0.02719560878243513,0.9804634734814416
8256,0.02719560878243513,0.9173419523046467
8257,0.12250499001996008,0.9998367724213374
8258,0.000249500998003992,0.0
8259,0.0014970059880239522,0.0
8260,0.0748502994011976,0.9999998891634378
8261,0.0750998003992016,0.9999998890593289
8262,0.007734530938123752,0.999999972554835
8263,0.0750998003992016,0.9999998890593298
8264,0.023453093812375248,0.9999970201090135
8265,0.003243512974051896,0.0
8266,0.028193612774451097,0.9965208766489969
8268,0.12949101796407186,0.6874168736515174
8269,0.12450099800399202,0.9795999697878953
8270,0.07984031936127745,0.9998187711774208
8271,0.0750998003992016,0.9999998890571562
8272,0.0750998003992016,0.9999998890593267
8273,0.000499001996007984,0.0
8274,0.002245508982035928,0.9999998332706862
8275,0.002245508982035928,0.9999998332709473
8276,0.00124750499001996,0.0
8277,0.004740518962075849,0.0
8278,0.0780938123752495,0.9996559580029923
8279,0.000998003992015968,0.0
8280,0.0007485029940119761,0.99926701351205
8281,0.000249500998003992,3.955240404880267e-06
8282,0.000249500998003992,0.0
8283,0.12100798403193613,0.9751179815366064
8284,0.000249500998003992,0.0
8285,0.000998003992015968,0.0
8286,0.033932135728542916,0.9950156303399699
8287,0.001746506986027944,0.016890225549092697
8288,0.00249500998003992,0.0
8289,0.003992015968063872,0.0
8290,0.000499001996007984,0.0
8291,0.022954091816367265,0.7815724232941652
8292,0.04441117764471058,0.9999999974516136
8293,0.000499001996007984,0.0
8294,0.0014970059880239522,2.0470252504320605e-06
8295,0.01122754491017964,0.4985344327963654
8296,0.07060878243512975,0.9999325717704755
8297,0.12874251497005987,0.981072889099932
8298,0.01621756487025948,0.002578846436694894
8299,0.000249500998003992,0.0
8300,0.0780938123752495,0.9715456411438776
8301,0.000249500998003992,0.0
8302,0.038672654690618764,0.9999999633814566
8303,0.000249500998003992,0.0
8304,0.000249500998003992,0.0
8306,0.0027445109780439123,0.9990397040358847
8307,0.000249500998003992,0.0
8308,0.000499001996007984,0.0
8309,0.13073852295409183,0.9807288838939762
8310,0.038672654690618764,0.9999999633814524
8311,0.09131736526946108,0.9881864767198443
8312,0.01222554890219561,0.9993424584304366
8313,0.03293413173652695,0.9849723949760338
8314,0.05239520958083832,0.9979828318086735
8315,0.06536926147704591,0.991504575762176
8316,0.06786427145708583,0.9599433504827868
8317,0.000998003992015968,0.12320886991005846
8318,0.005988023952095809,0.86731249071536
8319,0.12749500998003993,0.9872853879057626
8320,0.000499001996007984,0.0
8321,0.000249500998003992,0.0
8322,0.05139720558882235,0.981542102582133
8323,0.000249500998003992,0.0
8325,0.26247504990019965,0.9086909166265614
8326,0.05264471057884232,0.9319387558658404
8327,0.005738522954091816,0.9999777825185654
8328,0.008233532934131737,0.9999963112032652
8329,0.06412175648702595,0.9054072570207835
8330,0.000249500998003992,0.0
8332,0.003992015968063872,0.39425449338092955
8333,0.058632734530938126,0.9998497723912966
8334,0.033682634730538924,0.9404401173591276
8335,0.000499001996007984,0.0
8336,0.000499001996007984,0.0
8337,0.06736526946107785,0.9960153608084173
8338,0.000249500998003992,0.0
8339,0.000249500998003992,0.0
8340,0.00499001996007984,0.9999988449540791
8341,0.003493013972055888,0.19721413043950947
8342,0.0658682634730539,0.9999994848784213
8343,0.12749500998003993,0.9970258473259843
8344,0.0658682634730539,0.9999994848784259
8345,0.12749500998003993,0.9970258464243049
8346,0.000249500998003992,0.0
8347,0.0656187624750499,0.9999999753263004
8348,0.0656187624750499,0.9999999753263061
8349,0.11102794411177645,0.996943368789698
8350,0.031686626746506984,0.9847281623479541
8351,0.0029940119760479044,0.7182075210047812
8352,0.009481037924151697,0.6182288804354089
8353,0.3086327345309381,0.912922102960478
8354,0.02245508982035928,0.6409412776832636
8355,0.001996007984031936,0.0
8356,0.007984031936127744,0.9999999966551567
8357,0.3782435129740519,0.9649541478302868
8358,0.07460079840319361,0.47462535130557565
8359,0.13248502994011976,0.5795296498000081
8360,0.4096806387225549,0.9489304185543126
8361,0.000249500998003992,0.0
8362,0.34081836327345305,0.9372231501646939
8363,0.000998003992015968,0.0
8364,0.1739021956087824,0.4839567580162629
8366,0.000998003992015968,0.03076616281210233
8367,0.00249500998003992,0.9999999847147382
8368,0.16167664670658682,0.9352733358960742
8369,0.000499001996007984,0.0
8370,0.003243512974051896,0.5320692100693151
8371,0.41791417165668665,0.973242284418806
8372,0.21931137724550898,0.9851873952424636
8373,0.19086826347305386,0.9857634844551348
8374,0.19086826347305386,0.9964163679533182
8375,0.19086826347305386,0.9999933086489966
8376,0.000249500998003992,0.0
8377,0.18812375249501,0.9773095120399329
8378,0.19386227544910184,0.9999999756053298
8379,0.19386227544910184,0.9999999795124962
8380,0.001996007984031936,0.9999999974695353
8381,0.1988522954091816,0.9999994680581635
8382,0.009231536926147704,0.6698863147331134
8383,0.03917165668662675,0.9999135160416931
8384,0.03468063872255489,0.9597807788358111
8385,0.00873253493013972,0.999261125397968
8386,0.016966067864271458,0.8770515404206028
8387,0.21556886227544914,0.9325018193562589
8388,0.1988522954091816,0.9993549206671363
8389,0.0014970059880239522,0.0
8390,0.19211576846307388,0.9999997979740112
8391,0.1988522954091816,0.9999998204038826
8392,0.4323852295409182,0.98539590334015
8393,0.028193612774451097,0.9999999805154459
8394,0.001746506986027944,0.0
8395,0.007984031936127733,0.9914760214475845
8396,0.000249500998003992,0.0
8397,0.029191616766467067,0.9999811318120285
8398,0.028193612774451097,0.9999999805154397
8399,0.013972055888223553,0.999965436776477
8400,0.013972055888223553,0.999965436799934
8401,0.024201596806387227,0.9959355418169803
8402,0.001746506986027944,0.00039405840361933693
8403,0.41891217564870264,0.9833849866374887
8404,0.002245508982035928,0.0
8405,0.0014970059880239522,4.019413553424678e-06
8406,0.0014970059880239522,0.9999999999933491
8407,0.000249500998003992,0.0
8408,0.00124750499001996,0.0
8409,0.000499001996007984,0.4989984047361296
8410,0.13722554890219563,0.9999963258914245
8411,0.000249500998003992,0.0
8413,0.001996007984031936,0.0
8414,0.0007485029940119761,0.19800146052968712
8415,0.16492015968063872,0.9999319413579999
8416,0.15843313373253493,0.9833551497469406
8417,0.013972055888223553,0.9999654367607562
8418,0.010479041916167664,0.001997793104112999
8419,0.00124750499001996,0.0
8421,0.0007485029940119761,0.0
8422,0.39496007984031933,0.9999999484948157
8423,0.000249500998003992,0.0
8424,0.17090818363273452,0.9688234790812978
8425,0.000249500998003992,0.0
8426,0.000998003992015968,0.24849639681490024
8427,0.000249500998003992,0.0
8428,0.41991017964071853,0.9920635605683158
8429,0.013972055888223553,0.9999654367620618
8430,0.022954091816367265,0.9942263070863232
8431,0.022954091816367265,0.9942263115971841
8432,0.000499001996007984,0.0
8433,0.022954091816367265,0.9305010837079101
8434,0.4099301397205589,0.9996838885817484
8435,0.18013972055888225,0.9996060709848391
8436,0.023203592814371257,0.9941875857977545
8437,0.003493013972055888,0.0
8438,0.002245508982035928,0.0
8439,0.006736526946107785,0.9963268551930473
8440,0.000249500998003992,8.829176702945514e-05
8441,0.007235528942115769,0.33065591955017176
8442,0.1379740518962076,0.9951624418551395
8443,0.0014970059880239522,0.0
8444,0.013972055888223553,0.999965436767778
8445,0.000998003992015968,0.0
8446,0.2305389221556886,0.9898184997604217
8447,0.39520958083832336,0.9999867072077433
8448,0.39645708582834327,0.9999377631248362
8449,0.000249500998003992,0.0
8450,0.000249500998003992,0.0
8451,0.013722554890219561,0.9999998324835172
8452,0.013722554890219561,0.9999998324835025
8453,0.14770459081836326,0.9544718588955784
8454,0.4099301397205589,0.9915070292975472
8455,0.01347305389221557,0.9999953042589658
8456,0.4358782435129741,0.9706162410519741
8457,0.000499001996007984,0.0
8458,0.000249500998003992,0.0
8459,0.01347305389221557,0.9999953042592451
8460,0.005738522954091816,0.00033604178799120953
8461,0.18737524950099801,0.9995814304619844
8462,0.013722554890219561,0.9999850088443348
8463,0.01971057884231537,0.9270914235240327
8464,0.000249500998003992,0.0
8465,0.17265469061876249,0.9998505452263586
8466,0.20084830339321358,0.9435155415850298
8467,0.01347305389221557,0.9999953042591203
8468,0.12100798403193613,0.6540333753163871
8469,0.04316367265469062,0.7165406035897749
8470,0.18488023952095808,0.9144900283739076
8471,0.000249500998003992,0.0
8472,0.0014970059880239522,0.9999999999933524
8473,0.000249500998003992,0.0
8474,0.2063373253493014,0.7877295132363129
8475,0.000998003992015968,0.9953271638284564
8476,0.000249500998003992,0.0
8477,0.0124750499001996,0.05908851937235885
8478,0.08982035928143713,0.7298563045595505
8479,0.2592315369261477,0.45380781408602733
8480,0.02220558882235529,0.7021508784527843
8481,0.02844311377245509,0.1172097550502618
8482,0.1816367265469062,0.31645103833232113
8483,0.001746506986027944,0.05869793004877994
8485,0.43737524950099804,0.8409963681911784
8486,0.41691616766467066,0.8632689564549315
8487,0.000499001996007984,0.0
8488,0.42340319361277445,0.9082693823469913
8489,0.000249500998003992,0.0
8491,0.44935129740518964,0.9528568777046437
8492,0.05688622754491018,0.910982230987658
8493,0.19386227544910178,0.9803894113007211
8494,0.43537924151696605,0.959837721497792
8495,0.000249500998003992,0.0
8496,0.06387225548902195,0.8834562732834469
8497,0.016467065868263474,0.6043646637752115
8498,0.0875748502994012,0.7313794303603126
8499,0.00124750499001996,0.0
8500,0.0007485029940119761,0.33201883690234424
8501,0.00124750499001996,0.9087012711504749
8502,0.1966067864271457,0.9873516071405462
8503,0.001746506986027944,0.0
8504,0.000249500998003992,0.0
8505,0.000499001996007984,0.0
8506,0.437874251497006,0.9787713176714884
8507,0.006986027944111776,0.2938443514022141
8508,0.000499001996007984,0.0
8509,0.000499001996007984,0.0
8510,0.000249500998003992,0.0
8511,0.026696606786427147,0.6996265088254529
8512,0.000249500998003992,0.0
8513,0.000998003992015968,0.815394277857357
8514,0.010728542914171657,0.3347083616240779
8516,0.055139720558882235,0.9996495076196164
8517,0.44635728542914177,0.9571973809016017
8518,0.001746506986027944,0.33219511128155627
8519,0.000499001996007984,0.0
8520,0.1901197604790419,0.9811737117361404
8521,0.000249500998003992,0.0
8522,0.0029940119760479044,0.651596178999375
8523,0.0007485029940119761,0.0
8524,0.000249500998003992,0.0
8525,0.0007485029940119761,0.9999743377993832
8526,0.000249500998003992,0.0
8527,0.18438123752495006,0.9887878136469596
8528,0.000249500998003992,0.0
8529,0.1848802395209581,0.9885834965744583
8530,0.3597804391217565,0.9698988736094749
8531,0.000249500998003992,0.0
8532,0.24151696606786432,0.9236738904687734
8533,0.18388223552894212,0.9985794108198852
8534,0.06611776447105788,0.9979459009860518
8535,0.000249500998003992,0.0
8536,0.3882235528942116,0.9446775510139157
8537,0.014970059880239521,0.8367496977273926
8538,0.055139720558882235,0.8463914951785325
8539,0.07410179640718563,0.833213020893855
8540,0.40494011976047906,0.9737709145090522
8541,0.004740518962075849,0.09321147597190446
8542,0.06986027944111776,0.8761368181538326
8543,0.06187624750499002,0.9999966422914909
8544,0.003243512974051896,0.9999979572952618
8545,0.2325349301397206,0.9476630785290583
8546,0.0007485029940119761,0.0
8547,0.06112774451097804,0.9997022608380711
8548,0.001996007984031936,0.6653279311610967
8549,0.04615768463073852,0.8864740570475599
8550,0.3468063872255489,0.9488468171253379
8551,0.0014970059880239522,7.647545598553155e-06
8552,0.24650698602794407,0.9925029016821307
8553,0.3817365269461078,0.9780728886644359
8555,0.0014970059880239522,0.010865993403198574
8556,0.00499001996007984,0.2314003694593604
8557,0.0007485029940119761,2.0151960879477843e-05
8558,0.005988023952095809,0.847507548052202
8559,0.000249500998003992,0.0
8561,0.000249500998003992,0.0
8562,0.062624750499002,0.9098435327638013
8563,0.46482035928143717,0.9872855950044689
8564,0.14570858283433133,0.9397633057102149
8565,0.0054890219560878245,0.22413062361671116
8566,0.4638223552894212,0.9919893564598872
8567,0.4139221556886228,0.990043664669389
8568,0.0007485029940119761,0.0
8569,0.46357285429141715,0.9997477013035698
8570,0.000499001996007984,0.0
8571,0.000249500998003992,0.0
8572,0.015968063872255488,0.7045172745340457
8573,0.000499001996007984,0.0
8574,0.1858782435129741,0.9796217121027295
8575,0.26347305389221554,0.9845734224305956
8576,0.34406187624750495,0.9739703287376046
8577,0.3682634730538922,0.9536013092265545
8578,0.39271457085828343,0.9632379097563776
8579,0.2639720558882236,0.9902391202024481
8580,0.1596806387225549,0.9843256396105255
8581,0.10978043912175649,0.9996545440058143
8582,0.10978043912175649,0.9997704272593334
8583,0.1624251497005988,0.9713485313441557
8584,0.10503992015968064,0.9932944945315133
8585,0.07435129740518964,0.9687825376267166
8586,0.35703592814371254,0.9436417008469854
8587,0.000249500998003992,0.0
8588,0.0037425149700598802,0.0
8589,0.0014970059880239522,0.0
8590,0.10678642714570859,0.665137441041959
8591,0.0062375249500998,0.17142427635617288
8592,0.44635728542914177,0.9929590882511354
8593,0.4401197604790419,0.9712904986112018
8594,0.39496007984031933,0.9864299117220577
8596,0.3914670658682635,0.9850938623762644
8597,0.07435129740518961,0.9374563489148628
8598,0.28542914171656686,0.9808102981001473
8599,0.28742514970059885,0.9893777149925366
8600,0.000499001996007984,0.10570743582300245
8601,0.000249500998003992,0.0
8602,0.08682634730538923,0.9472455362765171
8603,0.000499001996007984,0.0
8604,0.41142714570858285,0.9759953019271173
8605,0.000249500998003992,0.0
8606,0.0014970059880239522,0.0
8607,0.2859281437125748,0.9360011510625886
8608,0.0007485029940119761,0.5486208223115999
8609,0.1087824351297405,0.9951119587154295
8610,0.000249500998003992,0.0
8611,0.000249500998003992,0.0
8612,0.000998003992015968,0.00016812863597809929
8613,0.000499001996007984,0.0
8614,0.2619760479041916,0.8776946072951238
8615,0.000249500998003992,4.013700358865255e-06
8617,0.0007485029940119761,0.4966860666162659
8618,0.3989520958083832,0.9368981685539179
8619,0.11127744510978044,0.9790778296406798
8620,0.03243512974051896,0.999986913074668
8621,0.000249500998003992,0.0
8622,0.00124750499001996,0.0
8623,0.28218562874251496,0.9569108878252047
8624,0.011976047904191617,0.8545673186785185
8625,0.00873253493013972,0.08971661179527553
8626,0.000249500998003992,0.0
8627,0.03268463073852296,0.999999222785525
8629,0.04740518962075848,0.941320344148858
8630,0.00249500998003992,4.447744343261056e-05
8631,0.16816367265469062,0.9622143609666622
8632,0.1534431137724551,0.9724242503310979
8633,0.07784431137724546,0.970312475713027
8634,0.13498003992015967,0.9999607496748728
8635,0.13522954091816367,0.9991203439227183
8636,0.25149700598802394,0.9864119469038727
8637,0.0249500998003992,0.7771765136192675
8638,0.14545908183632736,0.9037665232113244
8639,0.24850299401197606,0.9808163099770427
8640,0.003493013972055888,0.010179945324221439
8641,0.004491017964071856,0.48559149647347594
8642,0.000499001996007984,0.12324513124648369
8643,0.49301397205588826,0.9815371710025708
8644,0.02220558882235529,0.6275201220486316
8645,0.08333333333333337,0.9182834916645846
8646,0.04216566866267465,0.8305866100826451
8647,0.4249001996007984,0.9541457219786664
8648,0.33532934131736525,0.9957685992129728
8649,0.39071856287425155,0.9893839130474398
8650,0.37100798403193613,0.932253069616995
8651,0.001746506986027944,0.4990024391549121
8652,0.09880239520958084,0.9752897172755072
8653,0.000249500998003992,0.0
8654,0.09880239520958084,0.9738981447856089
8655,0.0054890219560878245,0.10295502835197827
8656,0.026447105788423155,0.9089549143493854
8657,0.10454091816367266,0.9404410361159191
8658,0.47854291417165673,0.9390718085152439
8659,0.00124750499001996,0.0029859604145109097
8660,0.1062874251497006,0.9261332646951376
8661,0.4508483033932136,0.9350226604129858
8662,0.13697604790419163,0.9563217231195091
8663,0.1344810379241517,0.9937007095352007
8664,0.001746506986027944,0.4392022919536449
8665,0.008483033932135729,0.7860788786468516
8666,0.000249500998003992,0.0
8667,0.000499001996007984,0.0
8668,0.48852295409181634,0.9295516162212085
8669,0.4957584830339321,0.9057850752610265
8671,0.000249500998003992,0.0
8672,0.003992015968063872,0.03182169198626899
8673,0.00873253493013972,0.2588060578954122
8674,0.002245508982035928,0.0
8675,0.0027445109780439123,0.00031721384556233564
8676,0.000499001996007984,0.0
8677,0.0007485029940119761,0.0
8678,0.023453093812375248,0.14078060152907396
8679,0.010978043912175649,0.003791261028777458
8680,0.10054890219560879,0.09829937031510932
8681,0.001996007984031936,0.0
8682,0.40119760479041916,0.06713310320731701
8683,0.003243512974051896,0.00022850712301593075
8684,0.000249500998003992,0.0
8685,0.20259481037924154,0.3303306919031987
8686,0.07335329341317365,0.22897671470114944
8687,0.006487025948103792,0.6394974395403941
8688,0.000499001996007984,0.0
8689,0.11976047904191611,0.21274251260224525
8690,0.000249500998003992,0.0003400051526278166
8691,0.000249500998003992,0.0
8692,0.1369760479041916,0.6151823669048532
8693,0.001746506986027944,0.002398854743392252
8694,0.003493013972055888,2.1712645746199827e-05
8695,0.4358782435129741,0.8413551723393204
8696,0.0014970059880239522,1.4034516787926737e-05
8697,0.003493013972055888,0.003085819875249715
8698,0.000499001996007984,0.0
8699,0.1998502994011976,0.9549046271363871
8700,0.0014970059880239522,0.0
8701,0.18887225548902195,0.9739985609809596
8702,0.0014970059880239522,5.95353511644095e-05
8703,0.4740518962075848,0.9265253606413726
8704,0.017964071856287425,0.9998732240676295
8705,0.26796407185628746,0.8382527182294346
8706,0.017964071856287425,0.9998732240143173
8707,0.48552894211576847,0.8055244067822677
8708,0.31237524950099804,0.9724529344131198
8709,0.314870259481038,0.9398748226923548
8710,0.16142714570858283,0.9038981950277711
8711,0.12425149700598802,0.7965785676030755
8712,0.0014970059880239522,0.0
8713,0.1694111776447106,0.907221108502323
8714,0.18712574850299402,0.7724912585691139
8715,0.001746506986027944,0.0023175015817265827
8716,0.001996007984031936,0.0
8717,0.3088822355289421,0.9867260104916573
8718,0.2749500998003992,0.8037671091950707
8719,0.000499001996007984,2.4611637215666777e-05
8720,0.021956087824351298,0.6403195243341628
8721,0.0054890219560878245,0.0009275178201417519
8722,0.0007485029940119761,0.0
8723,0.11302395209580839,0.7462652353744378
8724,0.0029940119760479044,0.0
8725,0.13897205588822356,0.4239611911504783
8726,0.000249500998003992,5.247901210186062e-05
8727,0.000998003992015968,0.0
8728,0.001996007984031936,0.0
8729,0.000249500998003992,0.0
8730,0.0007485029940119761,3.277584952389732e-05
8731,0.000499001996007984,0.0
8732,0.031686626746506984,0.013116364583206933
8733,0.25399201596806387,0.7785276513772317
8734,0.000249500998003992,8.893659978780717e-06
8735,0.000998003992015968,0.0
8736,0.000249500998003992,0.0
8737,0.00124750499001996,0.0
8738,0.012974051896207584,0.4481793544813631
8739,0.000499001996007984,0.005370463193194511
8740,0.00124750499001996,0.0
8741,0.020708582834331336,0.8285864862418688
8742,0.0007485029940119761,0.0
8743,0.02245508982035928,0.2962714437031102
8744,0.0037425149700598802,0.049134333335452605
8745,0.2876746506986028,0.7477534357128738
8746,0.000499001996007984,0.0
8747,0.0007485029940119761,0.0
8748,0.07310379241516966,0.17264071321001187
8749,0.1409680638722555,0.864742453275301
8750,0.002245508982035928,0.2904666872053242
8751,0.004491017964071856,0.4584474309192917
8752,0.000249500998003992,0.0
8753,0.010479041916167664,0.5746497984203239
8754,0.40344311377245506,0.6813558224708965
8755,0.000249500998003992,4.03860063633094e-06
8756,0.003243512974051896,0.9970539677155036
8757,0.023952095808383235,0.7055210115963828
8758,0.2252994011976048,0.8505259634388133
8759,0.26821357285429137,0.5459386320812791
8760,0.10503992015968064,0.7182915739914766
8761,0.19535928143712575,0.8247280593369416
8762,0.001746506986027944,0.0
8763,0.0124750499001996,0.3646032787646467
8764,0.000249500998003992,0.0
8765,0.000499001996007984,0.0
8766,0.4024451097804391,0.8954014348213104
8767,0.000499001996007984,0.0
8768,0.04441117764471058,0.7714625862619698
8769,0.024201596806387227,0.8192748802816892
8770,0.4491017964071856,0.8705793397811771
8771,0.005239520958083832,0.7230278621744255
8772,0.015219560878243513,0.03215978705306284
8773,0.000249500998003992,0.0
8774,0.001996007984031936,1.752473220769151e-05
8775,0.13348303393213573,0.853968716468627
8776,0.15818363273453093,0.9767178256189909
8777,0.022954091816367265,0.29961241062301963
8778,0.000249500998003992,0.0
8779,0.17315369261477045,0.8502883673813151
8780,0.01996007984031936,0.8928610983532064
8781,0.001746506986027944,0.0
8782,0.03992015968063872,0.9365269474157616
8783,0.056636726546906185,0.834160678263177
8784,0.017714570858283433,0.8517725818305092
8785,0.000499001996007984,0.0
8786,0.000249500998003992,0.0
8787,0.000499001996007984,0.0
8788,0.16541916167664672,0.9861220876765072
8789,0.000249500998003992,0.0
8790,0.04765469061876248,0.9997850343273306
8791,0.010479041916167664,0.9998110158463298
8792,0.0007485029940119761,0.0
8793,0.04715568862275449,0.9999611181537765
8794,0.3495508982035928,0.9597706306048008
8795,0.012974051896207584,0.9999999829489276
8796,0.005239520958083832,0.19826681893061004
8797,0.012974051896207584,0.9999999829489291
8798,0.003493013972055888,0.11920009545740302
8799,0.06037924151696607,0.7075065279407134
8800,0.005239520958083832,0.6722859832502205
8801,0.038922155688622756,0.9985429835545582
8802,0.001996007984031936,0.10932846451139709
8803,0.4336327345309381,0.955339812898426
8804,0.04715568862275449,0.9355662873643921
8805,0.012974051896207584,0.9999999829489284
8806,0.0014970059880239522,0.019134794701188323
8807,0.04740518962075848,0.9997856604963928
8808,0.000249500998003992,0.0
8810,0.00124750499001996,0.0
8811,0.000249500998003992,0.0
8812,0.00124750499001996,0.0
8813,0.000499001996007984,0.0
8814,0.000499001996007984,0.0
8815,0.04740518962075848,0.9997856580685232
8816,0.3615269461077844,0.9734670315756074
8817,0.16167664670658682,0.9955190316429876
8818,0.18862275449101795,0.9699736713610538
8819,0.49700598802395207,0.9679467785164991
8820,0.0007485029940119761,0.0
8821,0.27944111776447106,0.9702333438594685
8822,0.05289421157684631,0.9622021266910642
8823,0.2856786427145709,0.9822775003844516
8824,0.000499001996007984,0.0
8825,0.46781437125748504,0.9939519686779315
8826,0.000249500998003992,0.0
8827,0.000499001996007984,0.0
8828,0.08707584830339321,0.9999984774754422
8829,0.04715568862275449,0.987170906594506
8830,0.18812375249500998,0.9966242627958455
8831,0.18962075848303392,0.9998504915732471
8832,0.18787425149700598,0.9996741863978522
8833,0.18762475049900199,0.9998622124364471
8834,0.18737524950099801,0.9999019810525854
8835,0.18737524950099801,0.999901981052581
8836,0.000249500998003992,0.0
8837,0.10229540918163672,0.9965752358281955
8838,0.1092814371257485,0.9999905401301045
8839,0.000249500998003992,0.0
8840,0.18762475049900199,0.9864538492460407
8841,0.04316367265469062,0.9475718677726305
8842,0.0406686626746507,0.692886031505147
8843,0.18812375249500998,0.9966043334716015
8844,0.18862275449101795,0.9966241936513061
8845,0.18837325349301398,0.9966242579795712
8846,0.18837325349301398,0.9966242668146722
8847,0.1624251497005988,0.9861940982449058
8848,0.18837325349301398,0.9877951771129175
8849,0.0007485029940119761,0.0
8850,0.18862275449101795,0.987725341484271
8851,0.04715568862275449,0.94472084470411
8852,0.18812375249500998,0.9965805924379766
8853,0.18837325349301398,0.9966242668143568
8854,0.0007485029940119761,0.0
8855,0.0042415169660678645,0.0010335908473154652
8856,0.000499001996007984,0.0
8857,0.18812375249500998,0.9964452159233346
8858,0.1626746506986028,0.9996227255139114
8859,0.000499001996007984,0.0
8860,0.0007485029940119761,0.0
8861,0.005239520958083832,0.6066145892594098
8862,0.20034930139720558,0.9997780939546398
8863,0.20484031936127745,0.9997518088939222
8864,0.0037425149700598802,0.748496076627754
8865,0.16342315369261476,0.9999452055491304
8866,0.18488023952095808,0.9998867599114037
8867,0.1631736526946108,0.9999452059246312
8868,0.16217564870259482,0.999990394405
8869,0.18488023952095808,0.9994082588844296
8870,0.021956087824351298,0.8676888632201696
8871,0.001746506986027944,0.9999994040974176
8872,0.2312874251497006,0.9611942408900388
8873,0.2467564870259481,0.9815155738000105
8874,0.17365269461077845,0.972196260756309
8875,0.22854291417165667,0.9801844492495265
8876,0.010479041916167664,0.7666454686469053
8877,0.218063872255489,0.9711824764721814
8878,0.38423153692614775,0.9908963299421608
8879,0.38298403193612773,0.9989540258305006
8880,0.35903193612774453,0.9381389104362865
8881,0.28592814371257486,0.9546548522028929
8882,0.0007485029940119761,0.0
8883,0.1467065868263473,0.9429331829338374
8884,0.15244510978043913,0.9858718865179487
8885,0.10054890219560879,0.937969945551566
8886,0.00124750499001996,0.0
8887,0.010229540918163672,0.7981683807860549
8888,0.00124750499001996,0.0
8889,0.1000499001996008,0.9842785834943462
8890,0.24575848303393213,0.9914179626126144
8891,0.0658682634730539,0.9235094321227928
8892,0.0014970059880239522,0.01545815661983579
8893,0.001996007984031936,0.0029836169795857655
8894,0.05289421157684631,0.755978983695491
8895,0.0007485029940119761,0.9968301171934723
8896,0.24476047904191617,0.9939987278438731
8897,0.24451097804391217,0.9939584107360366
8898,0.0007485029940119761,0.0
8899,0.001996007984031936,0.0
8900,0.0813373253493014,0.6545003526894071
8901,0.000249500998003992,0.0
8902,0.001746506986027944,0.9999984239044282
8903,0.003243512974051896,0.9997812127364387
8904,0.000499001996007984,0.0
8905,0.000499001996007984,0.0
8906,0.3507984031936128,0.3365432925074709
8907,0.000998003992015968,0.9856384945285406
8908,0.000249500998003992,0.0
8909,0.2564870259481038,0.803008745240473
8910,0.01347305389221557,0.6931697698442304
8911,0.13248502994011976,0.9445049962880593
8912,0.3498003992015968,0.9584307694361378
8913,0.0027445109780439123,0.0
8914,0.00249500998003992,0.0
8915,0.22030938123752497,0.99907975103475
8916,0.005988023952095809,0.8547413027806389
8917,0.001746506986027944,0.0
8918,0.3695109780439122,0.9942390687873318
8919,0.0037425149700598802,0.28491982099814017
8920,0.13073852295409183,0.9999999840940447
8921,0.4131736526946108,0.9922762034802063
8922,0.18562874251497005,0.9938043902533275
8923,0.0062375249500998,0.00732110044362328
8925,0.3665169660678643,0.9999999733698453
8926,0.001746506986027944,0.9901730983457747
8927,0.47105788423153694,0.9920667328705504
8928,0.0027445109780439123,0.0
8929,0.0029940119760479044,1.346436013413981e-05
8930,0.47754491017964074,0.9988405299787217
8931,0.13248502994011976,0.9819526238761035
8932,0.000249500998003992,0.0
8933,0.0007485029940119761,0.0
8934,0.06786427145708583,0.8497272697976369
8935,0.47005988023952094,0.9962091242070872
8936,0.000249500998003992,0.0
8937,0.48303393213572854,0.9757378439600789
8938,0.000249500998003992,0.0
8939,0.000249500998003992,0.0
8940,0.000499001996007984,0.0
8941,0.37325349301397204,0.9927784028482356
8942,0.000499001996007984,0.0
8943,0.000499001996007984,0.0
8944,0.001746506986027944,0.0
8945,0.2315369261477046,0.9999861842240038
8946,0.000998003992015968,0.0
8947,0.000249500998003992,0.0
8948,0.005988023952095809,0.8547413099172602
8949,0.1813872255489022,0.9999282633694628
8950,0.012974051896207584,0.9489772716229147
8951,0.0007485029940119761,0.0
8952,0.23228542914171657,0.999999989848293
8953,0.2861776447105788,0.9906092229302709
8954,0.000249500998003992,8.074276328246127e-06
8955,0.0027445109780439123,0.0
8956,0.003243512974051896,1.2274281581115382e-05
8957,0.002245508982035928,0.9999994552385709
8958,0.04890219560878244,0.9999999891984022
8959,0.0029940119760479044,0.0004548797081640987
8960,0.001746506986027944,0.018927156940939344
8961,0.0027445109780439123,2.577001659620029e-05
8962,0.0014970059880239522,0.0
8963,0.1813872255489022,0.9999998551297246
8964,0.13298403193612773,0.9999999924711005
8965,0.2727045908183633,0.9993909078855504
8966,0.0007485029940119761,0.0010311962968255481
8967,0.000998003992015968,0.0
8968,0.04890219560878244,0.9999999891984037
8969,0.00124750499001996,0.0
8970,0.000998003992015968,4.018810046784354e-06
8971,0.000249500998003992,0.0
8972,0.13547904191616766,0.999923256368933
8973,0.000499001996007984,0.0
8974,0.0014970059880239522,0.999999857231405
8975,0.47105788423153694,0.9977094518734704
8976,0.01347305389221557,0.9615288451751905
8977,0.1314870259481038,0.9816358311234709
8978,0.4466067864271457,0.9919764183641967
8979,0.44935129740518964,0.9994569131382878
8980,0.4184131736526946,0.9920533455227255
8981,0.006487025948103792,0.9895886558413454
8982,0.06037924151696607,0.9966418193645757
8983,0.000249500998003992,0.0
8984,0.48078842315369263,0.9999262420499875
8985,0.47455089820359286,0.9997659466786278
8986,0.0007485029940119761,0.0
8987,0.00124750499001996,0.0
8988,0.001746506986027944,0.0
8989,0.002245508982035928,0.9999994552385876
8990,0.000499001996007984,0.0
8991,0.000499001996007984,4.0805524451111525e-06
8993,0.1467065868263473,0.5808600505908151
8994,0.00124750499001996,0.9999999393959911
8995,0.4533433133732535,0.8920515118165065
8996,0.49276447105788423,0.9749442057791987
8997,0.311127744510978,0.5037833079851116
9000,0.00124750499001996,0.0
9001,0.00124750499001996,0.0
9002,0.006736526946107785,0.20204174255580726
9004,0.0062375249500998,0.020771873888821367
9005,0.00124750499001996,0.11000610791216561
9006,0.124750499001996,0.9165999754578321
9007,0.11077844311377245,0.8961130574040348
9009,0.08283433133732535,0.975832244173356
9010,0.07984031936127745,0.9774398346725549
9011,0.0027445109780439123,0.0
9012,0.0014970059880239522,0.0
9013,0.000499001996007984,0.0
9014,0.06412175648702595,0.9999957460681911
9015,0.06412175648702595,0.999999998846504
9016,0.000499001996007984,0.0
9017,0.06412175648702595,0.9999999988465054
9018,0.06412175648702595,0.9999999988465029
9019,0.000249500998003992,0.0
9020,0.000249500998003992,0.0
9021,0.06387225548902195,0.9999999984786587
9022,0.000249500998003992,0.0
9023,0.0007485029940119761,0.0
9024,0.00124750499001996,0.3317261178789542
9025,0.06387225548902195,0.9999999984786603
9026,0.4977544910179641,0.9278281533818739
9027,0.1030439121756487,0.6064556434571492
9028,0.06362275449101797,0.9999999388722258
9029,0.010479041916167664,0.0472967925512994
9030,0.06337325349301397,0.9999999749949179
9031,0.06337325349301397,0.9999999749949194
9032,0.08857285429141716,0.922624355460136
9033,0.0007485029940119761,0.0
9034,0.023952095808383235,0.649479879032199
9035,0.406936127744511,0.9791676284099837
9036,0.06412175648702595,0.9999999959118382
9037,0.38997005988023953,0.9740820015610036
9038,0.0718562874251497,0.9888904845719053
9039,0.00998003992015968,0.5547668401570512
9040,0.06387225548902195,0.9999999092768711
9041,0.000249500998003992,0.0
9042,0.08083832335329341,0.999999757368128
9043,0.08707584830339321,0.9897545652176077
9044,0.000249500998003992,0.0
9045,0.000249500998003992,0.0
9046,0.18812375249500998,0.29753977037626345
9047,0.000499001996007984,0.0
9048,0.47904191616766467,0.9147354689803753
9049,0.000249500998003992,2.9752816485453255e-05
9050,0.000249500998003992,8.840128536885353e-08
9051,0.4845309381237525,0.9559879877406179
9052,0.4144211576846307,0.8910875604037755
9053,0.4832834331337325,0.9973003579610934
9054,0.47205588822355293,0.9916923944969946
9055,0.48278443113772457,0.9996092542958971
9056,0.4842814371257485,0.9886008437475878
9057,0.000249500998003992,0.0
9058,0.0124750499001996,0.6458635979871944
9059,0.000249500998003992,0.0
9060,0.4877744510978044,0.9850733780325535
9061,0.006736526946107785,0.9994591319157102
9062,0.0042415169660678645,0.26362026236793773
9063,0.44610778443113774,0.9519165068346442
9064,0.000249500998003992,0.0
9065,0.001996007984031936,0.0
9066,0.0014970059880239522,0.9999999286303033
9067,0.000249500998003992,0.0
9068,0.001996007984031936,0.0
9069,0.000249500998003992,0.0
9070,0.000249500998003992,1.2141863149160434e-05
9072,0.007734530938123752,0.9999999909702322
9073,0.0007485029940119761,0.4989976383779619
9074,0.4473552894211577,0.999999996603163
9076,0.01222554890219561,0.8142368180644812
9077,0.000998003992015968,0.9999999981505237
9078,0.000998003992015968,0.9999999981505256
9079,0.4443612774451098,0.9998941492361766
9080,0.0187125748502994,0.34114242906159786
9081,0.00249500998003992,0.0
9082,0.00124750499001996,0.0
9083,0.008483033932135729,0.4239284425753566
9084,0.0042415169660678645,0.5146752574526788
9085,0.4251497005988024,0.999897424934732
9086,0.00124750499001996,0.06095074705875724
9087,0.0007485029940119761,0.37812153026339296
9088,0.0037425149700598802,4.616480816722778e-05
9089,0.000499001996007984,0.0
9090,0.0007485029940119761,0.0
9091,0.000499001996007984,0.0
9092,0.020958083832335328,0.8739682978104513
9093,0.000249500998003992,0.0
9094,0.001746506986027944,0.0
9095,0.00124750499001996,7.485541552186806e-06
9096,0.000249500998003992,0.0
9097,0.056387225548902194,0.9999950437905168
9098,0.007734530938123752,0.9999999909702373
9099,0.00249500998003992,0.0
9100,0.000998003992015968,0.0
9101,0.000249500998003992,0.0
9102,0.0007485029940119761,1.2640033770134461e-05
9103,0.0029940119760479044,0.0
9104,0.0007485029940119761,0.0
9105,0.4258982035928144,0.9999999943301345
9106,0.003992015968063872,0.00667501578271943
9107,0.000249500998003992,3.445467009006557e-06
9108,0.000249500998003992,0.0
9109,0.003992015968063872,0.9680831252404298
9110,0.000249500998003992,0.0
9111,0.000998003992015968,0.0
9112,0.46357285429141715,0.999495744322047
9113,0.0062375249500998,0.0
9114,0.0007485029940119761,0.0
9115,0.4565868263473054,0.9999999990989872
9116,0.4578343313373254,0.9999999975209313
9117,0.0074850299401197605,0.9999999926875385
9118,0.0014970059880239522,0.0
9119,0.46182634730538924,0.9999913396645544
9120,0.0062375249500998,0.024548568062715406
9121,0.45808383233532934,0.9999999348742574
9122,0.45259481037924154,0.9999999990173558
9123,0.002245508982035928,0.9943279697038969
9124,0.009730538922155689,0.7045409119627172
9125,0.4518463073852295,0.9999999985829378
9126,0.4638223552894212,0.999999998963985
9127,0.007235528942115769,0.4461597789648404
9128,0.0007485029940119761,0.03654329250669336
9129,0.4628243512974052,0.9999959516038097
9130,0.4653193612774451,0.9920231461285497
9131,0.4638223552894212,0.9998996374732185
9133,0.012724550898203593,0.9999999899751308
9134,0.0029940119760479044,0.0
9135,0.0074850299401197605,0.9999999926875396
9136,0.001996007984031936,0.9999998453714203
9138,0.000499001996007984,0.0
9139,0.000249500998003992,0.0
9140,0.4491017964071856,0.9999999896541534
9141,0.056387225548902194,0.9999999717067936
9143,0.000249500998003992,0.0
9144,0.4550898203592814,0.9999999967820559
9145,0.47754491017964074,0.9981433418775023
9147,0.4757984031936128,0.9999194979835229
9148,0.000249500998003992,0.0
9149,0.008233532934131737,0.9999999993235036
9151,0.00124750499001996,0.1961361624683456
9152,0.0029940119760479044,0.6368246631043978
9153,0.000249500998003992,0.0
9154,0.000998003992015968,0.0
9155,0.043163672654690566,0.8418098865246114
9156,0.000249500998003992,0.0
9157,0.47754491017964074,0.9917166331719987
9159,0.4957584830339321,0.9999988803454735
9160,0.000499001996007984,0.0
9162,0.000499001996007984,0.0
9163,0.0074850299401197605,0.99999999982631
9164,0.000249500998003992,0.0
9165,0.47629740518962077,0.9825836201232576
9166,0.000499001996007984,0.0
9167,0.438872255489022,0.9921198220752397
9168,0.005988023952095809,0.330434033568326
9169,0.4892714570858283,0.9998761527516373
9170,0.006986027944111776,3.262593311416999e-06
9171,0.000499001996007984,0.0
9172,0.012724550898203593,0.9999999899751288
9173,0.0042415169660678645,0.6406942564962568
9174,0.006986027944111776,0.4557525732694861
9175,0.000249500998003992,0.0
9176,0.000249500998003992,0.0
9177,0.46781437125748504,0.9914313607959658
9178,0.08507984031936128,0.8022915884200355
9180,0.47155688622754494,0.9933756385741697
9181,0.000998003992015968,0.4248638546742561
9182,0.012724550898203593,0.9999999899751306
9183,0.4718063872255489,0.9999993429220069
9184,0.000249500998003992,0.0
9185,0.4708083832335329,0.9999597037792595
9186,0.000249500998003992,0.0
9187,0.0074850299401197605,0.9999999926875391
9188,0.013223552894211578,0.8050850590026591
9189,0.49276447105788423,0.9840468380670321
9190,0.0014970059880239522,0.44181751309973166
9191,0.0014970059880239522,0.2827963260327608
9192,0.000249500998003992,0.0
9194,0.000249500998003992,0.0
9195,0.007984031936127744,0.6653278387020403
9196,0.002245508982035928,0.0
9197,0.013722554890219561,0.45194157812008917
9199,0.003243512974051896,0.9999999998384648
9200,0.000249500998003992,0.0
9201,0.4777944111776447,0.9998663700342939
9202,0.4620758483033932,0.9982141387464792
9203,0.4812874251497006,0.9999971015705392
9204,0.008233532934131737,0.9999978989781684
9205,0.010479041916167664,0.9996150324224969
9206,0.0007485029940119761,4.054718335131628e-06
9207,0.000249500998003992,0.0
9208,0.000249500998003992,0.0
9209,0.01122754491017964,0.45295863601067166
9210,0.44560878243512975,0.775671996296175
9211,0.39496007984031933,0.7943324125556349
9212,0.000249500998003992,0.0
9213,0.0074850299401197605,0.0037031375199684325
9214,0.010479041916167664,0.9996150324224949
9215,0.000249500998003992,0.0
9217,0.000249500998003992,0.0
9218,0.0014970059880239522,0.0
9219,0.4870259481037924,0.9782955086890178
9220,0.006986027944111776,0.7681178323554859
9221,0.007984031936127744,0.7484960591313148
9222,0.00249500998003992,0.0
9223,0.49476047904191617,0.9998649729139591
9224,0.000499001996007984,8.261093040574703e-06
9225,0.07260479041916168,0.9690417187614909
9226,0.000249500998003992,0.0
9227,0.00998003992015968,0.9880488057172049
9228,0.4655688622754491,0.9829115275427759
9229,0.004740518962075849,0.9953819225591087
9230,0.021457085828343315,0.6963183194255355
9231,0.0007485029940119761,0.0
9232,0.00124750499001996,0.0
9233,0.07709580838323353,0.968415877599285
9234,0.007734530938123752,0.3596293647016543
9235,0.4723053892215569,0.9994498077203484
9236,0.000499001996007984,5.4563810952376975e-06
9237,0.00124750499001996,0.0
9239,0.0054890219560878245,0.9999458938893938
9240,0.002245508982035928,0.0
9241,0.0027445109780439123,0.9999999567585682
9242,0.000249500998003992,0.0
9243,0.000249500998003992,0.0
9244,0.0029940119760479044,0.6367801027237734
9245,0.000499001996007984,0.0
9246,0.02245508982035928,0.5059458957704867
9247,0.000249500998003992,0.0
9248,0.49176646706586824,0.9747568699978949
9249,0.3884730538922156,0.9999997805304845
9250,0.000998003992015968,0.9999999011852858
9251,0.001746506986027944,0.5391804744909501
9252,0.0007485029940119761,0.0
9253,0.49001996007984033,0.9974838320050895
9254,0.000249500998003992,0.0
9255,0.0054890219560878245,0.9732111580115572
9256,0.000249500998003992,0.0
9257,0.38922155688622756,0.9999999867102052
9258,0.000249500998003992,2.5331384033777886e-06
9259,0.07759481037924151,0.9978843861095348
9260,0.000249500998003992,0.0
9261,0.001996007984031936,0.0
9262,0.38772455089820357,0.9999997879492982
9263,0.00873253493013972,0.8234989905911412
9264,0.3969560878243513,0.9997942656799849
9265,0.38922155688622756,0.9999999867102183
9266,0.000499001996007984,0.9999998993490483
9267,0.3969560878243513,0.9997927787449472
9268,0.0007485029940119761,0.0
9269,0.000249500998003992,0.0
9270,0.000249500998003992,0.0
9271,0.49101796407185627,0.9999879992250363
9272,0.4940119760479042,0.9980197776211734
9273,0.001996007984031936,2.09200303366646e-05
9274,0.000249500998003992,0.0
9275,0.001746506986027944,0.6233411105938966
9276,0.00124750499001996,0.0
9277,0.000249500998003992,0.0
9278,0.0007485029940119761,0.9999999579829599
9279,0.48552894211576847,0.992381760371426
9280,0.3869760479041916,0.9999902252344814
9281,0.00499001996007984,0.7938934007512894
9282,0.015718562874251496,0.5675377092826881
9283,0.0007485029940119761,0.0
9284,0.0007485029940119761,0.6639193281148862
9285,0.38872255489021956,0.999999991028746
9286,0.39221556886227543,0.9999704731093191
9287,0.38822355289421157,0.9999999807296104
9288,0.39196606786427146,0.9916203976840346
9289,0.000249500998003992,0.0
9290,0.38897205588822353,0.9999999899288692
9291,0.38897205588822353,0.9999999899288707
9292,0.39196606786427146,0.9999999660294369
9293,0.00124750499001996,0.0
9294,0.49550898203592814,0.9999987346596452
9295,0.4308882235528942,0.9998517020226606
9296,0.0124750499001996,0.4919881565756094
9297,0.38872255489021956,0.9915508154335336
9298,0.00249500998003992,0.7430271916052862
9299,0.000249500998003992,0.0
9300,0.41791417165668665,0.9845162077849183
9301,0.38597804391217566,0.9999999800343392
9302,0.4847804391217565,0.972117105739205
9303,0.0007485029940119761,0.0
9304,0.000499001996007984,0.0
9305,0.3997005988023952,0.9507288851002528
9306,0.38997005988023953,0.999998084894609
9307,0.37000998003992014,0.9238212141728647
9309,0.3869760479041916,0.9999999925379139
9310,0.001996007984031936,0.5759170897560882
9311,0.000249500998003992,0.0
9312,0.000499001996007984,0.0
9313,0.00998003992015968,0.42267737350726925
9314,0.4907684630738523,0.9999999331709684
9315,0.003243512974051896,0.9999999998384641
9316,0.002245508982035928,0.0
9318,0.3917165668662675,0.9947902511652513
9319,0.4912674650698603,0.9999998473853224
9320,0.000249500998003992,0.0
9321,0.00249500998003992,0.0
9322,0.000249500998003992,0.0
9323,0.46132734530938124,0.976258151593333
9324,0.023952095808383235,0.7683095773446069
9325,0.013223552894211578,0.9986237765685698
9326,0.4219061876247505,0.9999991325591531
9327,0.4219061876247505,0.9999991325968389
9328,0.4219061876247505,0.999999132597329
9329,0.000249500998003992,0.0
9330,0.007235528942115769,0.9857316131692783
9331,0.000249500998003992,0.0
9332,0.3929640718562874,0.983295823144936
9333,0.4219061876247505,0.9903114244592811
9334,0.4219061876247505,0.9903114237086196
9335,0.4226546906187625,0.9999471519435414
9336,0.38273453093812376,0.9999999917204114
9337,0.42240518962075846,0.9999496355052119
9338,0.42240518962075846,0.9999496355222124
9339,0.001746506986027944,0.9949449823322373
9340,0.3932135728542914,0.9999011323519031
9341,0.000998003992015968,0.0
9342,0.010479041916167664,0.9780073301920359
9343,0.000249500998003992,0.0
9344,0.004491017964071856,0.8876506836278484
9345,0.4221556886227545,0.9999622173305848
9346,0.000249500998003992,4.360042142387499e-06
9347,0.4219061876247505,0.9999649661512143
9348,0.004740518962075849,0.005162876532606479
9349,0.42240518962075846,0.9999496355357348
9350,0.38273453093812376,0.9999999917204361
9351,0.42240518962075846,0.9999496354814951
9352,0.3932135728542914,0.9999011323135011
9353,0.000249500998003992,0.0
9354,0.000499001996007984,0.0
9355,0.38298403193612773,0.9999999727616549
9356,0.38273453093812376,0.9999999917204407
9357,0.000249500998003992,0.0
9358,0.39221556886227543,0.99999983986372
9359,0.39221556886227543,0.9999998398637377
9360,0.000998003992015968,0.0
9361,0.09356287425149701,0.8595250128913109
9362,0.41042914171656686,0.9999623456199045
9364,0.000499001996007984,0.0
9365,0.45109780439121755,0.9999999929904282
9366,0.000499001996007984,0.0
9367,0.00124750499001996,0.0
9368,0.0014970059880239522,0.0
9369,0.000499001996007984,0.99998975473932
9370,0.4588323353293413,0.9999803997137912
9371,0.4595808383233533,0.9999659459656859
9372,0.4902694610778443,0.9999999128188061
9373,0.4481037924151697,0.9999999181587108
9374,0.4481037924151697,0.9999999181587166
9375,0.43962075848303395,0.9729295278907812
9376,0.41916167664670656,0.9999998661983733
9377,0.47280439121756485,0.9999784829392029
9378,0.0007485029940119761,0.0
9379,0.000249500998003992,0.0
9380,0.3964570858283433,0.999964186225788
9381,0.4902694610778443,0.9999989120081958
9382,0.001746506986027944,0.9950811303047932
9383,0.000249500998003992,0.0
9384,0.48303393213572854,0.9973331420720459
9385,0.004491017964071856,0.0
9386,0.467564870259481,0.9838751266081066
9387,0.04291417165668663,0.4094721216218081
9388,0.00124750499001996,0.9999995551846048
9389,0.000249500998003992,0.0
9390,0.000249500998003992,0.0
9391,0.41317365269461076,0.9999153234081037
9392,0.000249500998003992,0.0
9393,0.46107784431137727,0.999891145074052
9394,0.012974051896207584,0.9895861809259248
9395,0.000499001996007984,0.0
9396,0.001996007984031936,0.0
9397,0.4967564870259481,0.9999394921253589
9398,0.4149201596806387,0.999999936134108
9399,0.4149201596806387,0.9999999361340849
9400,0.0014970059880239522,0.402213714550109
9402,0.4630738522954092,0.9999926944554599
9403,0.0007485029940119761,0.0
9404,0.000249500998003992,0.0
9405,0.436127744510978,0.9872947290802593
9406,0.015718562874251496,0.7929718087655292
9407,0.49575848303393216,0.9912409449376134
9408,0.49426147704590817,0.9999849479133582
9409,0.000499001996007984,0.0
9410,0.003243512974051896,0.9999999998384625
9411,0.007984031936127744,0.7985193973737246
9412,0.000249500998003992,0.0
9414,0.000499001996007984,0.9999998993491891
9415,0.000249500998003992,0.0
9416,0.005988023952095809,0.9999999487098963
9417,0.011477045908183632,0.6357665162736637
9418,0.3682634730538922,0.9827634523296537
9419,0.010728542914171657,0.9300545540916509
9420,0.000998003992015968,0.9999999981505299
9421,0.011726546906187624,0.6718877127790245
9422,0.000998003992015968,0.9999999981505212
9423,0.49326347305389223,0.9999897496818466
9424,0.010229540918163672,0.19388384379010498
9425,0.4780439121756487,0.999998661170423
9426,0.004491017964071856,0.9973364896731931
9427,0.1674151696606786,0.9348764077403877
9428,0.007734530938123752,0.8356973064846754
9429,0.003992015968063872,0.985333647006884
9430,0.011726546906187624,0.9558630091488565
9431,0.000249500998003992,0.0
9432,0.012724550898203593,0.8335568151125763
9433,0.009481037924151697,0.8552046047529034
9434,0.47554890219560875,0.9999999970489446
9435,0.0007485029940119761,0.9999999579829582
9436,0.0027445109780439123,0.017031571760059806
9437,0.000249500998003992,0.0
9438,0.36676646706586824,0.9999270570820308
9440,0.49376247504990023,0.9999999981460139
9441,0.005988023952095809,0.9999999487098619
9442,0.41991017964071853,0.9999977733039712
9443,0.0007485029940119761,0.9999996297741122
9444,0.48952095808383234,0.9997705075934112
9445,0.000249500998003992,0.0
9446,0.49176646706586824,0.9995052295063057
9447,0.010728542914171657,0.809427743579824
9448,0.49151696606786427,0.9999999723721895
9449,0.4144211576846307,0.9999999995952877
9450,0.007734530938123752,0.11370124627720968
9451,0.000249500998003992,0.0
9452,0.49975049900199603,0.9999978406249586
9453,0.03642714570858283,0.2081308452445003
9454,0.4880239520958084,0.9999998770661376
9455,0.4141716566866267,0.9999999971894658
9456,0.00124750499001996,0.0
9457,0.49850299401197606,0.9999999888009978
9458,0.005239520958083832,0.9999999997065445
9459,0.000249500998003992,0.0
9460,0.49276447105788423,0.9920234811200813
9461,0.000499001996007984,0.0
9462,0.49825349301397204,0.9986331161338063
9463,0.000249500998003992,0.0
9464,0.49276447105788423,0.9977504251858311
9465,0.008483033932135729,0.2812924667262637
9466,0.01222554890219561,0.5463731430754295
9467,0.000998003992015968,0.9999999147540899
9468,0.010728542914171657,0.9967555311817587
9469,0.011726546906187624,0.44299790237619846
9470,0.0007485029940119761,1.1519808470297454e-05
9471,0.3804890219560878,0.9480950764779335
9472,0.0007485029940119761,0.0
9473,0.000499001996007984,0.0
9474,0.000998003992015968,0.9999996401635782
9475,0.00124750499001996,0.66634917061749
9476,0.0062375249500998,0.6144062257096656
9477,0.0037425149700598802,0.09055915744470297
9478,0.000499001996007984,0.0
9479,0.31362275449101795,0.9687717105975112
9480,0.0054890219560878245,3.3426549674302813e-06
9481,0.3957085828343313,0.9734394979146049
9482,0.000249500998003992,0.0
9483,0.000249500998003992,0.0
9484,0.000499001996007984,0.0
9485,0.002245508982035928,0.5001945450626681
9486,0.003992015968063872,0.8030474636839471
9487,0.3236027944111777,0.974814765831535
9488,0.3869760479041916,0.9914317877514798
9489,0.015968063872255488,0.41967130300846034
9490,0.3867265469061876,0.999521434259942
9491,0.000499001996007984,0.0
9492,0.007734530938123752,0.0005986197076590957
9493,0.07734530938123753,0.9657342631281258
9494,0.008233532934131737,0.9992551245733663
9495,0.0054890219560878245,0.9940110591336825
9496,0.000499001996007984,0.0
9497,0.4268962075848304,0.9928575499091024
9498,0.053393213572854314,0.9245967021218652
9499,0.000499001996007984,0.00022195563313778043
9500,0.000499001996007984,2.8031028316477414e-05
9501,0.0007485029940119761,0.0
9502,0.4031936127744511,0.9999762786028751
9503,0.002245508982035928,0.35451316877082906
9504,0.42989021956087825,0.999999775806479
9505,0.40269461077844315,0.9916037997048649
9506,0.4293912175648703,0.9915686816290816
9507,0.4293912175648703,0.9998298621561101
9508,0.000998003992015968,0.0
9509,0.4024451097804391,0.9999993933101258
9510,0.48078842315369263,0.9912619406291454
9511,0.00249500998003992,0.9680524844254199
9512,0.07609780439121756,0.9719469180786418
9513,0.000249500998003992,0.0
9514,0.000249500998003992,0.0
9515,0.37874251497005984,0.9999702289253567
9517,0.12100798403193613,0.9976982419643451
9518,0.12100798403193613,0.9976982423398827
9519,0.0029940119760479044,0.0
9520,0.12100798403193613,0.9976982415916303
9521,0.4426147704590818,0.9988345270804102
9523,0.0007485029940119761,0.9979121277608899
9524,0.000499001996007984,0.0
9525,0.37874251497005984,0.9987546267074463
9526,0.469311377245509,0.9999915184054097
9527,0.48952095808383234,0.9981372300012669
9528,0.008483033932135729,0.998277334131083
9529,0.469560878243513,0.9999687944628326
9530,0.000249500998003992,0.0
9531,0.010978043912175649,0.8587263084049301
9532,0.0014970059880239522,0.2644556039353856
9533,0.00249500998003992,2.263995621424753e-06
9534,0.002245508982035928,0.047960458925476075
9535,0.0074850299401197605,0.6162714976382037
9536,0.00499001996007984,0.9999999963498283
9537,0.004740518962075849,0.6452615801422873
9538,0.006487025948103792,0.6657661572975616
9539,0.003243512974051896,0.9999999998384612
9540,0.0007485029940119761,0.0
9541,0.003243512974051896,2.3242417963376486e-05
9542,0.00124750499001996,0.9994351952662034
9543,0.000249500998003992,2.702532840211405e-05
9544,0.012974051896207584,0.9830708150725713
9545,0.1467065868263473,0.9070309189206708
9546,0.4184131736526946,0.7406445549760473
9547,0.005239520958083832,1.8391910401708317e-06
9548,0.000249500998003992,0.0
9549,0.000249500998003992,0.0
9550,0.004740518962075849,0.7466153164061914
9551,0.012974051896207584,0.951285812752509
9552,0.000499001996007984,5.50068962713282e-05
9553,0.000249500998003992,0.0
9554,0.000249500998003992,0.0
9555,0.000249500998003992,0.0
9556,0.0007485029940119761,0.0
9557,0.000499001996007984,0.0
9558,0.10454091816367266,0.8915695983435541
9559,0.000249500998003992,0.0
9560,0.000499001996007984,0.0
9561,0.009481037924151697,0.9999999871254956
9562,0.26771457085828343,0.9896712599228012
9563,0.035179640718562874,0.908690768475714
9564,0.32609780439121755,0.999983486214987
9565,0.3250998003992016,0.9994323343879152
9566,0.12225548902195608,0.9721744947237907
9567,0.00249500998003992,0.0
9568,0.3231037924151697,0.9999998056930127
9569,0.00249500998003992,0.0
9570,0.4628243512974052,0.9930015217160553
9571,0.0074850299401197605,0.9944103731855787
9572,0.028942115768463075,0.9833066902201305
9573,0.4448602794411178,0.9929019954733023
9574,0.003243512974051896,0.9136502730527184
9575,0.3236027944111776,0.9951762137989152
9576,0.018463073852295408,0.6941133100086173
9577,0.32285429141716565,0.9999950306640909
9578,0.124750499001996,0.995449695657229
9579,0.001996007984031936,0.0
9580,0.18837325349301398,0.9972028489193179
9581,0.005738522954091816,0.9999996109085824
9582,0.02370259481037924,0.9964174670892842
9583,0.343562874251497,0.9996915921331346
9584,0.009730538922155689,0.999996143325638
9585,0.003493013972055888,0.9999999304205264
9586,0.000249500998003992,0.0
9587,0.000499001996007984,0.0
9588,0.001996007984031936,0.6023618151210415
9589,0.18937125748502995,0.9711074123694676
9590,0.009730538922155689,0.9999961433261585
9591,0.000249500998003992,0.0
9592,0.3315868263473054,0.9991307408780085
9593,0.2871756487025948,0.9998574684116118
9594,0.0007485029940119761,0.0
9595,0.026696606786427147,0.7424755472693415
9596,0.07135728542914171,0.9759217951846146
9597,0.000249500998003992,0.0
9598,0.04840319361277445,0.9676265263822166
9599,0.04840319361277445,0.9994518350096956
9600,0.04091816367265469,0.9999592183346186
9601,0.004740518962075849,0.9999999990651685
9602,0.0658682634730539,0.9999998645123126
9603,0.0658682634730539,0.9999998645191416
9604,0.0656187624750499,0.9999999385197654
9605,0.09306387225548902,0.9940663184131254
9606,0.0062375249500998,0.15055503440741802
9607,0.06761477045908183,0.99980066237247
9608,0.06736526946107785,0.9999849908112846
9609,0.02944111776447106,0.742245393786723
9610,0.07934131736526946,0.9881082439002309
9611,0.3962075848303393,0.9904727065622192
9612,0.07909181636726546,0.99845154433913
9613,0.013722554890219561,0.48563010335992246
9614,0.34530938123752497,0.95560857060671
9615,0.001746506986027944,0.0
9616,0.0027445109780439123,0.0
9617,0.023952095808383235,0.99999994728369
9618,0.000249500998003992,0.0
9619,0.38448103792415167,0.9866294395372295
9620,0.003243512974051896,0.24706634477651376
9621,0.000249500998003992,0.0
9622,0.011477045908183632,0.9999999488211408
9623,0.0249500998003992,0.9999998829733702
9624,0.4880239520958084,0.9793466593771152
9625,0.3690119760479042,0.9825951218157294
9626,0.000249500998003992,0.0
9627,0.3615269461077844,0.9990053209224051
9628,0.09580838323353294,0.7917073417625972
9629,0.0074850299401197605,0.747808205226924
9630,0.34930139720558884,0.9984363859563321
9631,0.36327345309381237,0.9994100270543937
9632,0.000249500998003992,0.0
9633,0.021956087824351298,0.9551710395835717
9634,0.49401197604790414,0.9850846416291498
9635,0.3507984031936128,0.9981110351542869
9636,0.36127744510978044,0.9994642583174115
9637,0.011477045908183632,0.9970299329128551
9638,0.36127744510978044,0.9906863900666457
9639,0.00124750499001996,0.0
9640,0.03792415169660679,0.935447910111187
9641,0.3615269461077844,0.9994621054945185
9642,0.023203592814371257,0.9309584229802487
9643,0.0054890219560878245,0.9976956941847839
9644,0.4932634730538922,0.9887783064284864
9645,0.013722554890219561,0.4579065156141084
9646,0.000249500998003992,0.0
9648,0.44835329341317365,0.9601216850283416
9649,0.006487025948103792,0.9987135764941826
9650,0.3627744510978044,0.9573241216976952
9651,0.000249500998003992,0.0
9652,0.000249500998003992,0.0
9653,0.38672654690618763,0.9920873088759493
9654,0.000998003992015968,0.0
9656,0.0037425149700598802,0.0
9657,0.038922155688622756,0.9982378778727453
9658,0.01222554890219561,0.9999797747502159
9659,0.00124750499001996,0.0
9660,0.000249500998003992,0.0
9661,0.469311377245509,0.9998018597337363
9663,0.004740518962075849,0.9999999990651667
9664,0.03792415169660679,0.9999999903544134
9665,0.01222554890219561,0.9999797747696235
9667,0.3393213572854291,0.9973196573681741
9668,0.03542914171656686,0.8482677003800663
9669,0.00124750499001996,0.0
9670,0.003992015968063872,0.9999999870941978
9671,0.46881237524950103,0.9994012963383816
9672,0.03093812375249501,0.9403792729767602
9673,0.005239520958083832,0.9999999994118687
9674,0.000249500998003992,0.0
9675,0.0007485029940119761,0.0
9677,0.07609780439121756,0.8418929562150334
9678,0.03567864271457086,0.9326131912648483
9679,0.02844311377245509,0.90955236619333
9680,0.0014970059880239522,0.4418175131166387
9681,0.48278443113772457,0.9912501367752866
9682,0.01222554890219561,0.9999797747481187
9683,0.40144710578842313,0.9999671306294564
9684,0.003493013972055888,0.9750793970715597
9685,0.36352295409181634,0.9999645799625766
9686,0.08258483033932136,0.9731119440975411
9687,0.4466067864271457,0.9999763392708261
9688,0.08033932135728543,0.9953394902369843
9689,0.01472055888223553,0.42184747881378415
9690,0.000499001996007984,0.0
9691,0.002245508982035928,0.999851596715615
9693,0.4930139720558882,0.9976953216527075
9694,0.36402195608782434,0.9999698863127333
9695,0.000249500998003992,0.0
9696,0.011477045908183632,0.727453282586329
9697,0.36227544910179643,0.9992131801605163
9698,0.018962075848303395,0.8408559198487431
9699,0.00499001996007984,0.9262528365936457
9700,0.004740518962075849,0.6594331659616289
9701,0.03792415169660679,0.999737331005079
9702,0.49276447105788423,0.9664028279409556
9703,0.019461077844311378,0.8172846978059498
9704,0.001996007984031936,2.907547037401383e-05
9705,0.010229540918163672,0.7979466699649571
9706,0.02944111776447106,0.7001174850435835
9707,0.4718063872255489,0.9821606434404254
9708,0.35503992015968067,0.9389715211545836
9709,0.000249500998003992,0.999999999974102
9710,0.000499001996007984,0.0
9711,0.000998003992015968,0.49899210638100483
9713,0.019461077844311378,0.6897598165988341
9714,0.000249500998003992,0.0
9715,0.36601796407185627,0.9889755548763327
9716,0.000249500998003992,0.0
9717,0.3405688622754491,0.9995592401281658
9718,0.1062874251497006,0.6763108560417482
9719,0.010978043912175649,0.2050907057338032
9720,0.10354291417165669,0.4796572551623034
9721,0.3338323353293413,0.965852095209447
9722,0.44835329341317365,0.8009923826867367
9723,0.000249500998003992,0.0
9724,0.004491017964071856,3.851783636179538e-05
9725,0.3787425149700599,0.825908295876688
9726,0.0037425149700598802,0.035072369094302856
9727,0.1781437125748503,0.98443746519172
9728,0.003243512974051896,0.9999999727703419
9729,0.15194610778443113,0.99852044433354
9730,0.003243512974051896,0.9999999727703699
9731,0.19760479041916168,0.9999999999984779
9732,0.19785429141716568,0.9857242711360522
9733,0.19760479041916168,0.9999999999984792
9734,0.003992015968063872,0.0
9735,0.19760479041916168,0.9999999999984768
9736,0.19760479041916168,0.9999999999984788
9737,0.19760479041916168,0.9999999999984763
9738,0.15568862275449102,0.829732461648449
9739,0.019211576846307386,0.5613358519704971
9740,0.16841317365269462,0.999993830152768
9741,0.16841317365269462,0.9999938301527527
9742,0.19760479041916168,0.9999999999984783
9743,0.000249500998003992,0.0
9744,0.000249500998003992,0.9999999999740479
9745,0.49476047904191617,0.9982059826059464
9746,0.47330339321357284,0.9986110683251204
9747,0.19760479041916168,0.9999999999984797
9748,0.19710578842315368,0.971291461352951
9749,0.15094810379241516,0.9999999978390202
9750,0.19760479041916168,0.9999999999984746
9751,0.19760479041916168,0.999999999998475
9753,0.1474550898203593,0.9999999941173772
9754,0.19760479041916168,0.9999999999984746
9755,0.15094810379241516,0.999999981620667
9756,0.11926147704590818,0.9999999934203518
9757,0.000249500998003992,0.0
9758,0.19760479041916168,0.9999999999984774
9759,0.19760479041916168,0.9999999999984779
9760,0.19760479041916168,0.9999999999984726
9761,0.000998003992015968,0.0
9762,0.19760479041916168,0.9999999999984803
9763,0.000249500998003992,0.0
9764,0.19785429141716568,0.9999999911237827
9765,0.19760479041916168,0.9999999999984721
9766,0.19760479041916168,0.9999999999984726
9767,0.19760479041916168,0.9999999999984768
9768,0.19760479041916168,0.9999999999984726
9769,0.002245508982035928,0.0
9770,0.19760479041916168,0.9999999999984797
9771,0.16092814371257486,0.9999998095451079
9772,0.19760479041916168,0.9999999999984779
9773,0.19760479041916168,0.9999999999984739
9774,0.003493013972055888,0.533236545685596
9775,0.000249500998003992,0.0
9776,0.000998003992015968,0.0
9777,0.19760479041916168,0.9999999999984792
9778,0.11926147704590818,0.9999999934203483
9779,0.4740518962075848,0.9999999977227865
9780,0.1279940119760479,0.9962705903651115
9781,0.0027445109780439123,0.9977200909769942
9782,0.000249500998003992,0.0
9783,0.1279940119760479,0.9959978256051265
9784,0.000249500998003992,0.0
9785,0.005988023952095809,0.15255569941153505
9786,0.1344810379241517,0.9999997893499442
9787,0.19760479041916168,0.9999999999984772
9788,0.10079840319361277,0.9999990461949838
9789,0.15094810379241516,0.9999999978390215
9790,0.000249500998003992,0.0
9791,0.16117764471057885,0.9999985798299624
9792,0.005239520958083832,0.6082579286438335
9793,0.000499001996007984,0.0
9794,0.0014970059880239522,0.005734440605766215
9795,0.19810379241516965,0.9999999999776421
9796,0.000499001996007984,0.0
9797,0.11926147704590818,0.9999999934203498
9798,0.19835329341317365,0.9999999940249016
9799,0.3657684630738523,0.9999472211414048
9800,0.1412175648702595,0.999999999362488
9801,0.1279940119760479,0.9959978251321828
9802,0.15094810379241516,0.9999999978390255
9803,0.16042914171656686,0.9997952073074073
9804,0.1282435129740519,0.9962641197754367
9805,0.19810379241516965,0.9999999999776448
9806,0.19810379241516965,0.9999999999776434
9807,0.001996007984031936,0.0
9808,0.47030938123752497,0.9856978622795101
9809,0.19810379241516965,0.999999999977641
9810,0.11901197604790419,0.9999829585283954
9811,0.000499001996007984,2.633804191942363e-05
9812,0.000249500998003992,0.0
9813,0.19810379241516965,0.999999999977643
9814,0.01122754491017964,0.18101054546031248
9815,0.15868263473053892,0.999999981600744
9816,0.0007485029940119761,0.0
9818,0.36052894211576847,0.9999999999983438
9819,0.15868263473053892,0.99999998160072
9820,0.36052894211576847,0.9999999999983382
9821,0.16217564870259482,0.9999894473655871
9822,0.36077844311377244,0.9999999905464312
9823,0.10079840319361277,0.9999701353108003
9824,0.16192614770459082,0.999989266278681
9825,0.31736526946107785,0.9948044280393831
9826,0.000249500998003992,0.0
9827,0.2058383233532934,0.9999999990797308
9828,0.1596806387225549,0.9954760407625199
9829,0.1591816367265469,0.9999537408379492
9830,0.1596806387225549,0.995478363944684
9831,0.000249500998003992,0.0
9832,0.4770459081836327,0.9999948794768907
9833,0.47679640718562877,0.9999999481558526
9834,0.1220059880239521,0.9999999454490064
9835,0.000499001996007984,0.0
9836,0.12250499001996008,0.9959514240366037
9837,0.47679640718562877,0.9999999481558854
9838,0.022704590818363273,0.644689449790317
9839,0.47554890219560875,0.9999994423305971
9840,0.47554890219560875,0.9999994423305938
9841,0.47554890219560875,0.9999994423305958
9842,0.000249500998003992,0.0
9843,0.39096806387225547,0.991839033929134
9844,0.4780439121756487,0.9999999948767502
9845,0.4897704590818363,0.9999995121910878
9846,0.15843313373253493,0.9999999927665304
9847,0.23253493013972057,0.9899263014579821
9848,0.47754491017964074,0.9999999960421073
9849,0.006986027944111776,0.8511136574798578
9850,0.4770459081836327,0.9999779671186627
9851,0.009481037924151697,0.9999987551719017
9853,0.47779441117764476,0.9998750217276637
9854,0.04615768463073852,0.9318329468896352
9855,0.2432634730538922,0.9998559961608237
9856,0.24276447105788423,0.9999999758181702
9857,0.0007485029940119761,4.028922187161486e-06
9858,0.27944111776447106,0.9933517105661046
9859,0.13897205588822356,0.999997344298199
9860,0.2118263473053892,0.989395959848828
9861,0.1601796407185629,0.9999999953754071
9863,0.24426147704590817,0.9999999469261431
9864,0.10678642714570859,0.9999999895571619
9865,0.2899201596806387,0.9999753210884491
9866,0.2904191616766467,0.9999939458171403
9867,0.0007485029940119761,0.9884902242866378
9868,0.14945109780439123,0.9999999985956163
9869,0.002245508982035928,0.9892356288301934
9870,0.23478043912175647,0.9997237261208936
9871,0.26072854291417163,0.9902308549415625
9872,0.000499001996007984,4.4201390994122025e-06
9873,0.009481037924151697,0.9999987551719004
9874,0.2906686626746507,0.9999998893853037
9875,0.1501996007984032,0.9941413489194374
9876,0.0007485029940119761,0.0
9877,0.2337824351297405,0.9999478575956743
9878,0.2871756487025948,0.9881972881417685
9879,0.020459081836327345,0.06675031601532722
9880,0.003992015968063872,0.0
9881,0.029940119760479042,0.791535366086744
9882,0.000499001996007984,1.7283464099201957e-05
9883,0.25748502994011974,0.9999946247432228
9884,0.11302395209580839,0.9522489678647736
9885,0.001996007984031936,0.23544507302131892
9886,0.49101796407185627,0.9999977170555086
9887,0.49051896207584833,0.9999999963631949
9888,0.000499001996007984,4.020253504622632e-06
9889,0.49051896207584833,0.9999999963631876
9890,0.23353293413173654,0.9999463822443794
9891,0.25773453093812376,0.9999745061225338
9892,0.249750499001996,0.9997840010619216
9893,0.000499001996007984,0.0
9894,0.23303393213572854,0.999979571010571
9895,0.000499001996007984,0.0
9896,0.001996007984031936,1.8944092124741738e-05
9897,0.12225548902195608,0.9939124694852578
9898,0.2587325349301397,0.999999047908196
9899,0.49226546906187624,0.9999996236719618
9900,0.2587325349301397,0.999999047908075
9901,0.15119760479041916,0.999999996642053
9902,0.2342814371257485,0.9938691983687473
9903,0.23478043912175647,0.9952031792941669
9904,0.47355289421157687,0.9938340765515462
9905,0.000499001996007984,0.0
9906,0.05089820359281437,0.8374430865446969
9907,0.23502994011976047,0.9970879450598266
9908,0.23478043912175647,0.9753807198529156
9909,0.2587325349301397,0.9883764115903735
9911,0.12325349301397205,0.9989785912912099
9912,0.16192614770459082,0.999999996890998
9913,0.000249500998003992,0.0
9914,0.22954091816367264,0.989097054550221
9916,0.1472055888223553,0.9999998785854155
9917,0.16217564870259482,0.9999999968904152
9918,0.14770459081836326,0.9985485851297621
9919,0.000249500998003992,0.0
9920,0.29416167664670656,0.9913267839487188
9921,0.12325349301397205,0.9820475780408652
9922,0.000249500998003992,0.0
9923,0.4740518962075848,0.9908925634807506
9924,0.156936127744511,0.9978236010625096
9925,0.29416167664670656,0.9861548528499209
9926,0.009231536926147704,0.6646387923342173
9927,0.000499001996007984,0.0
9928,0.000499001996007984,0.0
9929,0.10703592814371257,0.9999992056725026
9930,0.000249500998003992,0.0
9931,0.000249500998003992,0.0
9932,0.000249500998003992,0.0
9933,0.00499001996007984,0.04005763950142005
9934,0.12300399201596807,0.9783180411406612
9935,0.15843313373253493,0.9999999680305673
9936,0.12300399201596807,0.9977255984553749
9937,0.13373253493013973,0.9808198917279235
9938,0.4718063872255489,0.9867309957823139
9939,0.003243512974051896,2.6388825162933312e-05
9940,0.001996007984031936,0.0
9941,0.00124750499001996,0.0
9942,0.10329341317365269,0.9609623337746157
9943,0.1312375249500998,0.9799250537080066
9944,0.000499001996007984,0.0
9945,0.13073852295409183,0.9560135177130619
9947,0.018463073852295408,0.6389019317006843
9948,0.17340319361277445,0.9962135696560247
9949,0.001746506986027944,0.0
9950,0.04565868263473054,0.9266593021033176
9951,0.003493013972055888,0.3786348079726331
9952,0.000998003992015968,0.08339396285181908
9953,0.4725548902195609,0.9990312674952575
9954,0.3859780439121756,0.9659644344678818
9955,0.004740518962075849,0.995959888119742
9956,0.12624750499001997,0.9999964170150977
9957,0.0007485029940119761,0.0
9958,0.000499001996007984,0.9999998302400878
9960,0.01222554890219561,0.07255270140909038
9961,0.125249500998004,0.9999999705901954
9962,0.009730538922155689,0.7379920932620632
9963,0.125249500998004,0.9999999705901872
9964,0.2654690618762475,0.9780633797987429
9965,0.000998003992015968,0.0
9966,0.30588822355289425,0.9487692136226733
9967,0.009481037924151697,0.7442576444460008
9968,0.0037425149700598802,0.9146077334488778
9970,0.000998003992015968,0.0
9971,0.000499001996007984,0.0
9973,0.00124750499001996,0.0
9974,0.000998003992015968,0.9999998599861919
9975,0.08258483033932136,0.19616370667199542
9976,0.000249500998003992,0.0
9977,0.000249500998003992,0.0
9978,0.0037425149700598802,0.6368215865751645
9979,0.000499001996007984,0.0
9981,0.000249500998003992,0.0
9982,0.001746506986027944,0.0
9983,0.31786427145708585,0.9365301715432456
9984,0.022704590818363273,0.40127351275494816
9986,0.33682634730538924,0.9387267083281196
9987,0.0054890219560878245,0.0
9988,0.013223552894211578,0.44565398152198654
9989,0.000499001996007984,0.0
9990,0.008982035928143712,0.48906231506920916
9991,0.0007485029940119761,0.0
9992,0.000249500998003992,0.0
9993,0.003992015968063872,0.9986868596414668
9994,0.001996007984031936,0.0
9995,0.000499001996007984,2.300354517531115e-05
9996,0.0007485029940119761,0.0
9997,0.000499001996007984,0.0
9998,0.000249500998003992,0.0
9999,0.007734530938123752,0.6870349689066806
